Blink_Rate,Blink_Duration,Incomplete_Blink_Ratio,Class_Label
22.47,0.17,0.32,Normal
17.39,0.21,0.31,Normal
23.68,0.18,0.06,Normal
30.68,0.26,0.37,Fatigue_Dryness
16.63,0.39,0,Normal
16.63,0.16,0.12,Normal
31.13,0.37,0,Fatigue_Dryness
24.64,0.16,0.56,Fatigue_Dryness
14.74,0.15,0.2,Normal
22.84,0.35,0.68,Fatigue_Dryness
14.79,0.36,0.41,Fatigue_Dryness
14.77,0.35,0.34,Normal
20.44,0.09,0.13,Fatigue_Dryness
3.19,0.19,0.04,Fatigue_Dryness
4.7,0.35,0.36,Fatigue_Dryness
14,0.26,0.24,Normal
10.4,0.12,0,Normal
21.01,0.31,0,Normal
11.24,0.16,0.06,Normal
7.2,0.47,0.61,Fatigue_Dryness
30.23,0.44,0.69,Fatigue_Dryness
16.69,0.32,0.29,Normal
19.04,0.41,0.28,Fatigue_Dryness
7.1,0.26,0.18,Normal
14.14,0.34,0.06,Normal
19.39,0.43,0.53,Fatigue_Dryness
9.29,0.28,0.63,Fatigue_Dryness
21.51,0.22,0.07,Normal
13.69,0.05,0.23,Fatigue_Dryness
16.17,0.24,0.16,Normal
13.69,0.35,0.17,Normal
33.32,0.36,0.49,Fatigue_Dryness
18.39,0.31,0,Normal
10.04,0.19,0.34,Normal
25.08,0.01,0.4,Fatigue_Dryness
8.73,0.19,0.22,Normal
20.17,0.21,0.43,Fatigue_Dryness
2.82,0.21,0.28,Fatigue_Dryness
7.87,0.32,0.49,Fatigue_Dryness
20.07,0.49,0,Fatigue_Dryness
24.41,0.27,0.18,Normal
19.87,0.22,0.24,Normal
17.57,0.22,0,Normal
16.09,0.27,0.03,Normal
6.67,0.15,0.09,Fatigue_Dryness
12.74,0.26,0.44,Fatigue_Dryness
14.81,0.3,0.11,Normal
26.96,0.28,0.09,Normal
21.25,0.31,0.41,Fatigue_Dryness
4.4,0.3,0,Fatigue_Dryness
21.09,0.04,0,Fatigue_Dryness
15.42,0.33,0.18,Normal
13.08,0.17,0,Normal
23.39,0.12,0,Normal
26.75,0.12,0.37,Normal
25.95,0.3,0.43,Fatigue_Dryness
11.79,0.22,0.41,Fatigue_Dryness
16.03,0.05,0.47,Fatigue_Dryness
21.15,0.31,0.5,Fatigue_Dryness
26.3,0.08,0,Fatigue_Dryness
14.67,0.27,0.34,Normal
17.01,0.28,0.14,Normal
9.65,0.36,0.1,Normal
8.93,0.46,0.36,Fatigue_Dryness
25,0.09,0,Fatigue_Dryness
29.35,0.24,0,Normal
17.92,0.22,0.38,Normal
26.53,0.3,0.35,Normal
21.39,0.28,0.28,Normal
13.34,0.21,0.07,Normal
21.39,0.2,0.4,Normal
30.8,0.12,0.39,Fatigue_Dryness
18.21,0.37,0.27,Normal
31.02,0.31,0.02,Fatigue_Dryness
1,0.36,0.17,Fatigue_Dryness
25.08,0.21,0.42,Fatigue_Dryness
19.2,0.17,0.52,Fatigue_Dryness
16.11,0.12,0.19,Normal
19.23,0.29,0.2,Normal
2.6,0.13,0.22,Fatigue_Dryness
16.74,0.47,0.31,Fatigue_Dryness
21.36,0.09,0.13,Fatigue_Dryness
30.32,0.28,0,Fatigue_Dryness
14.35,0.44,0.49,Fatigue_Dryness
12.03,0.32,0.61,Fatigue_Dryness
14.49,0.27,0.13,Normal
25.82,0.13,0.04,Normal
21.13,0.08,0.22,Fatigue_Dryness
14.26,0.34,0.21,Normal
22.61,0.43,0.45,Fatigue_Dryness
19.28,0.2,0.26,Normal
26.25,0.11,0.09,Normal
12.88,0.01,0,Fatigue_Dryness
15.88,0.13,0.42,Fatigue_Dryness
15.36,0.24,0.37,Normal
6.79,0.44,0.46,Fatigue_Dryness
20.87,0.33,0.06,Normal
20.59,0.29,0.62,Fatigue_Dryness
18.54,0.2,0,Normal
16.62,0.18,0.39,Normal
7.18,0.42,0,Fatigue_Dryness
15.13,0.27,0.09,Normal
15.76,0.01,0.56,Fatigue_Dryness
12.08,0.17,0.42,Fatigue_Dryness
17.21,0.15,0.14,Normal
21.73,0.18,0.15,Normal
33.59,0.32,0.27,Fatigue_Dryness
19.9,0.24,0.35,Normal
20.56,0.24,0.5,Fatigue_Dryness
17.9,0.41,0.16,Fatigue_Dryness
3.15,0.17,0,Fatigue_Dryness
18.29,0.47,0.28,Fatigue_Dryness
18.98,0.17,0.16,Normal
38.21,0.26,0,Fatigue_Dryness
16.96,0.22,0.31,Normal
20.91,0.27,0.21,Normal
18.22,0.3,0.31,Normal
9.15,0.3,0.07,Normal
27.64,0.16,0.35,Normal
24.52,0.12,0,Normal
24.83,0.55,0.08,Fatigue_Dryness
11.22,0.19,0.2,Normal
29.72,0.33,0.6,Fatigue_Dryness
7.29,0.06,0.41,Fatigue_Dryness
23.19,0.22,0.47,Fatigue_Dryness
36.02,0.24,0.53,Fatigue_Dryness
10.58,0.31,0.97,Fatigue_Dryness
13.97,0.01,0.26,Fatigue_Dryness
19.3,0.27,0.53,Fatigue_Dryness
14.47,0.11,0.45,Fatigue_Dryness
6.09,0.29,0.45,Fatigue_Dryness
19.05,0.13,0.61,Fatigue_Dryness
10,0.15,0.17,Normal
22.29,0.22,0.15,Normal
11.14,0.12,0.31,Normal
30.9,0.19,0.21,Fatigue_Dryness
12.23,0.11,0.31,Normal
15.92,0.03,0.56,Fatigue_Dryness
25.01,0.37,0.15,Normal
8.65,0.09,0.19,Fatigue_Dryness
20.32,0.23,0.29,Normal
28.96,0.34,0.2,Normal
5.64,0.18,0,Fatigue_Dryness
19.98,0.15,0.13,Normal
20.58,0.28,0.39,Normal
24.75,0.38,0.54,Fatigue_Dryness
8.6,0.11,0.02,Normal
7.94,0.23,0.02,Normal
22.68,0.04,0.26,Fatigue_Dryness
20.88,0.2,0,Normal
20.5,0.25,0.16,Normal
21.27,0.15,0,Normal
13.06,0.2,0.52,Fatigue_Dryness
20.36,0.08,0.1,Fatigue_Dryness
20.84,0.26,0.58,Fatigue_Dryness
12.79,0.38,0.47,Fatigue_Dryness
33.43,0.12,0.12,Fatigue_Dryness
22.29,0.18,0.04,Normal
8.97,0.31,0.21,Normal
23.75,0.4,0.23,Normal
10.7,0.07,0.32,Fatigue_Dryness
24.8,0.23,0.1,Normal
27.77,0.28,0.4,Normal
11.93,0.24,0.3,Normal
26.21,0.01,0.18,Fatigue_Dryness
21.8,0.31,0.11,Normal
25.08,0.43,0.21,Fatigue_Dryness
33.67,0.26,0.09,Fatigue_Dryness
16.54,0.13,0.26,Normal
12.47,0.19,0.27,Normal
11.38,0.46,0.3,Fatigue_Dryness
11.97,0.36,0.6,Fatigue_Dryness
17.88,0.33,0.22,Normal
21.23,0.29,0.45,Fatigue_Dryness
20.71,0.17,0.3,Normal
25.12,0.23,0.2,Normal
18.6,0.24,0.23,Normal
30.13,0.32,0.24,Fatigue_Dryness
16.38,0.43,0.31,Fatigue_Dryness
40.26,0.38,0.06,Fatigue_Dryness
23.51,0.08,0,Fatigue_Dryness
11.64,0.28,0.38,Normal
9.93,0.34,0.43,Fatigue_Dryness
22.36,0.32,0.4,Normal
16.71,0.17,0.28,Normal
24.21,0.6,0.4,Fatigue_Dryness
22.29,0.1,0.39,Fatigue_Dryness
17.92,0.12,0.41,Fatigue_Dryness
11.73,0.28,0.08,Normal
6.38,0.5,0.03,Fatigue_Dryness
14.93,0.15,0.17,Normal
25.35,0.22,0.25,Normal
20.21,0.38,0.2,Normal
8.53,0.25,0,Normal
19.89,0.21,0.59,Fatigue_Dryness
21.58,0.32,0.2,Normal
11.43,0.28,0.29,Normal
19.73,0.37,0.5,Fatigue_Dryness
18.97,0.41,0,Fatigue_Dryness
9.36,0.29,0.15,Normal
21.36,0.29,0.17,Normal
22.99,0.28,0.18,Normal
27.16,0.31,0.22,Normal
26.93,0.26,0.54,Fatigue_Dryness
7.48,0.25,0.39,Normal
11,0.39,0.44,Fatigue_Dryness
22.62,0.43,0.26,Fatigue_Dryness
22.61,0.07,0,Fatigue_Dryness
22.62,0.25,0,Normal
49.32,0.17,0,Fatigue_Dryness
23.07,0.21,0.32,Normal
27.58,0.3,0.26,Normal
26.13,0.33,0.21,Normal
23.71,0.24,0.18,Normal
15.98,0.02,0.65,Fatigue_Dryness
24.57,0.13,0.09,Normal
12.32,0.36,0.44,Fatigue_Dryness
16.61,0.01,0.25,Fatigue_Dryness
14.62,0.39,0.24,Normal
19.15,0.31,0.49,Fatigue_Dryness
37.02,0.41,0.54,Fatigue_Dryness
3.56,0.23,0.2,Fatigue_Dryness
23.99,0.01,0.41,Fatigue_Dryness
5.6,0.3,0.32,Fatigue_Dryness
14.72,0.4,0.25,Fatigue_Dryness
27.21,0.36,0.29,Normal
19.01,0.17,0.11,Normal
9.88,0.26,0.19,Normal
12.78,0.19,0.13,Normal
23.94,0.15,0.43,Fatigue_Dryness
12.66,0.37,0.23,Normal
20.23,0.11,0,Normal
18.86,0.14,0.11,Normal
13.29,0.12,0,Normal
35.65,0.07,0.15,Fatigue_Dryness
23.57,0.27,0.26,Normal
2.3,0.39,0.22,Fatigue_Dryness
19.99,0.23,0.65,Fatigue_Dryness
13.21,0.07,0.37,Fatigue_Dryness
25.32,0.35,0.36,Normal
12.16,0.45,0,Fatigue_Dryness
17.58,0.17,0.18,Normal
22.54,0.19,0.15,Normal
25.43,0.31,0.09,Normal
8.9,0.45,0.09,Fatigue_Dryness
15.82,0.19,0,Normal
14.7,0.09,0,Fatigue_Dryness
13.27,0.33,0.43,Fatigue_Dryness
32.62,0.35,0.22,Fatigue_Dryness
21.74,0.25,0.15,Normal
8.41,0.18,0.25,Normal
25.84,0.37,0.48,Fatigue_Dryness
35.48,0.31,0.25,Fatigue_Dryness
26.76,0.16,0.36,Normal
6.35,0.26,0.08,Fatigue_Dryness
14.63,0.09,0.13,Fatigue_Dryness
28.64,0.33,0.32,Normal
12.84,0.22,0.63,Fatigue_Dryness
22.05,0.2,0.54,Fatigue_Dryness
24.7,0.25,0.37,Normal
11.08,0.26,0.28,Normal
18.02,0.36,0.53,Fatigue_Dryness
1,0.32,0.41,Fatigue_Dryness
10.3,0.23,0,Normal
16.48,0.34,0.04,Normal
8.52,0.3,0.32,Normal
31.56,0.2,0,Fatigue_Dryness
7.06,0.24,0.07,Normal
14.98,0.23,0.11,Normal
19.55,0.31,0.2,Normal
30.03,0.21,0.19,Fatigue_Dryness
7.01,0.2,0.19,Normal
27.81,0.49,0.42,Fatigue_Dryness
18.58,0.36,0.2,Normal
10.65,0.16,0.17,Normal
22.2,0.32,0,Normal
20.09,0.26,0.46,Fatigue_Dryness
13.7,0.3,0.12,Normal
19.06,0.27,0.03,Normal
15.42,0.39,0.29,Normal
19.41,0.29,0.1,Normal
23.8,0.24,0.15,Normal
31.19,0.38,0.3,Fatigue_Dryness
8.6,0.28,0.19,Normal
35.56,0.27,0.71,Fatigue_Dryness
2.88,0.29,0.24,Fatigue_Dryness
17.29,0.24,0.37,Normal
23.21,0.25,0,Normal
20.75,0.18,0.08,Normal
13.52,0.16,0.03,Normal
16.84,0.13,0.06,Normal
14.56,0.08,0.33,Fatigue_Dryness
13.79,0.14,0.46,Fatigue_Dryness
25.3,0.23,0.32,Normal
21.36,0.26,0.21,Normal
12.96,0.22,0.12,Normal
25.7,0.01,0.47,Fatigue_Dryness
20.96,0.44,0.66,Fatigue_Dryness
25,0.38,0.28,Normal
23.54,0.3,0.44,Fatigue_Dryness
11.87,0.48,0.32,Fatigue_Dryness
14.02,0.13,0.4,Fatigue_Dryness
24.48,0.48,0.02,Fatigue_Dryness
23.38,0.13,0.15,Normal
18.33,0.28,0.33,Normal
19.44,0.1,0.49,Fatigue_Dryness
28.72,0.25,0.09,Normal
13.77,0.3,0,Normal
22.88,0.23,0.15,Normal
16.88,0.34,0.45,Fatigue_Dryness
16.76,0.26,0,Normal
27.29,0.19,0.02,Normal
25.1,0.18,0.28,Normal
25.01,0.35,0.23,Normal
28.94,0.17,0.37,Normal
18.67,0.36,0,Normal
23.96,0.4,0.19,Normal
16.02,0.05,0.49,Fatigue_Dryness
21.09,0.39,0.01,Normal
17.46,0.5,0.55,Fatigue_Dryness
19.28,0.28,0.04,Normal
23.26,0.32,0.42,Fatigue_Dryness
11.95,0.37,0.18,Normal
35.24,0.22,0.02,Fatigue_Dryness
10.45,0.27,0.15,Normal
8.79,0.09,0.36,Fatigue_Dryness
27.76,0.27,0.25,Normal
24.83,0.31,0.47,Fatigue_Dryness
23.49,0.31,0.54,Fatigue_Dryness
23.53,0.38,0.01,Normal
18.4,0.16,0,Normal
11.32,0.19,0,Normal
19.11,0.48,0.07,Fatigue_Dryness
13.08,0.23,0.47,Fatigue_Dryness
26.3,0.27,0.36,Normal
17.32,0.24,0.14,Normal
11.9,0.15,0.25,Normal
15.93,0.45,0.53,Fatigue_Dryness
21.8,0.19,0.63,Fatigue_Dryness
13.99,0.12,0.3,Normal
11.92,0.2,0,Normal
20.45,0.01,0.31,Fatigue_Dryness
20.46,0.17,0.44,Fatigue_Dryness
14.44,0.13,0.3,Normal
14.73,0.32,0.4,Normal
20.36,0.17,0.32,Normal
6.92,0.36,0,Fatigue_Dryness
7.24,0.42,0.07,Fatigue_Dryness
12.75,0.34,0.19,Normal
16.79,0.22,0.46,Fatigue_Dryness
20.99,0.27,0.1,Normal
30.3,0.07,0.34,Fatigue_Dryness
25.36,0.23,0.31,Normal
17.22,0.15,0.57,Fatigue_Dryness
18.35,0.33,0.24,Normal
10.48,0.56,0,Fatigue_Dryness
18.35,0.31,0.38,Normal
16.19,0.01,0.68,Fatigue_Dryness
21.08,0.21,0.39,Normal
11.88,0.27,0.09,Normal
22.65,0.26,0.03,Normal
30.76,0.16,0.06,Fatigue_Dryness
17.63,0.28,0.65,Fatigue_Dryness
21.71,0.1,0.19,Normal
24.02,0.14,0.12,Normal
15.29,0.33,0.22,Normal
20.29,0.13,0.19,Normal
18.6,0.32,0.56,Fatigue_Dryness
19.28,0.09,0.05,Fatigue_Dryness
12.32,0.46,0.49,Fatigue_Dryness
18.7,0.16,0.27,Normal
22.48,0.22,0.49,Fatigue_Dryness
30.11,0.29,0.57,Fatigue_Dryness
26.17,0.18,0.27,Normal
35.73,0.27,0.19,Fatigue_Dryness
12.36,0.32,0.26,Normal
25.48,0.37,0.23,Normal
19.97,0.35,0,Normal
36.02,0.23,0.56,Fatigue_Dryness
12.03,0.23,0.3,Normal
11.78,0.53,0.02,Fatigue_Dryness
13.7,0.36,0,Normal
1.51,0.14,0,Fatigue_Dryness
14.29,0.26,0.4,Fatigue_Dryness
12.43,0.21,0.13,Normal
19.7,0.23,0.16,Normal
21.23,0.1,0.35,Normal
33.51,0.2,0.15,Fatigue_Dryness
26.1,0.47,0.36,Fatigue_Dryness
13.88,0.32,0.27,Normal
11.31,0.01,0.23,Fatigue_Dryness
22.44,0.4,0,Normal
7.94,0.38,0.09,Normal
33.15,0.21,0.37,Fatigue_Dryness
27.94,0.34,0.11,Normal
14.75,0.15,0.49,Fatigue_Dryness
4.79,0.19,0.72,Fatigue_Dryness
29.33,0.43,0.38,Fatigue_Dryness
17.58,0.22,0.55,Fatigue_Dryness
28.4,0.03,0.39,Fatigue_Dryness
5.74,0.24,0.14,Fatigue_Dryness
13.7,0.24,0.29,Normal
18.54,0.39,0.65,Fatigue_Dryness
18.88,0.25,0.15,Normal
14.9,0.2,0.04,Normal
23.48,0.38,0.02,Normal
9.96,0.26,0.21,Normal
17.36,0.16,0.05,Normal
19.46,0.39,0.59,Fatigue_Dryness
22.62,0.27,0.29,Normal
24.19,0.25,0.44,Fatigue_Dryness
9.5,0.27,0.19,Normal
6.23,0.12,0.02,Fatigue_Dryness
28.72,0.19,0,Normal
21.16,0.25,0.07,Normal
12.51,0.23,0.32,Normal
30.91,0.4,0.35,Fatigue_Dryness
19.43,0.28,0.37,Normal
27.93,0.35,0,Normal
19.04,0.25,0.25,Normal
34.99,0.38,0.05,Fatigue_Dryness
32.54,0.3,0.33,Fatigue_Dryness
16.51,0.25,0.35,Normal
26.27,0.25,0.02,Normal
23.66,0.14,0.44,Fatigue_Dryness
29.45,0.31,0.72,Fatigue_Dryness
10.78,0.25,0.42,Fatigue_Dryness
23.99,0.19,0.22,Normal
26.97,0.38,0.19,Normal
4.43,0.1,0.21,Fatigue_Dryness
9.03,0.2,0.1,Normal
2.19,0.37,0.3,Fatigue_Dryness
16.34,0.29,0.02,Normal
24.24,0.24,0,Normal
30.52,0.28,0.29,Fatigue_Dryness
19.09,0.27,0.25,Normal
31.53,0.07,0.14,Fatigue_Dryness
7.46,0.21,0,Normal
4.87,0.44,0.31,Fatigue_Dryness
18.06,0.17,0.05,Normal
21.57,0.21,0.22,Normal
18.24,0.19,0.6,Fatigue_Dryness
1.96,0.24,0.38,Fatigue_Dryness
17.79,0.18,0,Normal
8.06,0.31,0,Normal
23.86,0.27,0.28,Normal
21.43,0.34,0,Normal
10.98,0.12,0,Normal
14.39,0.21,0.36,Normal
10.03,0.22,0.31,Normal
18,0.31,0.34,Normal
26.14,0.16,0.3,Normal
10.61,0.36,0.24,Normal
22.53,0.39,0.12,Normal
14.26,0.13,0.35,Normal
12.16,0.19,0.56,Fatigue_Dryness
17.64,0.19,0.15,Normal
10.22,0.57,0.05,Fatigue_Dryness
14.07,0.2,0.02,Normal
8.92,0.45,0.08,Fatigue_Dryness
34.22,0.1,0.29,Fatigue_Dryness
18.78,0.13,0,Normal
12.9,0.17,0.34,Normal
20.21,0.15,0.38,Normal
17.6,0.22,0,Normal
16.73,0.17,0.05,Normal
23.41,0.15,0.27,Normal
24.56,0.39,0.22,Normal
14.26,0.4,0.35,Normal
13.89,0.36,0.22,Normal
16.3,0.31,0.5,Fatigue_Dryness
1,0.26,0.19,Fatigue_Dryness
6.38,0.19,0.05,Fatigue_Dryness
29.43,0.14,0.04,Normal
31.66,0.29,0.4,Fatigue_Dryness
16.51,0.11,0.26,Normal
23.11,0.13,0.38,Normal
20.99,0.39,0.37,Normal
43.13,0.48,0,Fatigue_Dryness
27.46,0.3,0.02,Normal
17.48,0.38,0.05,Normal
10.86,0.22,0.09,Normal
5.65,0.09,0.17,Fatigue_Dryness
20.13,0.32,0.45,Fatigue_Dryness
12.45,0.32,0.49,Fatigue_Dryness
7.12,0.26,0.19,Normal
13.33,0.22,0.2,Normal
9.85,0.37,0.11,Normal
32,0.13,0.27,Fatigue_Dryness
25.55,0.16,0.29,Normal
18.44,0.13,0.41,Fatigue_Dryness
30.34,0.26,0.41,Fatigue_Dryness
19.12,0.12,0,Normal
11.61,0.17,0.22,Normal
30.68,0.17,0.53,Fatigue_Dryness
22.81,0.22,0.16,Normal
10.2,0.07,0.48,Fatigue_Dryness
16.98,0.26,0.19,Normal
11.5,0.4,0.29,Normal
7.44,0.27,0.02,Normal
25.91,0.44,0.03,Fatigue_Dryness
33.78,0.41,0.4,Fatigue_Dryness
7.31,0.34,0.43,Fatigue_Dryness
23,0.26,0.26,Normal
13.29,0.25,0,Normal
14.6,0.34,0.26,Normal
13.76,0.2,0.5,Fatigue_Dryness
11.59,0.02,0.6,Fatigue_Dryness
18.89,0.31,0.19,Normal
11.85,0.11,0,Normal
20.66,0.14,0.42,Fatigue_Dryness
18.1,0.25,0.2,Normal
16.59,0.24,0.44,Fatigue_Dryness
11.24,0.08,0.31,Fatigue_Dryness
13.89,0.27,0.07,Normal
24.54,0.37,0.26,Normal
22.51,0.12,0.51,Fatigue_Dryness
10.68,0.4,0.22,Fatigue_Dryness
19.29,0.06,0.04,Fatigue_Dryness
24.51,0.5,0,Fatigue_Dryness
5.14,0.2,0.1,Fatigue_Dryness
22.85,0.27,0.17,Normal
13.2,0.02,0.41,Fatigue_Dryness
23.06,0.24,0.03,Normal
12.39,0.28,0.56,Fatigue_Dryness
4.06,0.24,0,Fatigue_Dryness
5.48,0.18,0.72,Fatigue_Dryness
18.88,0.14,0.6,Fatigue_Dryness
20.58,0.39,0.28,Normal
11.27,0.25,0,Normal
23.61,0.44,0.24,Fatigue_Dryness
5.21,0.19,0.17,Fatigue_Dryness
17.97,0.2,0,Normal
8.81,0.35,0.31,Normal
13.29,0.06,0.09,Fatigue_Dryness
18.88,0.1,0.11,Normal
11.62,0.38,0.21,Normal
15.42,0.11,0.14,Normal
26.55,0.03,0.67,Fatigue_Dryness
13.88,0.47,0.14,Fatigue_Dryness
25.19,0.08,0.34,Fatigue_Dryness
9.46,0.27,0.28,Normal
22.74,0.26,0.32,Normal
30.03,0.01,0.34,Fatigue_Dryness
1,0.22,0.43,Fatigue_Dryness
12.12,0.3,0.3,Normal
23.12,0.29,0.3,Normal
16.88,0.36,0.26,Normal
21.47,0.2,0.22,Normal
13.67,0.34,0.07,Normal
19.19,0.17,0.24,Normal
17.25,0.08,0.3,Fatigue_Dryness
27.84,0.09,0.33,Fatigue_Dryness
20.54,0.08,0.29,Fatigue_Dryness
21.2,0.37,0.2,Normal
15.2,0.07,0.24,Fatigue_Dryness
14.6,0.28,0.14,Normal
15.04,0.22,0.31,Normal
21.66,0.24,0.21,Normal
15.13,0.41,0.29,Fatigue_Dryness
20.82,0.2,0.45,Fatigue_Dryness
35.1,0.32,0.11,Fatigue_Dryness
25.47,0.26,0.37,Normal
15.89,0.23,0.26,Normal
28.11,0.53,0.65,Fatigue_Dryness
15.24,0.08,0.21,Fatigue_Dryness
2.2,0.41,0.39,Fatigue_Dryness
10.44,0.33,0.25,Normal
3.53,0.19,0,Fatigue_Dryness
15.69,0.45,0.15,Fatigue_Dryness
18.65,0.03,0.43,Fatigue_Dryness
31.91,0.19,0.16,Fatigue_Dryness
21.12,0.11,0,Normal
16.75,0.3,0.24,Normal
25.14,0.12,0.03,Normal
1,0.3,0.28,Fatigue_Dryness
20.38,0.23,0.56,Fatigue_Dryness
24.67,0.19,0.4,Fatigue_Dryness
6.67,0.3,0.56,Fatigue_Dryness
27.65,0.22,0.14,Normal
21.21,0.12,0.22,Normal
15.18,0.59,0.04,Fatigue_Dryness
23.56,0.19,0.11,Normal
36.67,0.01,0.07,Fatigue_Dryness
19.95,0.15,0,Normal
20.49,0.1,0.52,Fatigue_Dryness
14.83,0.35,0,Normal
11.7,0.29,0.52,Fatigue_Dryness
25.14,0.3,0.5,Fatigue_Dryness
11.65,0.21,0.35,Normal
19.07,0.22,0.03,Normal
14.68,0.21,0,Normal
22.33,0.24,0.14,Normal
21.17,0.35,0.38,Normal
26.8,0.29,0.25,Normal
14.42,0.31,0.04,Normal
16.34,0.31,0.48,Fatigue_Dryness
10.67,0.36,0.59,Fatigue_Dryness
14.95,0.29,0.21,Normal
21.52,0.29,0.27,Normal
24.56,0.39,0,Normal
11.12,0.17,0.17,Normal
25.46,0.15,0.35,Normal
29.35,0.11,0.32,Normal
21.81,0.27,0.15,Normal
33.51,0.03,0.2,Fatigue_Dryness
12.31,0.31,0.16,Normal
8.54,0.24,0.19,Normal
4.27,0.39,0.34,Fatigue_Dryness
30.47,0.17,0,Fatigue_Dryness
23.73,0.23,0.24,Normal
18.06,0.39,0.32,Normal
20.74,0.42,0.14,Fatigue_Dryness
9.5,0.17,0.15,Normal
38.07,0.27,0.16,Fatigue_Dryness
19.53,0.29,0.15,Normal
19.38,0.3,0.25,Normal
24.31,0.22,0.28,Normal
22.35,0.4,0,Fatigue_Dryness
20.29,0.02,0.38,Fatigue_Dryness
12.18,0.2,0.19,Normal
22.27,0.3,0.64,Fatigue_Dryness
33.56,0.31,0.01,Fatigue_Dryness
29.26,0.41,0.08,Fatigue_Dryness
31.25,0.39,0.21,Fatigue_Dryness
14.41,0.22,0.33,Normal
10.58,0.41,0,Fatigue_Dryness
17.49,0.16,0.08,Normal
18.95,0.36,0.37,Normal
27.25,0.47,0.06,Fatigue_Dryness
4.96,0.4,0.52,Fatigue_Dryness
30.74,0.26,0.16,Fatigue_Dryness
17.24,0.21,0.07,Normal
15.08,0.07,0.37,Fatigue_Dryness
10.4,0.29,0.57,Fatigue_Dryness
5.26,0.12,0.33,Fatigue_Dryness
25.09,0.16,0.5,Fatigue_Dryness
19.09,0.11,0.59,Fatigue_Dryness
8.18,0.2,0.07,Normal
8.14,0.25,0.44,Fatigue_Dryness
15.81,0.28,0,Normal
31.85,0.18,0.34,Fatigue_Dryness
16.42,0.38,0.24,Normal
6.47,0.23,0.5,Fatigue_Dryness
16.53,0.16,0.48,Fatigue_Dryness
16.32,0.28,0.36,Normal
1,0.49,0.31,Fatigue_Dryness
18.07,0.29,0.35,Normal
16.65,0.21,0.26,Normal
24.07,0.07,0.24,Fatigue_Dryness
33.29,0.22,0.54,Fatigue_Dryness
27.51,0.28,0.56,Fatigue_Dryness
16.35,0.2,0.22,Normal
9.65,0.05,0.3,Fatigue_Dryness
39.09,0.15,0.27,Fatigue_Dryness
18.97,0.43,0,Fatigue_Dryness
18.61,0.42,0.18,Fatigue_Dryness
18.31,0.14,0.57,Fatigue_Dryness
20.08,0.33,0.1,Normal
17.35,0.11,0.67,Fatigue_Dryness
13.91,0.42,0.48,Fatigue_Dryness
14.13,0.28,0.33,Normal
18.24,0.36,0.36,Normal
14.15,0.04,0.07,Fatigue_Dryness
12.8,0.33,0.2,Normal
19.35,0.25,0.54,Fatigue_Dryness
16.46,0.35,0.13,Normal
30.53,0.36,0.46,Fatigue_Dryness
1,0.26,0,Fatigue_Dryness
27.23,0.18,0.01,Normal
28.47,0.34,0.63,Fatigue_Dryness
1.91,0.24,0.25,Fatigue_Dryness
15.76,0.15,0.14,Normal
15.53,0.14,0.52,Fatigue_Dryness
7.24,0.07,0.5,Fatigue_Dryness
12.28,0.19,0.43,Fatigue_Dryness
9.62,0.38,0.14,Normal
32.52,0.27,0.19,Fatigue_Dryness
25.99,0.19,0.31,Normal
28.67,0.35,0.39,Normal
24.27,0.15,0.15,Normal
9.47,0.26,0.28,Normal
14.3,0.23,0.3,Normal
22.41,0.34,0.51,Fatigue_Dryness
8.72,0.06,0.4,Fatigue_Dryness
24.2,0.15,0,Normal
16.58,0.05,0.21,Fatigue_Dryness
15.5,0.22,0.06,Normal
24.19,0.4,0.36,Normal
22.05,0.19,0.44,Fatigue_Dryness
15.61,0.19,0.27,Normal
27.77,0.36,0.2,Normal
9.85,0.38,0.26,Normal
23.43,0.24,0.29,Normal
23.24,0.33,0.12,Normal
16.02,0.12,0.01,Normal
21.11,0.42,0,Fatigue_Dryness
8.49,0.51,0.5,Fatigue_Dryness
25.89,0.31,0.35,Normal
17.02,0.01,0.32,Fatigue_Dryness
14.32,0.18,0.5,Fatigue_Dryness
26.89,0.32,0,Normal
12.87,0.2,0,Normal
7.23,0.4,0.33,Fatigue_Dryness
6.05,0.32,0.31,Fatigue_Dryness
23.35,0.17,0,Normal
8.26,0.25,0.32,Normal
32.54,0.14,0.17,Fatigue_Dryness
1.84,0.23,0.09,Fatigue_Dryness
32.07,0.18,0.18,Fatigue_Dryness
20.19,0.39,0,Normal
17.73,0.5,0.13,Fatigue_Dryness
14.14,0.08,0.11,Fatigue_Dryness
21.69,0.02,0.36,Fatigue_Dryness
18.2,0.22,0.22,Normal
27.33,0.07,0.38,Fatigue_Dryness
19.41,0.26,0,Normal
19.7,0.34,0.08,Normal
15.59,0.43,0.36,Fatigue_Dryness
18.04,0.27,0.19,Normal
20.96,0.23,0.42,Fatigue_Dryness
4.82,0.01,0,Fatigue_Dryness
7.71,0.25,0.4,Normal
24.45,0.26,0.12,Normal
19.87,0.33,0.1,Normal
17.03,0.17,0.45,Fatigue_Dryness
18.65,0.2,0.48,Fatigue_Dryness
21.28,0.07,0.46,Fatigue_Dryness
14.18,0.01,0.66,Fatigue_Dryness
12.27,0.12,0.5,Fatigue_Dryness
20.07,0.06,0.09,Fatigue_Dryness
10.67,0.29,0.28,Normal
21.77,0.19,0.18,Normal
4.88,0.19,0.66,Fatigue_Dryness
26.73,0.13,0.47,Fatigue_Dryness
22.28,0.01,0.21,Fatigue_Dryness
20.55,0.43,0.43,Fatigue_Dryness
26.36,0.13,0,Normal
31.82,0.2,0.3,Fatigue_Dryness
26.61,0.08,0.06,Fatigue_Dryness
3.77,0.37,0,Fatigue_Dryness
8.26,0.27,0.41,Fatigue_Dryness
13.5,0.15,0.43,Fatigue_Dryness
18.71,0.2,0.34,Normal
22.64,0.45,0.21,Fatigue_Dryness
12.69,0.24,0,Normal
19.99,0.23,0.02,Normal
12.46,0.14,0.06,Normal
13.61,0.02,0.2,Fatigue_Dryness
7.25,0.23,0.47,Fatigue_Dryness
11.11,0.29,0.46,Fatigue_Dryness
7.69,0.38,0,Normal
10.69,0.01,0.11,Fatigue_Dryness
26.93,0.12,0.11,Normal
10.9,0.18,0,Normal
39.56,0.25,0.36,Fatigue_Dryness
22.45,0.23,0.2,Normal
19.98,0.24,0.23,Normal
11.63,0.3,0.52,Fatigue_Dryness
24.1,0.14,0.27,Normal
13.89,0.36,0.16,Normal
19.48,0.3,0.36,Normal
38.98,0.21,0.46,Fatigue_Dryness
17.73,0.44,0.31,Fatigue_Dryness
27.69,0.44,0.39,Fatigue_Dryness
12.87,0.36,0.22,Normal
18.22,0.01,0.23,Fatigue_Dryness
32.67,0.44,0.27,Fatigue_Dryness
13.48,0.35,0.1,Normal
33,0.49,0.14,Fatigue_Dryness
24.16,0.4,0.53,Fatigue_Dryness
14,0.44,0.65,Fatigue_Dryness
23.56,0.36,0.57,Fatigue_Dryness
26.28,0.41,0,Fatigue_Dryness
23.47,0.49,0,Fatigue_Dryness
5.94,0.28,0.01,Fatigue_Dryness
12.68,0.06,0.28,Fatigue_Dryness
16.52,0.21,0,Normal
17.9,0.3,0.13,Normal
23.47,0.26,0.53,Fatigue_Dryness
19.92,0.1,0.45,Fatigue_Dryness
7.82,0.05,0.15,Fatigue_Dryness
21.54,0.16,0.16,Normal
23.38,0.35,0.36,Normal
22.98,0.44,0.44,Fatigue_Dryness
27.15,0.36,0.14,Normal
25.17,0.38,0.2,Normal
22.17,0.24,0.14,Normal
17.94,0.04,0,Fatigue_Dryness
5.21,0.2,0.21,Fatigue_Dryness
21.94,0.22,0.19,Normal
20.16,0.19,0,Normal
20.67,0.26,0.38,Normal
8.29,0.3,0.35,Normal
9.85,0.35,0.39,Normal
26.93,0.22,0.1,Normal
18.18,0.02,0,Fatigue_Dryness
23.95,0.19,0.34,Normal
18.73,0.26,0.12,Normal
18.74,0.4,0.07,Normal
26.01,0.18,0,Normal
14.37,0.31,0.2,Normal
19.27,0.29,0.57,Fatigue_Dryness
14.8,0.26,0.15,Normal
15.02,0.36,0.03,Normal
16.03,0.17,0.38,Normal
20.28,0.18,0.29,Normal
14.67,0.25,0,Normal
28.55,0.17,0.38,Normal
11.34,0.31,0.68,Fatigue_Dryness
17.01,0.16,0,Normal
14.98,0.28,0,Normal
30.08,0.24,0,Fatigue_Dryness
20.07,0.28,0.24,Normal
26.75,0.2,0.45,Fatigue_Dryness
6.62,0.21,0.27,Fatigue_Dryness
20.64,0.26,0.53,Fatigue_Dryness
25.62,0.27,0.42,Fatigue_Dryness
19.16,0.25,0.59,Fatigue_Dryness
27.02,0.46,0.48,Fatigue_Dryness
14.36,0.13,0.17,Normal
29.77,0.24,0.26,Normal
36.89,0.06,0.08,Fatigue_Dryness
15.6,0.3,0.2,Normal
14.94,0.12,0.26,Normal
30.13,0.22,0.23,Fatigue_Dryness
31.14,0.21,0.52,Fatigue_Dryness
14.32,0.28,0.18,Normal
15.14,0.18,0.06,Normal
16.25,0.18,0.08,Normal
7.74,0.42,0.38,Fatigue_Dryness
11.15,0.28,0,Normal
10.47,0.18,0.21,Normal
12.36,0.22,0.52,Fatigue_Dryness
18.22,0.45,0.31,Fatigue_Dryness
20.37,0.22,0.24,Normal
30.9,0.17,0.24,Fatigue_Dryness
10.51,0.17,0.04,Normal
26.37,0.18,0.08,Normal
16.79,0.18,0.21,Normal
18.1,0.1,0.3,Fatigue_Dryness
23.9,0.12,0.44,Fatigue_Dryness
9.52,0.15,0.27,Normal
21.56,0.32,0.52,Fatigue_Dryness
19.83,0.2,0.57,Fatigue_Dryness
22.44,0.23,0.41,Fatigue_Dryness
20.81,0.4,0.5,Fatigue_Dryness
38.14,0.41,0.05,Fatigue_Dryness
13.4,0.22,0.02,Normal
14.25,0.17,0.35,Normal
13.51,0.15,0,Normal
14.06,0.33,0.19,Normal
13.4,0.23,0.4,Fatigue_Dryness
28.01,0.2,0.53,Fatigue_Dryness
29.86,0.15,0.2,Normal
13.93,0.16,0.12,Normal
11.84,0.29,0.31,Normal
22.27,0.09,0.04,Fatigue_Dryness
14.08,0.37,0.22,Normal
23.56,0.19,0.25,Normal
20.12,0.23,0.24,Normal
6.37,0.09,0.27,Fatigue_Dryness
30.88,0.25,0.08,Fatigue_Dryness
32.87,0.21,0.11,Fatigue_Dryness
13.6,0.24,0.1,Normal
15.4,0.43,0,Fatigue_Dryness
20.79,0.27,0.32,Normal
21.18,0.16,0.43,Fatigue_Dryness
23.77,0.17,0.41,Fatigue_Dryness
34.58,0.32,0.2,Fatigue_Dryness
17.08,0.41,0.09,Fatigue_Dryness
12.11,0.28,0.4,Normal
7.47,0.33,0.38,Normal
12.65,0.32,0.29,Normal
18.23,0.42,0.6,Fatigue_Dryness
32.86,0.02,0.25,Fatigue_Dryness
14.36,0.33,0.2,Normal
20.29,0.37,0.17,Normal
18.37,0.09,0,Fatigue_Dryness
28.01,0.14,0.38,Normal
38.72,0.15,0.23,Fatigue_Dryness
14.25,0.16,0.35,Normal
14.58,0.19,0.62,Fatigue_Dryness
26.85,0.28,0.17,Normal
23.96,0.35,0,Normal
33.27,0.38,0.35,Fatigue_Dryness
23.17,0.15,0.28,Normal
15.63,0.15,0.1,Normal
23.23,0.41,0.33,Fatigue_Dryness
27.37,0.33,0.41,Fatigue_Dryness
25.06,0.26,0.06,Normal
22.56,0.31,0.19,Normal
27.03,0.25,0.55,Fatigue_Dryness
27.85,0.31,0.11,Normal
29.56,0.21,0.26,Normal
23.69,0.28,0,Normal
17.16,0.07,0,Fatigue_Dryness
19.67,0.17,0.28,Normal
28.15,0.17,0.5,Fatigue_Dryness
11.96,0.21,0,Normal
21.45,0.14,0.27,Normal
15.35,0.19,0.18,Normal
18.73,0.07,0.44,Fatigue_Dryness
28.73,0.32,0.01,Normal
20.03,0.24,0.34,Normal
18.87,0.05,0.12,Fatigue_Dryness
7.62,0.15,0.3,Normal
24.47,0.29,0.26,Normal
23.66,0.19,0.2,Normal
35.81,0.17,0.35,Fatigue_Dryness
16.04,0.24,0.26,Normal
20.25,0.29,0.22,Normal
20.5,0.08,0.18,Fatigue_Dryness
31.12,0.32,0.27,Fatigue_Dryness
17.74,0.15,0.29,Normal
20.73,0.25,0.05,Normal
23.36,0.25,0.18,Normal
19.99,0.19,0.04,Normal
14.93,0.13,0.24,Normal
20.05,0.22,0.13,Normal
27.09,0.45,0.4,Fatigue_Dryness
10.29,0.09,0.39,Fatigue_Dryness
19.56,0.45,0.07,Fatigue_Dryness
12.9,0.22,0.25,Normal
28.06,0.25,0.38,Normal
6.31,0.12,0.22,Fatigue_Dryness
14.03,0.16,0.1,Normal
21.52,0.19,0.03,Normal
31.02,0.13,0.42,Fatigue_Dryness
17.97,0.23,0.43,Fatigue_Dryness
14.06,0.2,0.21,Normal
33.55,0.47,0.4,Fatigue_Dryness
6.92,0.11,0,Fatigue_Dryness
1,0.26,0.52,Fatigue_Dryness
22.02,0.28,0.22,Normal
14.48,0.12,0.28,Normal
10.33,0.33,0.19,Normal
24.17,0.2,0.53,Fatigue_Dryness
20.45,0.01,0.04,Fatigue_Dryness
13.99,0.33,0.55,Fatigue_Dryness
8.26,0.12,0.33,Normal
25.48,0.12,0.38,Normal
23.7,0.33,0.18,Normal
17.71,0.21,0,Normal
33.27,0.36,0.44,Fatigue_Dryness
9.94,0.4,0.31,Normal
6.3,0.17,0.52,Fatigue_Dryness
12.96,0.35,0.21,Normal
18.14,0.16,0.17,Normal
20.45,0.52,0.53,Fatigue_Dryness
16.57,0.17,0.63,Fatigue_Dryness
21.32,0.37,0.25,Normal
8.49,0.35,0.1,Normal
30.05,0.29,0.41,Fatigue_Dryness
17.84,0.17,0.2,Normal
27.44,0.23,0.37,Normal
21.24,0.01,0.2,Fatigue_Dryness
22.15,0.28,0.56,Fatigue_Dryness
23.06,0.29,0.11,Normal
22.08,0.27,0.35,Normal
23.64,0.01,0.15,Fatigue_Dryness
29.13,0.1,0.19,Fatigue_Dryness
20.07,0.16,0.17,Normal
24.17,0.29,0.4,Normal
17.78,0.29,0.43,Fatigue_Dryness
30.02,0.23,0.36,Fatigue_Dryness
13.09,0.33,0.23,Normal
32.91,0.13,0.28,Fatigue_Dryness
18.18,0.32,0.43,Fatigue_Dryness
7.05,0.31,0.44,Fatigue_Dryness
19.52,0.3,0,Normal
13.05,0.23,0.2,Normal
25.23,0.47,0.21,Fatigue_Dryness
13.28,0.31,0.38,Normal
14.93,0.13,0.24,Normal
3.38,0.28,0.39,Fatigue_Dryness
14.88,0.34,0.03,Normal
1,0.18,0.3,Fatigue_Dryness
5.83,0.38,0.43,Fatigue_Dryness
24.58,0.3,0,Normal
24.79,0.01,0.75,Fatigue_Dryness
21.9,0.29,0.49,Fatigue_Dryness
10.76,0.2,0.25,Normal
18.12,0.31,0.08,Normal
18.47,0.36,0.22,Normal
9.23,0.27,0.27,Normal
30.53,0.45,0.34,Fatigue_Dryness
25.52,0.23,0.55,Fatigue_Dryness
16.73,0.33,0.16,Normal
18.72,0.35,0.36,Normal
20.17,0.24,0,Normal
2.17,0.34,0.17,Fatigue_Dryness
16.52,0.18,0.33,Normal
13.04,0.2,0.39,Normal
10.49,0.09,0.1,Fatigue_Dryness
16.25,0.28,0.16,Normal
32.88,0.29,0.54,Fatigue_Dryness
23.63,0.39,0.48,Fatigue_Dryness
13.93,0.35,0.29,Normal
23.08,0.22,0,Normal
29.69,0.11,0.75,Fatigue_Dryness
25.9,0.3,0.25,Normal
18.98,0.38,0.19,Normal
13.32,0.34,0.15,Normal
24.09,0.38,0.33,Normal
21.65,0.23,0.33,Normal
25.66,0.19,0.44,Fatigue_Dryness
23.58,0.16,0.07,Normal
26.9,0.24,0.19,Normal
14.22,0.24,0.66,Fatigue_Dryness
29.04,0.28,0.3,Normal
20.08,0.23,0.22,Normal
35.1,0.23,0.06,Fatigue_Dryness
12.99,0.16,0.35,Normal
32.39,0.36,0.46,Fatigue_Dryness
20.08,0.26,0.43,Fatigue_Dryness
13.29,0.23,0.2,Normal
14.63,0.16,0.32,Normal
15.94,0.09,0.58,Fatigue_Dryness
21.89,0.41,0.46,Fatigue_Dryness
22.68,0.32,0.09,Normal
13.91,0.06,0,Fatigue_Dryness
18.31,0.34,0.31,Normal
35.64,0.36,0.41,Fatigue_Dryness
32.32,0.27,0.03,Fatigue_Dryness
21.99,0.44,0.25,Fatigue_Dryness
18.8,0.28,0.2,Normal
19.46,0.08,0.27,Fatigue_Dryness
23.41,0.29,0.14,Normal
10.32,0.28,0.51,Fatigue_Dryness
16.44,0.18,0.28,Normal
5.15,0.32,0.07,Fatigue_Dryness
21.69,0.05,0.43,Fatigue_Dryness
23.68,0.37,0,Normal
14.63,0.15,0.51,Fatigue_Dryness
31.09,0.13,0.45,Fatigue_Dryness
8.69,0.24,0.53,Fatigue_Dryness
6.79,0.3,0.22,Fatigue_Dryness
20.3,0.27,0.15,Normal
26.88,0.16,0.27,Normal
31.97,0.19,0.23,Fatigue_Dryness
14.83,0.11,0.12,Normal
27.13,0.22,0.14,Normal
18.19,0.38,0.18,Normal
17.12,0.25,0.02,Normal
25.57,0.35,0.39,Normal
23.72,0.43,0.24,Fatigue_Dryness
5.89,0.18,0.19,Fatigue_Dryness
30.31,0.23,0.03,Fatigue_Dryness
29.54,0.51,0.02,Fatigue_Dryness
13.5,0.42,0.64,Fatigue_Dryness
21.67,0.05,0.13,Fatigue_Dryness
22.45,0.3,0.37,Normal
20.59,0.25,0.28,Normal
14.1,0.35,0,Normal
13.13,0.16,0.61,Fatigue_Dryness
18.3,0.15,0.39,Normal
27.88,0.17,0.1,Normal
22.85,0.18,0.24,Normal
15.54,0.35,0.02,Normal
24.67,0.11,0.62,Fatigue_Dryness
1,0.18,0.07,Fatigue_Dryness
27.69,0.04,0.15,Fatigue_Dryness
4.58,0.37,0.1,Fatigue_Dryness
15.6,0.4,0.27,Fatigue_Dryness
9.54,0.21,0.52,Fatigue_Dryness
8.14,0.21,0.61,Fatigue_Dryness
27.79,0.3,0.17,Normal
14.76,0.43,0.33,Fatigue_Dryness
21.27,0.3,0.27,Normal
18.12,0.17,0.05,Normal
22.32,0.06,0.74,Fatigue_Dryness
19.11,0.12,0.52,Fatigue_Dryness
8.24,0.26,0.29,Normal
26.47,0.17,0.57,Fatigue_Dryness
14.55,0.27,0.49,Fatigue_Dryness
6.05,0.18,0.27,Fatigue_Dryness
15.08,0.12,0.32,Normal
30.51,0.11,0.55,Fatigue_Dryness
25.3,0.44,0.06,Fatigue_Dryness
15.71,0.36,0.59,Fatigue_Dryness
15.71,0.46,0.21,Fatigue_Dryness
15.93,0.32,0.56,Fatigue_Dryness
35.11,0.2,0.25,Fatigue_Dryness
21.56,0.41,0.32,Fatigue_Dryness
21.94,0.25,0.24,Normal
26.74,0.28,0.14,Normal
20.41,0.25,0.2,Normal
16.43,0.01,0.53,Fatigue_Dryness
16.93,0.44,0,Fatigue_Dryness
17.93,0.31,0,Normal
18.2,0.29,0.11,Normal
24.32,0.24,0.03,Normal
18.92,0.27,0.55,Fatigue_Dryness
24.36,0.18,0.5,Fatigue_Dryness
17.85,0.32,0.37,Normal
19.13,0.09,0.12,Fatigue_Dryness
2.51,0.27,0.52,Fatigue_Dryness
25.83,0.32,0,Normal
21.27,0.23,0.68,Fatigue_Dryness
26.48,0.3,0.11,Normal
1,0.13,0.2,Fatigue_Dryness
35.21,0.13,0.16,Fatigue_Dryness
17.38,0.28,0.04,Normal
27.37,0.33,0.64,Fatigue_Dryness
10.18,0.03,0.41,Fatigue_Dryness
23.4,0.31,0.49,Fatigue_Dryness
10.07,0.19,0.01,Normal
13.51,0.23,0.29,Normal
33.81,0.09,0.35,Fatigue_Dryness
16.97,0.15,0.3,Normal
20.24,0.37,0.02,Normal
25.46,0.25,0.47,Fatigue_Dryness
22.47,0.2,0.27,Normal
19.7,0.24,0.06,Normal
21.42,0.31,0,Normal
37.73,0.3,0.37,Fatigue_Dryness
18.04,0.24,0.74,Fatigue_Dryness
20.11,0.38,0.05,Normal
26.91,0.37,0.28,Normal
27.34,0.3,0.47,Fatigue_Dryness
28,0.26,0,Normal
23.61,0.33,0.15,Normal
9.36,0.29,0.08,Normal
31.57,0.38,0.45,Fatigue_Dryness
9.33,0.36,0.52,Fatigue_Dryness
20.92,0.13,0.28,Normal
12.47,0.12,0.08,Normal
17.99,0.17,0.16,Normal
21.13,0.37,0.12,Normal
21.07,0.06,0.06,Fatigue_Dryness
21.88,0.3,0.23,Normal
31.41,0.29,0.37,Fatigue_Dryness
22.13,0.39,0.35,Normal
16.55,0.27,0.25,Normal
26.21,0.09,0.26,Fatigue_Dryness
28.02,0.14,0.23,Normal
8.68,0.11,0,Normal
23.28,0.19,0.28,Normal
24.11,0.23,0.13,Normal
16.12,0.11,0,Normal
29.51,0.43,0.32,Fatigue_Dryness
17.3,0.09,0.13,Fatigue_Dryness
19.5,0.41,0.3,Fatigue_Dryness
17.12,0.39,0.42,Fatigue_Dryness
18.62,0.36,0.06,Normal
9.73,0.17,0.27,Normal
6.98,0.29,0,Fatigue_Dryness
31.26,0.1,0.56,Fatigue_Dryness
11.72,0.36,0,Normal
10.57,0.24,0.15,Normal
1.27,0.2,0.52,Fatigue_Dryness
13.39,0.1,0.2,Normal
7.92,0.01,0.01,Fatigue_Dryness
31.64,0.13,0.39,Fatigue_Dryness
26.58,0.38,0.39,Normal
12.99,0.2,0.12,Normal
36.52,0.23,0.15,Fatigue_Dryness
26.35,0.33,0.16,Normal
15.9,0.47,0.21,Fatigue_Dryness
1,0.41,0,Fatigue_Dryness
36.83,0.13,0.21,Fatigue_Dryness
7.38,0.02,0.61,Fatigue_Dryness
5.34,0.53,0.07,Fatigue_Dryness
26.68,0.52,0.13,Fatigue_Dryness
38.02,0.27,0.01,Fatigue_Dryness
29.57,0.1,0.37,Fatigue_Dryness
23.01,0.37,0.49,Fatigue_Dryness
23.26,0.24,0.49,Fatigue_Dryness
25.33,0.24,0,Normal
24.57,0.36,0.35,Normal
20.75,0.29,0.54,Fatigue_Dryness
19.33,0.11,0.35,Normal
18,0.21,0.35,Normal
12.47,0.33,0.16,Normal
16.25,0.31,0.29,Normal
4.96,0.28,0.5,Fatigue_Dryness
17.71,0.36,0.32,Normal
10.59,0.21,0,Normal
9.67,0.27,0.16,Normal
19.94,0.01,0.49,Fatigue_Dryness
29.64,0.2,0.32,Normal
25.85,0.34,0.27,Normal
5.94,0.2,0.14,Fatigue_Dryness
10.58,0.19,0.49,Fatigue_Dryness
26.03,0.13,0.58,Fatigue_Dryness
10.64,0.37,0.5,Fatigue_Dryness
16.7,0.32,0.54,Fatigue_Dryness
22.9,0.35,0.18,Normal
10.75,0.04,0.15,Fatigue_Dryness
19.34,0.23,0.22,Normal
7.83,0.22,0.26,Normal
13.69,0.22,0.54,Fatigue_Dryness
21.06,0.18,0.48,Fatigue_Dryness
5.76,0.21,0.36,Fatigue_Dryness
22.02,0.35,0,Normal
18.34,0.02,0,Fatigue_Dryness
22.92,0.46,0.3,Fatigue_Dryness
20.29,0.31,0.43,Fatigue_Dryness
29.41,0.25,0.23,Normal
19.5,0.36,0.63,Fatigue_Dryness
15.06,0.08,0.03,Fatigue_Dryness
19.48,0.17,0.01,Normal
22.85,0.24,0.12,Normal
18.89,0.41,0.11,Fatigue_Dryness
18.82,0.24,0.36,Normal
12.88,0.3,0.17,Normal
13.2,0.18,0,Normal
7.28,0.31,0.43,Fatigue_Dryness
32.5,0.45,0,Fatigue_Dryness
8.55,0.37,0.04,Normal
12.96,0.24,0,Normal
12.75,0.33,0.29,Normal
25.66,0.32,0.29,Normal
16.14,0.31,0.63,Fatigue_Dryness
28.48,0.38,0.43,Fatigue_Dryness
13.11,0.38,0.54,Fatigue_Dryness
20.73,0.24,0.31,Normal
11.82,0.33,0.06,Normal
35.66,0.2,0.28,Fatigue_Dryness
9,0.14,0.37,Normal
20.98,0.22,0.39,Normal
23.57,0.24,0.16,Normal
21.81,0.05,0.35,Fatigue_Dryness
17.02,0.35,0.06,Normal
17.46,0.01,0.04,Fatigue_Dryness
18.85,0.58,0.03,Fatigue_Dryness
17.32,0.43,0.26,Fatigue_Dryness
26.21,0.22,0.01,Normal
36.18,0.25,0.17,Fatigue_Dryness
14.04,0.29,0.43,Fatigue_Dryness
7.54,0.18,0.04,Normal
17.79,0.27,0.15,Normal
39.14,0.23,0.26,Fatigue_Dryness
12.07,0.24,0.3,Normal
31.61,0.27,0.15,Fatigue_Dryness
31.92,0.09,0.41,Fatigue_Dryness
14.07,0.26,0.37,Normal
23.05,0.27,0.48,Fatigue_Dryness
31.53,0.27,0.23,Fatigue_Dryness
15.47,0.22,0.15,Normal
16.87,0.39,0.11,Normal
13.85,0.21,0.31,Normal
10.38,0.28,0.18,Normal
13.31,0.41,0.14,Fatigue_Dryness
8.71,0.24,0.16,Normal
18.77,0.28,0.11,Normal
12.34,0.24,0.29,Normal
20.37,0.4,0,Normal
6.05,0.22,0.31,Fatigue_Dryness
21.15,0.4,0.39,Fatigue_Dryness
25.17,0.24,0.13,Normal
2.55,0.15,0.63,Fatigue_Dryness
21.49,0.33,0.25,Normal
28.32,0.21,0,Normal
8.82,0.32,0.19,Normal
31.88,0.01,0.26,Fatigue_Dryness
21.85,0.25,0.34,Normal
12.86,0.2,0.2,Normal
18.05,0.12,0.05,Normal
22.97,0.18,0.03,Normal
19.11,0.18,0.12,Normal
22.81,0.24,0.14,Normal
11.13,0.09,0.02,Fatigue_Dryness
19.85,0.29,0.1,Normal
7.19,0.41,0.38,Fatigue_Dryness
17.61,0.28,0.58,Fatigue_Dryness
11.27,0.35,0.4,Fatigue_Dryness
12.62,0.38,0.51,Fatigue_Dryness
28.39,0.4,0.45,Fatigue_Dryness
27.23,0.47,0.42,Fatigue_Dryness
23.37,0.19,0.18,Normal
9.76,0.16,0.28,Normal
15.97,0.34,0.17,Normal
28.2,0.34,0.21,Normal
19.63,0.34,0.26,Normal
37.05,0.48,0.39,Fatigue_Dryness
21.65,0.25,0.34,Normal
20.04,0.3,0.22,Normal
16.03,0.13,0.26,Normal
19.57,0.51,0.34,Fatigue_Dryness
17.28,0.21,0.38,Normal
24.16,0.21,0,Normal
26.15,0.21,0.04,Normal
12.21,0.17,0.47,Fatigue_Dryness
7.85,0.16,0.24,Normal
3.81,0.19,0.17,Fatigue_Dryness
22.56,0.09,0.2,Fatigue_Dryness
9.67,0.16,0.2,Normal
1.28,0.48,0.36,Fatigue_Dryness
21.61,0.34,0.03,Normal
38.44,0.36,0.26,Fatigue_Dryness
18.45,0.39,0.3,Normal
25.21,0.47,0.33,Fatigue_Dryness
19.15,0.04,0.3,Fatigue_Dryness
17.71,0.1,0.35,Normal
25.85,0.15,0.14,Normal
16.18,0.19,0.06,Normal
20.64,0.21,0.74,Fatigue_Dryness
21.07,0.2,0.19,Normal
13.16,0.28,0.21,Normal
26.44,0.25,0.39,Normal
17.1,0.16,0.57,Fatigue_Dryness
12.45,0.01,0.14,Fatigue_Dryness
22.79,0.13,0.05,Normal
11.31,0.18,0,Normal
18.73,0.22,0.57,Fatigue_Dryness
18.43,0.11,0.04,Normal
27.19,0.19,0.24,Normal
22.3,0.11,0.06,Normal
18.3,0.24,0,Normal
25.04,0.12,0.19,Normal
29.62,0.15,0.06,Normal
22.96,0.09,0.11,Fatigue_Dryness
18.58,0.23,0.65,Fatigue_Dryness
8.01,0.15,0.34,Normal
9.98,0.36,0.44,Fatigue_Dryness
16.06,0.3,0.42,Fatigue_Dryness
13.62,0.24,0.23,Normal
17,0.15,0.16,Normal
18.95,0.3,0.3,Normal
22.74,0.33,0.28,Normal
17.94,0.27,0.14,Normal
22.39,0.44,0.28,Fatigue_Dryness
19.02,0.31,0.11,Normal
2.7,0.36,0.22,Fatigue_Dryness
10.99,0.27,0.18,Normal
17.35,0.33,0,Normal
8.82,0.15,0,Normal
23.3,0.2,0.06,Normal
30.75,0.29,0.61,Fatigue_Dryness
28.25,0.29,0.19,Normal
16.79,0.31,0.41,Fatigue_Dryness
30.43,0.38,0,Fatigue_Dryness
19.69,0.08,0.05,Fatigue_Dryness
15.8,0.13,0,Normal
13.59,0.28,0.21,Normal
16.08,0.16,0.73,Fatigue_Dryness
15.39,0.66,0.34,Fatigue_Dryness
19.86,0.31,0.59,Fatigue_Dryness
19.78,0.24,0.2,Normal
18.52,0.19,0.52,Fatigue_Dryness
22,0.19,0.67,Fatigue_Dryness
28.03,0.25,0.23,Normal
26.1,0.26,0.14,Normal
6.62,0.2,0,Fatigue_Dryness
1,0.22,0.19,Fatigue_Dryness
25.97,0.41,0.27,Fatigue_Dryness
7.56,0.42,0.66,Fatigue_Dryness
16.7,0.28,0,Normal
9.14,0.09,0.26,Fatigue_Dryness
4.08,0.32,0,Fatigue_Dryness
22.83,0.44,0.17,Fatigue_Dryness
24.57,0.41,0.31,Fatigue_Dryness
13.89,0.34,0.35,Normal
1,0.42,0.37,Fatigue_Dryness
14.13,0.26,0.33,Normal
21.63,0.33,0.37,Normal
6.67,0.17,0.26,Fatigue_Dryness
19.97,0.29,0.04,Normal
18.38,0.41,0,Fatigue_Dryness
23.13,0.18,0.14,Normal
19.46,0.15,0.22,Normal
10.72,0.26,0.5,Fatigue_Dryness
28.07,0.22,0.23,Normal
17.23,0.33,0.21,Normal
18.28,0.2,0.33,Normal
11.03,0.46,0.2,Fatigue_Dryness
14.95,0.1,0.41,Fatigue_Dryness
11.42,0.4,0.65,Fatigue_Dryness
17.12,0.16,0.69,Fatigue_Dryness
32.19,0.03,0.27,Fatigue_Dryness
7.52,0.28,0.32,Normal
5.59,0.22,0.57,Fatigue_Dryness
30.27,0.12,0.22,Fatigue_Dryness
16.83,0.05,0.39,Fatigue_Dryness
13.15,0.25,0.02,Normal
26.82,0.37,0.19,Normal
13.66,0.32,0.48,Fatigue_Dryness
33.11,0.26,0.11,Fatigue_Dryness
23.92,0.31,0.22,Normal
14.6,0.25,0,Normal
35.76,0.08,0.65,Fatigue_Dryness
13.65,0.08,0.5,Fatigue_Dryness
24.44,0.23,0.29,Normal
20.89,0.23,0.35,Normal
28.91,0.35,0.33,Normal
30.99,0.34,0.53,Fatigue_Dryness
18.76,0.32,0.15,Normal
12.47,0.22,0.4,Normal
22.18,0.08,0.47,Fatigue_Dryness
13.08,0.3,0.49,Fatigue_Dryness
34.61,0.31,0,Fatigue_Dryness
19.59,0.01,0.13,Fatigue_Dryness
15.58,0.15,0.05,Normal
19.98,0.17,0.28,Normal
7.72,0.26,0,Normal
10.73,0.15,0,Normal
28.1,0.25,0.68,Fatigue_Dryness
13.24,0.23,0.37,Normal
10.12,0.23,0.27,Normal
22.79,0.16,0.32,Normal
27.99,0.17,0.28,Normal
24.25,0.12,0.45,Fatigue_Dryness
26.47,0.3,0.12,Normal
12.45,0.32,0.29,Normal
7.13,0.16,0.3,Normal
30.51,0.43,0.04,Fatigue_Dryness
15.92,0.21,0.51,Fatigue_Dryness
16.49,0.43,0.16,Fatigue_Dryness
29.13,0.17,0.45,Fatigue_Dryness
22.95,0.01,0.27,Fatigue_Dryness
22.15,0.3,0.58,Fatigue_Dryness
35.82,0.28,0.04,Fatigue_Dryness
13.35,0.25,0.03,Normal
25.92,0.17,0.07,Normal
18.96,0.25,0.28,Normal
20.65,0.19,0.56,Fatigue_Dryness
30.73,0.21,0.57,Fatigue_Dryness
22.56,0.35,0,Normal
22.81,0.27,0.3,Normal
27.08,0.32,0,Normal
15.58,0.22,0.41,Fatigue_Dryness
11.79,0.21,0.47,Fatigue_Dryness
10.14,0.11,0.24,Normal
2.77,0.21,0.27,Fatigue_Dryness
34.95,0.01,0.27,Fatigue_Dryness
9.67,0.18,0.09,Normal
16.73,0.24,0.34,Normal
16.29,0.32,0.2,Normal
20.96,0.22,0.44,Fatigue_Dryness
25.03,0.29,0.23,Normal
25.38,0.01,0.08,Fatigue_Dryness
13.84,0.24,0,Normal
17.16,0.05,0,Fatigue_Dryness
20.76,0.11,0.51,Fatigue_Dryness
16.51,0.23,0.16,Normal
31.36,0.4,0.32,Fatigue_Dryness
22.43,0.3,0.61,Fatigue_Dryness
24.38,0.25,0.14,Normal
23.8,0.25,0.13,Normal
27.89,0.16,0.22,Normal
19.95,0.19,0.26,Normal
8.13,0.3,0.63,Fatigue_Dryness
21.7,0.08,0.56,Fatigue_Dryness
13.29,0.32,0.37,Normal
14.27,0.2,0.54,Fatigue_Dryness
23.19,0.35,0.21,Normal
28.41,0.37,0.31,Normal
18.67,0.05,0.19,Fatigue_Dryness
20.97,0.18,0,Normal
32.12,0.15,0.49,Fatigue_Dryness
20.43,0.03,0.36,Fatigue_Dryness
39.31,0.13,0.25,Fatigue_Dryness
23.02,0.54,0.25,Fatigue_Dryness
4.41,0.32,0,Fatigue_Dryness
24.53,0.48,0.06,Fatigue_Dryness
21.55,0.35,0.32,Normal
28.82,0.16,0.14,Normal
23.89,0.2,0.21,Normal
17.39,0.32,0.23,Normal
8.71,0.3,0.11,Normal
16.83,0.18,0.06,Normal
11.7,0.07,0,Fatigue_Dryness
13.86,0.65,0.22,Fatigue_Dryness
23.21,0.23,0.37,Normal
31.86,0.21,0,Fatigue_Dryness
21.66,0.26,0.25,Normal
8.93,0.22,0.31,Normal
22.06,0.27,0.05,Normal
28.07,0.4,0.53,Fatigue_Dryness
13.62,0.24,0.17,Normal
17.43,0.11,0.23,Normal
18.62,0.23,0.22,Normal
12.22,0.19,0,Normal
23.69,0.42,0.45,Fatigue_Dryness
17.53,0.39,0.06,Normal
21.86,0.26,0.2,Normal
11.4,0.1,0.37,Fatigue_Dryness
15,0.1,0.54,Fatigue_Dryness
24.28,0.25,0.03,Normal
15.52,0.29,0.16,Normal
32.32,0.21,0.53,Fatigue_Dryness
15.3,0.19,0.34,Normal
20.3,0.18,0.38,Normal
25.96,0.25,0.04,Normal
7.15,0.01,0.17,Fatigue_Dryness
4.41,0.12,0.22,Fatigue_Dryness
6.29,0.18,0.08,Fatigue_Dryness
28.6,0.4,0,Normal
14.09,0.15,0.15,Normal
38.97,0.27,0.52,Fatigue_Dryness
13.99,0.28,0.26,Normal
19.98,0.41,0.53,Fatigue_Dryness
30.84,0.4,0.29,Fatigue_Dryness
34.55,0.24,0.1,Fatigue_Dryness
34.99,0.19,0.51,Fatigue_Dryness
28.17,0.17,0.29,Normal
26.69,0.22,0.44,Fatigue_Dryness
23.24,0.2,0.04,Normal
24.73,0.32,0.46,Fatigue_Dryness
14.09,0.3,0.46,Fatigue_Dryness
11.95,0.32,0.31,Normal
18.47,0.4,0.09,Fatigue_Dryness
17.14,0.47,0.24,Fatigue_Dryness
14.87,0.27,0.37,Normal
24.07,0.38,0.3,Normal
26.14,0.21,0.37,Normal
19.21,0.39,0.45,Fatigue_Dryness
30.32,0.38,0.12,Fatigue_Dryness
9.37,0.37,0.02,Normal
16.95,0.26,0.24,Normal
12.77,0.17,0.18,Normal
3.57,0.08,0.41,Fatigue_Dryness
17.84,0.25,0.04,Normal
17.53,0.43,0.45,Fatigue_Dryness
30.61,0.21,0.52,Fatigue_Dryness
23.55,0.34,0.25,Normal
10.31,0.35,0.26,Normal
33.33,0.22,0.1,Fatigue_Dryness
28.27,0.41,0.14,Fatigue_Dryness
23.16,0.01,0.17,Fatigue_Dryness
16.69,0.1,0.54,Fatigue_Dryness
10.82,0.14,0.24,Normal
15.52,0.15,0,Normal
27.21,0.29,0.3,Normal
33.58,0.29,0.42,Fatigue_Dryness
30.85,0.3,0.25,Fatigue_Dryness
14.59,0.32,0.54,Fatigue_Dryness
9.54,0.14,0.41,Fatigue_Dryness
19.63,0.1,0.04,Normal
4.35,0.3,0.14,Fatigue_Dryness
21.09,0.17,0.3,Normal
17.32,0.06,0,Fatigue_Dryness
14.77,0.37,0.32,Normal
5.74,0.42,0,Fatigue_Dryness
22.61,0.44,0.46,Fatigue_Dryness
14.24,0.27,0.43,Fatigue_Dryness
9.14,0.33,0.35,Normal
1,0.41,0.12,Fatigue_Dryness
18.28,0.17,0.28,Normal
32.68,0.38,0.15,Fatigue_Dryness
31.79,0.28,0.04,Fatigue_Dryness
14.84,0.36,0.18,Normal
13.68,0.27,0.39,Normal
22.25,0.41,0.26,Fatigue_Dryness
10.51,0.28,0.54,Fatigue_Dryness
20.91,0.07,0.4,Fatigue_Dryness
24.63,0.42,0.38,Fatigue_Dryness
28.32,0.14,0,Normal
17.7,0.4,0.19,Normal
16.87,0.24,0.04,Normal
11.48,0.39,0.21,Normal
11.88,0.39,0.11,Normal
16.69,0.3,0.17,Normal
21.44,0.31,0.46,Fatigue_Dryness
25.81,0.3,0.35,Normal
12.07,0.01,0.45,Fatigue_Dryness
30.44,0.26,0,Fatigue_Dryness
16.33,0.12,0.26,Normal
18.33,0.27,0.44,Fatigue_Dryness
12.52,0.11,0.55,Fatigue_Dryness
1,0.11,0,Fatigue_Dryness
25.57,0.44,0.18,Fatigue_Dryness
24.39,0.38,0.46,Fatigue_Dryness
16.25,0.25,0.21,Normal
19.04,0.27,0.07,Normal
22.63,0.22,0,Normal
6,0.32,0.06,Fatigue_Dryness
14.27,0.17,0,Normal
24.85,0.37,0.26,Normal
8.47,0.22,0.43,Fatigue_Dryness
20.85,0.2,0,Normal
7.65,0.25,0.3,Normal
22.23,0.18,0.42,Fatigue_Dryness
18.21,0.29,0.25,Normal
5.58,0.19,0,Fatigue_Dryness
27.82,0.31,0.33,Normal
12.62,0.4,0.24,Normal
12.02,0.16,0.22,Normal
20.1,0.23,0.14,Normal
27.69,0.31,0.27,Normal
10.37,0.2,0.35,Normal
18.99,0.31,0.73,Fatigue_Dryness
21.93,0.32,0.27,Normal
24.04,0.38,0.55,Fatigue_Dryness
19.91,0.18,0.32,Normal
15.56,0.14,0.23,Normal
11.88,0.21,0.28,Normal
19.19,0.13,0.01,Normal
9.92,0.32,0.31,Normal
1,0.11,0,Fatigue_Dryness
21.99,0.53,0.08,Fatigue_Dryness
25.73,0.41,0.27,Fatigue_Dryness
1,0.25,0.49,Fatigue_Dryness
10.42,0.35,0.54,Fatigue_Dryness
23.45,0.05,0.2,Fatigue_Dryness
34.96,0.55,0.28,Fatigue_Dryness
18.67,0.18,0.45,Fatigue_Dryness
12.68,0.24,0,Normal
17.04,0.03,0.33,Fatigue_Dryness
29.5,0.31,0.08,Normal
13.33,0.12,0.22,Normal
12.11,0.26,0.16,Normal
14.64,0.19,0.34,Normal
10.87,0.12,0.36,Normal
19.48,0.15,0.43,Fatigue_Dryness
31.5,0.28,0.32,Fatigue_Dryness
21.08,0.1,0.28,Fatigue_Dryness
16.48,0.16,0.62,Fatigue_Dryness
16.17,0.33,0,Normal
5.99,0.56,0.59,Fatigue_Dryness
25.56,0.31,0.19,Normal
17.88,0.14,0.36,Normal
17.06,0.21,0.19,Normal
44.04,0.25,0.11,Fatigue_Dryness
20.89,0.21,0.35,Normal
12.49,0.36,0.46,Fatigue_Dryness
15.09,0.28,0.35,Normal
27.69,0.36,0.14,Normal
19.41,0.21,0.97,Fatigue_Dryness
6.99,0.41,0.49,Fatigue_Dryness
25.85,0.23,0.44,Fatigue_Dryness
13.15,0.13,0.18,Normal
33.49,0.51,0.13,Fatigue_Dryness
27.14,0.03,0.19,Fatigue_Dryness
14.92,0.16,0.47,Fatigue_Dryness
28.75,0.18,0.05,Normal
19.04,0.55,0.04,Fatigue_Dryness
25.32,0.47,0.36,Fatigue_Dryness
22.38,0.43,0.31,Fatigue_Dryness
11.73,0.21,0.1,Normal
13.35,0.54,0.03,Fatigue_Dryness
26.74,0.29,0.54,Fatigue_Dryness
15.82,0.37,0.32,Normal
15.27,0.27,0,Normal
10.86,0.24,0,Normal
21.89,0.22,0.18,Normal
35,0.23,0.4,Fatigue_Dryness
9.96,0.32,0.37,Normal
18.69,0.29,0.48,Fatigue_Dryness
29.8,0.25,0,Normal
17.86,0.43,0.3,Fatigue_Dryness
22.12,0.01,0.54,Fatigue_Dryness
10,0.31,0.52,Fatigue_Dryness
21.93,0.34,0.32,Normal
17,0.39,0.72,Fatigue_Dryness
26.39,0.24,0.37,Normal
28,0.28,0.46,Fatigue_Dryness
39.22,0.37,0.26,Fatigue_Dryness
23.14,0.43,0.09,Fatigue_Dryness
21.11,0.21,0.08,Normal
20.06,0.28,0.29,Normal
15.67,0.45,0.21,Fatigue_Dryness
21.21,0.01,0,Fatigue_Dryness
16.14,0.17,0.05,Normal
19.85,0.43,0.19,Fatigue_Dryness
29.04,0.38,0.4,Normal
10.45,0.31,0.25,Normal
27.62,0.2,0.24,Normal
29.04,0.14,0.05,Normal
17.56,0.18,0.26,Normal
1.53,0.44,0.51,Fatigue_Dryness
13.64,0.18,0.28,Normal
28.88,0.26,0,Normal
18.32,0.16,0,Normal
10.51,0.35,0.37,Normal
14.46,0.19,0.21,Normal
25.22,0.24,0.24,Normal
22.87,0.05,0.13,Fatigue_Dryness
16.59,0.06,0.35,Fatigue_Dryness
15.57,0.25,0.19,Normal
15.37,0.09,0.21,Fatigue_Dryness
11.12,0.5,0.08,Fatigue_Dryness
31.42,0.01,0.43,Fatigue_Dryness
15.92,0.15,0.21,Normal
28.24,0.25,0.37,Normal
30.67,0.21,0.01,Fatigue_Dryness
26.49,0.12,0.6,Fatigue_Dryness
15.05,0.14,0.51,Fatigue_Dryness
21.73,0.13,0,Normal
18.31,0.22,0.09,Normal
11.27,0.48,0.35,Fatigue_Dryness
21.09,0.26,0,Normal
9.07,0.39,0.22,Normal
28,0.31,0.34,Normal
14.78,0.38,0.21,Normal
20.11,0.01,0.36,Fatigue_Dryness
20.77,0.21,0.11,Normal
16.43,0.41,0,Fatigue_Dryness
23.19,0.18,0.45,Fatigue_Dryness
14.7,0.46,0.45,Fatigue_Dryness
25.47,0.43,0.75,Fatigue_Dryness
7.73,0.19,0,Normal
19.51,0.19,0.4,Normal
34.01,0.13,0,Fatigue_Dryness
10.5,0.17,0.6,Fatigue_Dryness
13.08,0.1,0.35,Normal
22.61,0.3,0.06,Normal
19.94,0.08,0.41,Fatigue_Dryness
21.31,0.32,0.14,Normal
22.41,0.33,0.31,Normal
23.58,0.05,0.29,Fatigue_Dryness
27.38,0.44,0.6,Fatigue_Dryness
21.78,0.31,0.61,Fatigue_Dryness
16.57,0.34,0.13,Normal
23.88,0.16,0.46,Fatigue_Dryness
33.7,0.33,0.32,Fatigue_Dryness
17.44,0.39,0,Normal
10.7,0.24,0.11,Normal
27.36,0.49,0.72,Fatigue_Dryness
17.54,0.26,0.32,Normal
1.12,0.39,0.45,Fatigue_Dryness
25.28,0.29,0.21,Normal
14.22,0.32,0.14,Normal
17.78,0.05,0.26,Fatigue_Dryness
21.16,0.3,0.2,Normal
20.02,0.16,0,Normal
24.18,0.15,0.05,Normal
15.02,0.46,0.39,Fatigue_Dryness
22.6,0.22,0.17,Normal
16.42,0.13,0.26,Normal
24.41,0.21,0.3,Normal
23.42,0.09,0.31,Fatigue_Dryness
11.02,0.42,0.48,Fatigue_Dryness
27.19,0.17,0.03,Normal
14.21,0.31,0.36,Normal
24.96,0.41,0.4,Fatigue_Dryness
21.44,0.19,0.45,Fatigue_Dryness
33.21,0.31,0,Fatigue_Dryness
16.71,0.13,0.3,Normal
15.71,0.54,0.59,Fatigue_Dryness
18.34,0.36,0.23,Normal
16.07,0.23,0.35,Normal
24.9,0.16,0.41,Fatigue_Dryness
5.57,0.24,0.05,Fatigue_Dryness
10.07,0.21,0.62,Fatigue_Dryness
9.96,0.48,0.35,Fatigue_Dryness
26.1,0.1,0.35,Normal
32.18,0.27,0,Fatigue_Dryness
17.66,0.25,0.41,Fatigue_Dryness
17.15,0.24,0.35,Normal
19.06,0.24,0.58,Fatigue_Dryness
27.8,0.24,0.19,Normal
11.08,0.36,0.05,Normal
20.41,0.32,0.11,Normal
26.3,0.3,0.15,Normal
22.51,0.01,0.03,Fatigue_Dryness
20.02,0.29,0.51,Fatigue_Dryness
26.51,0.05,0.52,Fatigue_Dryness
1,0.33,0.21,Fatigue_Dryness
23.92,0.43,0.17,Fatigue_Dryness
13.27,0.14,0,Normal
3.85,0.22,0.39,Fatigue_Dryness
22.59,0.18,0.58,Fatigue_Dryness
29.49,0.4,0.12,Normal
17.4,0.26,0.23,Normal
26.12,0.46,0.34,Fatigue_Dryness
31.4,0.3,0.6,Fatigue_Dryness
29.02,0.28,0.29,Normal
31.62,0.26,0.29,Fatigue_Dryness
24.44,0.35,0.29,Normal
19.1,0.04,0,Fatigue_Dryness
5.68,0.26,0,Fatigue_Dryness
16.53,0.24,0.09,Normal
11.75,0.34,0.45,Fatigue_Dryness
35.87,0.23,0.18,Fatigue_Dryness
17.09,0.13,0.14,Normal
19.49,0.25,0.14,Normal
22.91,0.12,0.22,Normal
18.85,0.02,0.59,Fatigue_Dryness
32.06,0.34,0.22,Fatigue_Dryness
13.52,0.32,0.09,Normal
20.06,0.31,0.26,Normal
12.56,0.41,0.6,Fatigue_Dryness
7.94,0.17,0.15,Normal
13.61,0.08,0.01,Fatigue_Dryness
18.2,0.24,0.15,Normal
15.07,0.21,0.28,Normal
12.96,0.15,0.39,Normal
7.25,0.24,0.45,Fatigue_Dryness
17.84,0.18,0.04,Normal
6.46,0.03,0.06,Fatigue_Dryness
24.58,0.2,0.19,Normal
19.16,0.11,0.39,Normal
6.84,0.28,0,Fatigue_Dryness
16.03,0.17,0.13,Normal
12.48,0.38,0.13,Normal
21.05,0.44,0.44,Fatigue_Dryness
29.22,0.33,0.36,Normal
3.5,0.06,0.43,Fatigue_Dryness
19.42,0.43,0.52,Fatigue_Dryness
17.22,0.44,0.19,Fatigue_Dryness
23.87,0.25,0.01,Normal
20.21,0.41,0.01,Fatigue_Dryness
12.48,0.18,0,Normal
15.95,0.03,0.16,Fatigue_Dryness
12.13,0.16,0.17,Normal
27.11,0.46,0.41,Fatigue_Dryness
18.67,0.07,0.25,Fatigue_Dryness
33.71,0.25,0.15,Fatigue_Dryness
18.01,0.25,0.23,Normal
12.83,0.19,0.04,Normal
6.39,0.2,0.46,Fatigue_Dryness
4.07,0.26,0.09,Fatigue_Dryness
5.83,0.18,0.02,Fatigue_Dryness
20.64,0.08,0.41,Fatigue_Dryness
22.57,0.28,0.37,Normal
5.85,0.38,0,Fatigue_Dryness
25.66,0.35,0.42,Fatigue_Dryness
14.64,0.15,0.1,Normal
19.67,0.1,0.18,Normal
31.4,0.22,0.29,Fatigue_Dryness
25.67,0.44,0.37,Fatigue_Dryness
16.35,0.33,0.34,Normal
11.37,0.33,0.24,Normal
1.29,0.36,0.17,Fatigue_Dryness
12.75,0.3,0.33,Normal
16.81,0.26,0.23,Normal
10.6,0.33,0.61,Fatigue_Dryness
17.45,0.18,0.37,Normal
19.11,0.08,0.07,Fatigue_Dryness
16.7,0.34,0.15,Normal
13.3,0.4,0.26,Normal
19.85,0.12,0.51,Fatigue_Dryness
22.04,0.35,0.53,Fatigue_Dryness
9.78,0.45,0.17,Fatigue_Dryness
29.79,0.25,0.06,Normal
17.71,0.15,0.04,Normal
18.65,0.27,0.3,Normal
24.17,0.18,0.71,Fatigue_Dryness
20.37,0.18,0.36,Normal
26.13,0.3,0,Normal
20.8,0.06,0.11,Fatigue_Dryness
13.6,0.08,0.13,Fatigue_Dryness
21.39,0.25,0.09,Normal
9.35,0.25,0.17,Normal
19.37,0.29,0.32,Normal
18.23,0.48,0.39,Fatigue_Dryness
16.84,0.26,0.47,Fatigue_Dryness
17.47,0.32,0.36,Normal
3.45,0.13,0,Fatigue_Dryness
14.11,0.34,0.04,Normal
19.24,0.19,0.22,Normal
19.78,0.26,0.28,Normal
10.28,0.24,0.42,Fatigue_Dryness
28.63,0.37,0.26,Normal
11.57,0.09,0.26,Fatigue_Dryness
26.26,0.01,0.3,Fatigue_Dryness
21.92,0.22,0.2,Normal
13.33,0.31,0.27,Normal
32.7,0.27,0.48,Fatigue_Dryness
8.95,0.4,0.23,Normal
25.85,0.3,0.24,Normal
26.5,0.18,0.24,Normal
13.14,0.01,0.51,Fatigue_Dryness
29.64,0.22,0.03,Normal
16.5,0.37,0.61,Fatigue_Dryness
20.81,0.2,0.02,Normal
20.58,0.25,0.12,Normal
17.43,0.3,0.4,Normal
24.99,0.13,0.46,Fatigue_Dryness
24.85,0.33,0,Normal
4.51,0.45,0.03,Fatigue_Dryness
28.93,0.23,0.31,Normal
5.2,0.12,0.72,Fatigue_Dryness
26.76,0.24,0.5,Fatigue_Dryness
27.51,0.01,0.2,Fatigue_Dryness
9.77,0.29,0,Normal
15.21,0.3,0.27,Normal
9.65,0.45,0.32,Fatigue_Dryness
16.78,0.23,0.17,Normal
16.04,0.3,0.08,Normal
24.74,0.15,0.28,Normal
28.98,0.21,0.06,Normal
29.67,0.07,0.62,Fatigue_Dryness
14,0.23,0.55,Fatigue_Dryness
16.83,0.21,0.38,Normal
5.03,0.29,0.27,Fatigue_Dryness
12.05,0.18,0.12,Normal
26.22,0.26,0.25,Normal
31.42,0.21,0.58,Fatigue_Dryness
8.63,0.21,0.42,Fatigue_Dryness
13.76,0.26,0.29,Normal
18.29,0.26,0.44,Fatigue_Dryness
20.74,0.34,0.36,Normal
12.02,0.24,0.33,Normal
21.89,0.21,0.45,Fatigue_Dryness
14.71,0.23,0.35,Normal
18.38,0.16,0.42,Fatigue_Dryness
22.87,0.21,0.28,Normal
18.55,0.49,0.2,Fatigue_Dryness
15.01,0.14,0.14,Normal
17.62,0.22,0.12,Normal
17.79,0.2,0,Normal
15.54,0.22,0.07,Normal
16.43,0.21,0.06,Normal
31.29,0.28,0.15,Fatigue_Dryness
22.99,0.05,0.56,Fatigue_Dryness
16.14,0.37,0.22,Normal
24.08,0.33,0.3,Normal
15.83,0.1,0.31,Normal
27.88,0.01,0.57,Fatigue_Dryness
21.46,0.13,0.14,Normal
17.64,0.22,0.21,Normal
22.08,0.56,0.23,Fatigue_Dryness
5.93,0.32,0.48,Fatigue_Dryness
9.49,0.03,0.52,Fatigue_Dryness
8.95,0.17,0.35,Normal
19.64,0.24,0.5,Fatigue_Dryness
32.36,0.28,0.29,Fatigue_Dryness
36.35,0.09,0.22,Fatigue_Dryness
23.6,0.23,0.49,Fatigue_Dryness
22.51,0.16,0.35,Normal
4.09,0.12,0.1,Fatigue_Dryness
14.16,0.28,0.45,Fatigue_Dryness
12.2,0.34,0.21,Normal
13.53,0.35,0.18,Normal
17.15,0.32,0.43,Fatigue_Dryness
14.72,0.19,0.23,Normal
2.67,0.34,0.33,Fatigue_Dryness
24.48,0.29,0.38,Normal
9.92,0.27,0.09,Normal
20.41,0.18,0.33,Normal
35.09,0.19,0.52,Fatigue_Dryness
11.14,0.26,0.06,Normal
1,0.54,0.34,Fatigue_Dryness
16.21,0.29,0.08,Normal
27.31,0.18,0.45,Fatigue_Dryness
34.17,0.15,0.45,Fatigue_Dryness
8.66,0.19,0.18,Normal
22.47,0.51,0.69,Fatigue_Dryness
14.78,0.2,0.47,Fatigue_Dryness
17.65,0.36,0.39,Normal
39.65,0.21,0.38,Fatigue_Dryness
6.48,0.28,0.45,Fatigue_Dryness
20.53,0.35,0.05,Normal
22.24,0.18,0.29,Normal
27.19,0.17,0.33,Normal
19.28,0.45,0.17,Fatigue_Dryness
20.96,0.37,0.34,Normal
15.37,0.35,0.5,Fatigue_Dryness
20.65,0.34,0.17,Normal
15.75,0.31,0.24,Normal
23.47,0.49,0.09,Fatigue_Dryness
15.54,0.26,0,Normal
21.52,0.32,0.41,Fatigue_Dryness
18.27,0.08,0.25,Fatigue_Dryness
27.51,0.15,0.26,Normal
18.09,0.11,0.05,Normal
4.32,0.4,0.21,Fatigue_Dryness
28.6,0.01,0.47,Fatigue_Dryness
11.25,0.2,0.25,Normal
13.27,0.01,0.26,Fatigue_Dryness
13.73,0.15,0.29,Normal
29.5,0.19,0,Normal
1.41,0.42,0.38,Fatigue_Dryness
43.6,0.3,0,Fatigue_Dryness
26.95,0.15,0.06,Normal
20.29,0.38,0.04,Normal
18.06,0.25,0.22,Normal
20.78,0.26,0.18,Normal
22.67,0.11,0.25,Normal
23.66,0.13,0.07,Normal
22.94,0.15,0.45,Fatigue_Dryness
19.22,0.26,0.42,Fatigue_Dryness
16.92,0.26,0.22,Normal
17.29,0.44,0.15,Fatigue_Dryness
16.94,0.3,0.13,Normal
27.57,0.01,0.19,Fatigue_Dryness
23.25,0.28,0,Normal
1,0.08,0.06,Fatigue_Dryness
23.75,0.13,0.42,Fatigue_Dryness
20.06,0.15,0.31,Normal
18.35,0.17,0.58,Fatigue_Dryness
15.39,0.09,0.19,Fatigue_Dryness
27.49,0.27,0.18,Normal
26.08,0.08,0.17,Fatigue_Dryness
12.32,0.29,0.19,Normal
21.76,0.52,0.12,Fatigue_Dryness
10.73,0.09,0.3,Fatigue_Dryness
7.46,0.22,0.26,Normal
13.49,0.01,0.15,Fatigue_Dryness
25.4,0.21,0.5,Fatigue_Dryness
26.13,0.33,0.63,Fatigue_Dryness
22.6,0.34,0.48,Fatigue_Dryness
24.3,0.26,0.36,Normal
22.63,0.36,0.4,Fatigue_Dryness
13.37,0.56,0.62,Fatigue_Dryness
21.96,0.46,0.4,Fatigue_Dryness
24.9,0.19,0.13,Normal
24.53,0.08,0.33,Fatigue_Dryness
28.01,0.2,0.38,Normal
24.17,0.14,0.05,Normal
21.31,0.3,0.19,Normal
27.06,0.11,0.47,Fatigue_Dryness
18.29,0.24,0,Normal
11.45,0.35,0,Normal
17.2,0.24,0.22,Normal
12.54,0.14,0.32,Normal
13.1,0.39,0,Normal
17.34,0.03,0.23,Fatigue_Dryness
12.16,0.21,0.48,Fatigue_Dryness
16.04,0.25,0.26,Normal
3.35,0.25,0.44,Fatigue_Dryness
20.21,0.27,0.13,Normal
18.51,0.32,0.09,Normal
11.96,0.25,0.42,Fatigue_Dryness
23.77,0.21,0.32,Normal
26,0.2,0.01,Normal
5.64,0.18,0.09,Fatigue_Dryness
12.4,0.35,0.56,Fatigue_Dryness
12.35,0.17,0.07,Normal
10.98,0.35,0.44,Fatigue_Dryness
25.14,0.25,0.15,Normal
16.95,0.19,0.25,Normal
16.38,0.32,0.31,Normal
2.47,0.16,0,Fatigue_Dryness
23.58,0.33,0,Normal
8.59,0.28,0.27,Normal
18.98,0.18,0.11,Normal
20.72,0.31,0.45,Fatigue_Dryness
29.39,0.32,0,Normal
8.03,0.39,0.36,Normal
1,0.37,0,Fatigue_Dryness
19.97,0.31,0.18,Normal
32.9,0.12,0.04,Fatigue_Dryness
28.41,0.54,0.63,Fatigue_Dryness
20.18,0.08,0,Fatigue_Dryness
14.57,0.36,0.23,Normal
24.96,0.3,0,Normal
10.71,0.11,0.57,Fatigue_Dryness
22.31,0.24,0.33,Normal
22.54,0.24,0.28,Normal
26.98,0.41,0.55,Fatigue_Dryness
40.58,0.16,0.28,Fatigue_Dryness
21.64,0.22,0.29,Normal
14.43,0.01,0.28,Fatigue_Dryness
18.3,0.46,0.36,Fatigue_Dryness
4.35,0.12,0.15,Fatigue_Dryness
12.94,0.29,0.21,Normal
15.23,0.24,0.41,Fatigue_Dryness
14.31,0.24,0.31,Normal
19.72,0.35,0.23,Normal
11.92,0.45,0,Fatigue_Dryness
27.47,0.28,0.55,Fatigue_Dryness
18.5,0.33,0.12,Normal
18.43,0.29,0.45,Fatigue_Dryness
15.88,0.37,0.29,Normal
19.74,0.19,0,Normal
25.1,0.38,0.5,Fatigue_Dryness
11.56,0.38,0.3,Normal
13.24,0.38,0.52,Fatigue_Dryness
16.07,0.17,0.21,Normal
7.73,0.23,0.39,Normal
11.95,0.28,0,Normal
14.69,0.09,0.15,Fatigue_Dryness
25.5,0.44,0,Fatigue_Dryness
20.6,0.25,0.18,Normal
20.05,0.28,0.34,Normal
25.31,0.18,0.13,Normal
17.4,0.09,0.42,Fatigue_Dryness
21.62,0.18,0.08,Normal
17.67,0.28,0.43,Fatigue_Dryness
20.62,0.33,0.51,Fatigue_Dryness
13.84,0.27,0.45,Fatigue_Dryness
1,0.29,0.18,Fatigue_Dryness
17.43,0.21,0,Normal
29.88,0.31,0.37,Normal
25.91,0.43,0.23,Fatigue_Dryness
26.22,0.34,0.05,Normal
28.39,0.35,0.14,Normal
19.21,0.29,0.54,Fatigue_Dryness
20.08,0.07,0.02,Fatigue_Dryness
13.56,0.13,0.34,Normal
15.97,0.31,0.29,Normal
23.43,0.25,0.18,Normal
28.13,0.3,0.38,Normal
17.38,0.45,0.58,Fatigue_Dryness
14.9,0.34,0.19,Normal
18.5,0.4,0.2,Fatigue_Dryness
23.31,0.26,0.37,Normal
6.95,0.15,0.43,Fatigue_Dryness
1,0.24,0.22,Fatigue_Dryness
14.1,0.15,0.19,Normal
8.73,0.44,0,Fatigue_Dryness
14.43,0.35,0.09,Normal
17.32,0.31,0.02,Normal
14.87,0.4,0.39,Normal
30.12,0.01,0.2,Fatigue_Dryness
21.11,0.32,0.19,Normal
20.9,0.09,0.25,Fatigue_Dryness
23.48,0.25,0.08,Normal
9.39,0.21,0.56,Fatigue_Dryness
26.81,0.33,0.51,Fatigue_Dryness
17.89,0.28,0.57,Fatigue_Dryness
23.86,0.41,0.39,Fatigue_Dryness
9.93,0.18,0.24,Normal
6.07,0.34,0.57,Fatigue_Dryness
25.04,0.27,0.11,Normal
21.51,0.05,0.08,Fatigue_Dryness
11.28,0.14,0.13,Normal
11.54,0.23,0.36,Normal
27.5,0.38,0.1,Normal
8.98,0.31,0.22,Normal
31.64,0.11,0,Fatigue_Dryness
11.3,0.23,0.35,Normal
23.61,0.49,0,Fatigue_Dryness
15.87,0.26,0.06,Normal
23.33,0.21,0.49,Fatigue_Dryness
14.15,0.31,0.49,Fatigue_Dryness
17.2,0.34,0.33,Normal
18.83,0.2,0.31,Normal
10.48,0.31,0.14,Normal
24.43,0.21,0.1,Normal
14.39,0.34,0.18,Normal
16.67,0.27,0,Normal
10.55,0.31,0.3,Normal
1,0.16,0.26,Fatigue_Dryness
16.97,0.15,0.06,Normal
37.8,0.36,0.56,Fatigue_Dryness
24.78,0.24,0.37,Normal
18.35,0.28,0.39,Normal
16.4,0.21,0.15,Normal
18.68,0.36,0.25,Normal
22.88,0.18,0.38,Normal
9.05,0.23,0.28,Normal
27.41,0.34,0.57,Fatigue_Dryness
24.22,0.39,0.21,Normal
24.25,0.19,0.15,Normal
22.01,0.49,0.38,Fatigue_Dryness
18.66,0.29,0,Normal
23.88,0.13,0.44,Fatigue_Dryness
23.23,0.29,0,Normal
15.67,0.2,0.38,Normal
13.91,0.3,0.12,Normal
19.31,0.25,0.35,Normal
30.89,0.26,0.43,Fatigue_Dryness
8.59,0.14,0.28,Normal
6.76,0.37,0.01,Fatigue_Dryness
19.82,0.11,0.07,Normal
18.91,0.12,0.1,Normal
19.89,0.29,0,Normal
20.45,0.44,0.48,Fatigue_Dryness
16.71,0.21,0.27,Normal
30.42,0.33,0.02,Fatigue_Dryness
5.69,0.38,0.54,Fatigue_Dryness
11.87,0.35,0.11,Normal
17.67,0.21,0.3,Normal
5.35,0.12,0.09,Fatigue_Dryness
17.09,0.01,0,Fatigue_Dryness
31.79,0.22,0,Fatigue_Dryness
18.67,0.39,0.16,Normal
20.35,0.12,0.43,Fatigue_Dryness
8.42,0.33,0.32,Normal
13.57,0.14,0.28,Normal
15.5,0.26,0,Normal
15.96,0.34,0.5,Fatigue_Dryness
28.75,0.17,0.3,Normal
22.96,0.27,0.23,Normal
9.61,0.2,0.48,Fatigue_Dryness
20.47,0.34,0.5,Fatigue_Dryness
22.49,0.28,0.48,Fatigue_Dryness
27.62,0.26,0.2,Normal
31.14,0.44,0.05,Fatigue_Dryness
10.38,0.33,0.45,Fatigue_Dryness
12.01,0.17,0,Normal
8.44,0.24,0.64,Fatigue_Dryness
16.63,0.24,0.26,Normal
22.23,0.26,0.04,Normal
26.4,0.55,0,Fatigue_Dryness
17.89,0.3,0,Normal
15.94,0.01,0.28,Fatigue_Dryness
19.71,0.19,0.25,Normal
11.82,0.02,0,Fatigue_Dryness
35.22,0.21,0.18,Fatigue_Dryness
5.64,0.01,0,Fatigue_Dryness
19.98,0.15,0.37,Normal
34.69,0.07,0.24,Fatigue_Dryness
18.55,0.3,0.17,Normal
16.98,0.25,0,Normal
15.64,0.29,0.19,Normal
17.06,0.24,0.17,Normal
29.48,0.08,0.31,Fatigue_Dryness
1,0.31,0.28,Fatigue_Dryness
30.77,0.48,0.41,Fatigue_Dryness
7.11,0.3,0.15,Normal
16.37,0.2,0,Normal
15.07,0.08,0.45,Fatigue_Dryness
23.21,0.14,0.06,Normal
5.72,0.3,0.03,Fatigue_Dryness
22.2,0.38,0.24,Normal
34.69,0.28,0.31,Fatigue_Dryness
7.59,0.35,0.14,Normal
20.02,0.34,0.14,Normal
13.2,0.31,0.17,Normal
21.91,0.17,0.53,Fatigue_Dryness
18.65,0.27,0.25,Normal
13.37,0.15,0.06,Normal
22.4,0.25,0.06,Normal
32.93,0.29,0.2,Fatigue_Dryness
16.97,0.45,0.3,Fatigue_Dryness
24.26,0.09,0.35,Fatigue_Dryness
8.15,0.31,0.28,Normal
10.85,0.43,0.08,Fatigue_Dryness
22.28,0.34,0.17,Normal
30.37,0.35,0.4,Fatigue_Dryness
21.34,0.32,0.02,Normal
16,0.41,0.16,Fatigue_Dryness
18.49,0.12,0.37,Normal
8.5,0.08,0.43,Fatigue_Dryness
23.34,0.25,0.21,Normal
25.56,0.01,0.17,Fatigue_Dryness
14.88,0.4,0,Normal
14.74,0.4,0.36,Normal
20.63,0.2,0.51,Fatigue_Dryness
15.01,0.21,0.76,Fatigue_Dryness
17.97,0.24,0.33,Normal
35.3,0.26,0.24,Fatigue_Dryness
16.52,0.27,0.07,Normal
15.63,0.32,0,Normal
13.32,0.23,0.29,Normal
24.45,0.36,0.72,Fatigue_Dryness
17.05,0.3,0.5,Fatigue_Dryness
13.31,0.18,0.47,Fatigue_Dryness
29.07,0.41,0.3,Fatigue_Dryness
29.86,0.09,0.32,Fatigue_Dryness
13.7,0.24,0,Normal
3.57,0.37,0.4,Fatigue_Dryness
26.56,0.16,0.13,Normal
13.02,0.29,0.11,Normal
24.83,0.32,0.19,Normal
2.74,0.15,0.18,Fatigue_Dryness
25.64,0.24,0.11,Normal
8.81,0.23,0.25,Normal
24.35,0.18,0.14,Normal
18.61,0.53,0.27,Fatigue_Dryness
10.87,0.16,0,Normal
15.24,0.37,0.21,Normal
23.99,0.2,0.03,Normal
19.35,0.12,0.12,Normal
23.18,0.26,0.28,Normal
34.31,0.33,0,Fatigue_Dryness
5.99,0.36,0.09,Fatigue_Dryness
31.44,0.44,0.36,Fatigue_Dryness
19.33,0.6,0,Fatigue_Dryness
11.31,0.28,0.61,Fatigue_Dryness
7.86,0.17,0.49,Fatigue_Dryness
16.99,0.3,0.15,Normal
25.87,0.22,0.09,Normal
17.48,0.36,0.29,Normal
30.59,0.09,0,Fatigue_Dryness
6.89,0.53,0,Fatigue_Dryness
18.4,0.35,0.16,Normal
8.48,0.05,0.22,Fatigue_Dryness
21.41,0.17,0.27,Normal
25.6,0.35,0.13,Normal
15.13,0.39,0.51,Fatigue_Dryness
1,0.1,0,Fatigue_Dryness
20.09,0.34,0.02,Normal
21.99,0.02,0.35,Fatigue_Dryness
21.73,0.24,0.02,Normal
28.39,0.38,0.01,Normal
9.93,0.18,0.28,Normal
23.94,0.07,0.04,Fatigue_Dryness
28.04,0.27,0.22,Normal
4.27,0.18,0.11,Fatigue_Dryness
21.06,0.33,0.08,Normal
14.47,0.14,0,Normal
17.85,0.16,0.28,Normal
21.28,0.01,0,Fatigue_Dryness
14.6,0.27,0.22,Normal
13.09,0.23,0.15,Normal
18.77,0.11,0.21,Normal
9.8,0.27,0.22,Normal
9.81,0.37,0.29,Normal
23.93,0.22,0.1,Normal
9.31,0.28,0.5,Fatigue_Dryness
23.83,0.28,0,Normal
22.2,0.11,0.21,Normal
4.69,0.5,0.42,Fatigue_Dryness
13.08,0.19,0.35,Normal
28.05,0.33,0.06,Normal
10.65,0.34,0.09,Normal
14.78,0.23,0.05,Normal
22.2,0.32,0.37,Normal
24.77,0.28,0.1,Normal
16.49,0.08,0.3,Fatigue_Dryness
13.72,0.21,0.3,Normal
29.88,0.18,0.72,Fatigue_Dryness
32.41,0.2,0.31,Fatigue_Dryness
26.33,0.09,0.09,Fatigue_Dryness
19.18,0.39,0,Normal
12.03,0.44,0.2,Fatigue_Dryness
11.86,0.37,0.23,Normal
22.68,0.4,0,Fatigue_Dryness
21.85,0.21,0.11,Normal
29.71,0.17,0.31,Normal
23.7,0.16,0.14,Normal
6.48,0.33,0.44,Fatigue_Dryness
26.92,0.28,0,Normal
10.52,0.24,0.39,Normal
15.43,0.41,0.43,Fatigue_Dryness
20.5,0.3,0.44,Fatigue_Dryness
34.47,0.15,0,Fatigue_Dryness
43.38,0.17,0.31,Fatigue_Dryness
23.35,0.33,0.12,Normal
17.03,0.38,0,Normal
22.78,0.32,0.17,Normal
25.6,0.48,0.07,Fatigue_Dryness
15.93,0.45,0.43,Fatigue_Dryness
32.86,0.3,0.35,Fatigue_Dryness
20.34,0.15,0.02,Normal
22.48,0.09,0.11,Fatigue_Dryness
23.83,0.2,0.17,Normal
21.87,0.34,0.24,Normal
25.21,0.47,0.45,Fatigue_Dryness
13.56,0.3,0.39,Normal
14.03,0.39,0.26,Normal
9.7,0.22,0.2,Normal
22.02,0.33,0,Normal
24.73,0.35,0.51,Fatigue_Dryness
22.16,0.01,0.16,Fatigue_Dryness
31.9,0.2,0.56,Fatigue_Dryness
18.46,0.36,0.29,Normal
23.85,0.28,0.66,Fatigue_Dryness
9.77,0.11,0.37,Normal
15.4,0.01,0,Fatigue_Dryness
24.06,0.21,0.13,Normal
25.29,0.24,0.22,Normal
16.15,0.14,0.08,Normal
17.93,0.27,0.18,Normal
6.36,0.31,0,Fatigue_Dryness
15.64,0.33,0.25,Normal
25.62,0.01,0.3,Fatigue_Dryness
23.1,0.09,0.05,Fatigue_Dryness
22.51,0.21,0.64,Fatigue_Dryness
18.9,0.32,0.26,Normal
18.56,0.31,0.09,Normal
13.22,0.31,0,Normal
24.09,0.2,0.26,Normal
21.87,0.21,0.2,Normal
22.44,0.16,0.41,Fatigue_Dryness
14.29,0.34,0.22,Normal
1.27,0.14,0.01,Fatigue_Dryness
27.28,0.35,0.58,Fatigue_Dryness
14.67,0.28,0.34,Normal
11.6,0.25,0.2,Normal
24.05,0.17,0.28,Normal
15.36,0.09,0.35,Fatigue_Dryness
26.98,0.17,0,Normal
23.44,0.21,0.28,Normal
23.97,0.01,0.16,Fatigue_Dryness
7.57,0.23,0.35,Normal
28.2,0.36,0.1,Normal
20.59,0.32,0.13,Normal
15.55,0.19,0.58,Fatigue_Dryness
19.65,0.26,0.5,Fatigue_Dryness
4.29,0.18,0,Fatigue_Dryness
21.77,0.27,0.48,Fatigue_Dryness
10.27,0.44,0.24,Fatigue_Dryness
7.68,0.37,0.11,Normal
6.32,0.31,0.05,Fatigue_Dryness
27.4,0.19,0.06,Normal
13.47,0.34,0.11,Normal
30.77,0.05,0.03,Fatigue_Dryness
14.21,0.22,0,Normal
4.84,0.32,0.04,Fatigue_Dryness
9.57,0.34,0.32,Normal
28.39,0.33,0.26,Normal
17.25,0.29,0.36,Normal
14.11,0.23,0.24,Normal
19.78,0.32,0,Normal
22.51,0.14,0.35,Normal
27.44,0.15,0.05,Normal
30.09,0.26,0.38,Fatigue_Dryness
15.62,0.27,0.02,Normal
7.89,0.03,0.11,Fatigue_Dryness
15.19,0.31,0.18,Normal
20.58,0.34,0.39,Normal
10.79,0.24,0.29,Normal
10.84,0.54,0.25,Fatigue_Dryness
21.25,0.17,0.63,Fatigue_Dryness
18.11,0.21,0,Normal
18.76,0.2,0.04,Normal
12.43,0.24,0.03,Normal
16.66,0.21,0,Normal
11.11,0.08,0.11,Fatigue_Dryness
25.62,0.18,0.39,Normal
26.78,0.24,0.13,Normal
3.73,0.4,0.18,Fatigue_Dryness
11.06,0.51,0,Fatigue_Dryness
6.53,0.41,0.09,Fatigue_Dryness
13.3,0.16,0.16,Normal
17.83,0.17,0.38,Normal
6.9,0.23,0,Fatigue_Dryness
11.13,0.46,0.16,Fatigue_Dryness
10.47,0.23,0.47,Fatigue_Dryness
20.16,0.09,0.16,Fatigue_Dryness
19.05,0.19,0,Normal
12.73,0.34,0.51,Fatigue_Dryness
19.91,0.33,0.4,Normal
14.13,0.23,0.42,Fatigue_Dryness
16.33,0.33,0,Normal
31.89,0.01,0.55,Fatigue_Dryness
29.22,0.26,0.1,Normal
8.1,0.35,0.15,Normal
25.14,0.15,0.11,Normal
24.99,0.15,0.44,Fatigue_Dryness
9.31,0.03,0.21,Fatigue_Dryness
25.05,0.44,0.35,Fatigue_Dryness
30.8,0.16,0.27,Fatigue_Dryness
9.52,0.28,0.23,Normal
11.16,0.32,0.06,Normal
26.64,0.43,0.61,Fatigue_Dryness
20.67,0.23,0,Normal
22.91,0.19,0.33,Normal
21.22,0.27,0.33,Normal
21.63,0.4,0.48,Fatigue_Dryness
7.89,0.23,0.53,Fatigue_Dryness
26.88,0.14,0.22,Normal
27.86,0.07,0.36,Fatigue_Dryness
16.66,0.1,0.6,Fatigue_Dryness
18.15,0.35,0.24,Normal
6.25,0.21,0.04,Fatigue_Dryness
22.61,0.18,0.17,Normal
23.08,0.16,0,Normal
18,0.26,0.32,Normal
27.49,0.22,0.46,Fatigue_Dryness
15.83,0.22,0.23,Normal
23.02,0.41,0,Fatigue_Dryness
10.34,0.44,0.45,Fatigue_Dryness
18.31,0.06,0,Fatigue_Dryness
17.11,0.29,0,Normal
20.3,0.16,0.21,Normal
15.54,0.22,0.3,Normal
17.45,0.29,0.33,Normal
25.11,0.22,0.24,Normal
15.01,0.28,0.6,Fatigue_Dryness
5.65,0.33,0.26,Fatigue_Dryness
32.5,0.29,0.46,Fatigue_Dryness
29.55,0.17,0.41,Fatigue_Dryness
8.16,0.17,0,Normal
24.02,0.08,0.22,Fatigue_Dryness
14.48,0.15,0.68,Fatigue_Dryness
20.61,0.49,0.15,Fatigue_Dryness
20.85,0.16,0.12,Normal
16.62,0.11,0.28,Normal
12.23,0.29,0.16,Normal
12.98,0.24,0.09,Normal
11.17,0.23,0.15,Normal
11.85,0.42,0.54,Fatigue_Dryness
17.96,0.32,0.22,Normal
12.77,0.19,0,Normal
23.96,0.2,0,Normal
30.4,0.19,0.69,Fatigue_Dryness
13.86,0.36,0.21,Normal
20.42,0.21,0.34,Normal
22.5,0.04,0.1,Fatigue_Dryness
22.28,0.24,0.31,Normal
19.11,0.07,0.54,Fatigue_Dryness
24.44,0.51,0.12,Fatigue_Dryness
22.36,0.13,0.34,Normal
8.6,0.23,0,Normal
25.45,0.28,0.66,Fatigue_Dryness
25.6,0.22,0.3,Normal
12.39,0.22,0.17,Normal
18.8,0.3,0.19,Normal
23.97,0.43,0.15,Fatigue_Dryness
16.83,0.34,0.16,Normal
27.08,0.43,0,Fatigue_Dryness
37.41,0.12,0.23,Fatigue_Dryness
12.21,0.29,0.22,Normal
7.45,0.27,0.35,Normal
20.93,0.29,0.15,Normal
24.27,0.42,0.1,Fatigue_Dryness
16.65,0.22,0.25,Normal
30.13,0.2,0,Fatigue_Dryness
7.79,0.31,0.28,Normal
24.04,0.04,0,Fatigue_Dryness
13.65,0.22,0.47,Fatigue_Dryness
32.26,0.23,0.39,Fatigue_Dryness
34.44,0.14,0.07,Fatigue_Dryness
12.37,0.38,0.38,Normal
14.1,0.12,0.27,Normal
25.38,0.23,0.05,Normal
15.4,0.29,0,Normal
18.14,0.41,0.31,Fatigue_Dryness
18.7,0.25,0.09,Normal
3.14,0.36,0.47,Fatigue_Dryness
18.39,0.33,0.25,Normal
12.98,0.27,0.11,Normal
14.56,0.12,0.61,Fatigue_Dryness
30.05,0.08,0.37,Fatigue_Dryness
8.45,0.26,0,Normal
25.01,0.19,0.15,Normal
16.27,0.36,0,Normal
16.26,0.34,0.09,Normal
24.82,0.23,0.22,Normal
21.22,0.11,0.32,Normal
23.06,0.31,0.3,Normal
26.25,0.13,0.47,Fatigue_Dryness
15.85,0.16,0.38,Normal
13.6,0.13,0.37,Normal
9.82,0.23,0.29,Normal
11.9,0.39,0.51,Fatigue_Dryness
42.09,0.25,0.19,Fatigue_Dryness
28.46,0.2,0.19,Normal
7.69,0.07,0,Fatigue_Dryness
7.92,0.32,0.46,Fatigue_Dryness
22.35,0.16,0.24,Normal
22.88,0.26,0.84,Fatigue_Dryness
22.89,0.21,0.17,Normal
16.46,0.35,0.27,Normal
17.5,0.23,0.36,Normal
21.12,0.24,0.03,Normal
19.19,0.31,0.32,Normal
1,0.5,0.26,Fatigue_Dryness
16.66,0.36,0.19,Normal
11.69,0.24,0.49,Fatigue_Dryness
19.9,0.25,0.07,Normal
42.38,0.19,0.31,Fatigue_Dryness
21.44,0.14,0.54,Fatigue_Dryness
15.99,0.18,0.11,Normal
25.87,0.16,0.19,Normal
22.36,0.33,0.72,Fatigue_Dryness
21.86,0.12,0.35,Normal
23.35,0.41,0.15,Fatigue_Dryness
34.95,0.34,0.41,Fatigue_Dryness
9.45,0.25,0.14,Normal
22.29,0.25,0,Normal
11.09,0.18,0.52,Fatigue_Dryness
22.94,0.28,0.03,Normal
11.15,0.38,0.74,Fatigue_Dryness
15.16,0.17,0.15,Normal
16.14,0.07,0.68,Fatigue_Dryness
26.31,0.33,0,Normal
25.85,0.29,0.46,Fatigue_Dryness
8.53,0.12,0.35,Normal
18.94,0.16,0.42,Fatigue_Dryness
12.82,0.15,0.44,Fatigue_Dryness
8.43,0.16,0.15,Normal
16.76,0.21,0,Normal
16.03,0.22,0.24,Normal
37.91,0.17,0.3,Fatigue_Dryness
21.96,0.16,0.16,Normal
7.48,0.22,0.31,Normal
13.98,0.27,0.32,Normal
26.67,0.21,0.07,Normal
35.21,0.39,0.33,Fatigue_Dryness
5.81,0.31,0.2,Fatigue_Dryness
3.46,0.06,0.11,Fatigue_Dryness
33.47,0.31,0.41,Fatigue_Dryness
21.62,0.32,0.1,Normal
11.55,0.2,0.16,Normal
22.78,0.07,0.26,Fatigue_Dryness
1,0.25,0.53,Fatigue_Dryness
18.53,0.25,0.29,Normal
21.12,0.12,0.36,Normal
25.89,0.08,0.19,Fatigue_Dryness
10.39,0.24,0.23,Normal
19.19,0.22,0.24,Normal
11.1,0.2,0.31,Normal
20.54,0.24,0.19,Normal
11.34,0.12,0.52,Fatigue_Dryness
15.24,0.2,0.18,Normal
10.53,0.31,0,Normal
23.71,0.21,0.8,Fatigue_Dryness
25.37,0.05,0.19,Fatigue_Dryness
16.62,0.19,0.51,Fatigue_Dryness
18.81,0.12,0.53,Fatigue_Dryness
6.91,0.28,0.44,Fatigue_Dryness
16.1,0.29,0.21,Normal
18.1,0.05,0.31,Fatigue_Dryness
39.47,0.34,0,Fatigue_Dryness
9.6,0.12,0.65,Fatigue_Dryness
30.21,0.44,0.08,Fatigue_Dryness
26.47,0.24,0.2,Normal
20.75,0.1,0.27,Normal
32.57,0.11,0.23,Fatigue_Dryness
21.48,0.29,0.12,Normal
21.61,0.2,0.53,Fatigue_Dryness
18.08,0.24,0.44,Fatigue_Dryness
28.29,0.44,0.31,Fatigue_Dryness
27.27,0.17,0.17,Normal
13.49,0.26,0.46,Fatigue_Dryness
7.95,0.42,0.16,Fatigue_Dryness
16.88,0.28,0.56,Fatigue_Dryness
12.1,0.06,0.27,Fatigue_Dryness
17.99,0.31,0.5,Fatigue_Dryness
28.4,0.11,0.23,Normal
14.84,0.42,0.26,Fatigue_Dryness
18.16,0.15,0.5,Fatigue_Dryness
18.96,0.61,0.69,Fatigue_Dryness
25.29,0.43,0.56,Fatigue_Dryness
1,0.15,0.43,Fatigue_Dryness
13.65,0.25,0.37,Normal
20.19,0.34,0.15,Normal
28.1,0.34,0.31,Normal
14.56,0.3,0.07,Normal
3.49,0.4,0.33,Fatigue_Dryness
23.46,0.24,0.34,Normal
13.42,0.21,0,Normal
8.98,0.21,0.26,Normal
13.51,0.35,0.33,Normal
17.02,0.29,0.23,Normal
13.66,0.29,0.32,Normal
1,0.35,0,Fatigue_Dryness
25.68,0.01,0.1,Fatigue_Dryness
28.7,0.29,0.46,Fatigue_Dryness
23.71,0.28,0.25,Normal
9.4,0.45,0.32,Fatigue_Dryness
16.89,0.07,0.14,Fatigue_Dryness
18.45,0.44,0.25,Fatigue_Dryness
23.29,0.26,0,Normal
23.85,0.31,0.42,Fatigue_Dryness
12.63,0.45,0.61,Fatigue_Dryness
19.16,0.32,0.04,Normal
22.16,0.3,0.06,Normal
30.15,0.28,0.34,Fatigue_Dryness
24.14,0.19,0.55,Fatigue_Dryness
24.81,0.25,0.25,Normal
19.17,0.16,0,Normal
29.78,0.25,0.21,Normal
21.78,0.01,0.04,Fatigue_Dryness
11.61,0.3,0.12,Normal
29.73,0.24,0.19,Normal
24.08,0.21,0.06,Normal
14.96,0.28,0.09,Normal
14.66,0.08,0.27,Fatigue_Dryness
20.87,0.48,0.29,Fatigue_Dryness
22.21,0.24,0,Normal
20.08,0.23,0.33,Normal
20.99,0.13,0.17,Normal
32.1,0.25,0.39,Fatigue_Dryness
27.07,0.42,0.41,Fatigue_Dryness
20.03,0.37,0.14,Normal
26.03,0.35,0.37,Normal
10.24,0.32,0.08,Normal
21.68,0.21,0.52,Fatigue_Dryness
32.97,0.08,0.09,Fatigue_Dryness
16.76,0.23,0.32,Normal
11.72,0.22,0.21,Normal
13.28,0.38,0.05,Normal
9.78,0.29,0.43,Fatigue_Dryness
12.22,0.44,0.13,Fatigue_Dryness
15.54,0.39,0,Normal
7.26,0.2,0,Normal
18.62,0.04,0.08,Fatigue_Dryness
25.72,0.42,0.53,Fatigue_Dryness
11.24,0.41,0.5,Fatigue_Dryness
30.65,0.09,0.11,Fatigue_Dryness
22.59,0.43,0.18,Fatigue_Dryness
26.74,0.3,0.16,Normal
13.24,0.27,0,Normal
25.34,0.44,0.06,Fatigue_Dryness
9.76,0.41,0.45,Fatigue_Dryness
25.62,0.33,0.35,Normal
19.87,0.31,0.31,Normal
22.93,0.32,0,Normal
9.1,0.2,0.27,Normal
11.34,0.24,0,Normal
23.28,0.14,0.42,Fatigue_Dryness
10.91,0.21,0.3,Normal
22.21,0.21,0,Normal
7.56,0.17,0.57,Fatigue_Dryness
25.29,0.27,0,Normal
8.64,0.21,0.36,Normal
22.92,0.31,0.36,Normal
23.51,0.06,0,Fatigue_Dryness
12.93,0.24,0.24,Normal
23.16,0.27,0,Normal
20.58,0.21,0,Normal
14.19,0.23,0.04,Normal
10.43,0.06,0.13,Fatigue_Dryness
2.8,0.29,0.38,Fatigue_Dryness
21.3,0.33,0.26,Normal
5.98,0.31,0.27,Fatigue_Dryness
19.26,0.38,0.05,Normal
16.39,0.27,0.14,Normal
23.93,0.31,0.06,Normal
16.08,0.27,0.01,Normal
15.86,0.33,0.13,Normal
24.35,0.06,0.27,Fatigue_Dryness
21.18,0.14,0.14,Normal
21.03,0.44,0.19,Fatigue_Dryness
22.25,0.01,0.39,Fatigue_Dryness
6.22,0.23,0.15,Fatigue_Dryness
24.55,0.39,0,Normal
23.4,0.24,0.36,Normal
10.37,0.2,0.3,Normal
16.55,0.27,0.32,Normal
18.19,0.21,0.38,Normal
17.42,0.25,0.34,Normal
21.17,0.17,0.26,Normal
29.95,0.38,0.73,Fatigue_Dryness
27.15,0.42,0,Fatigue_Dryness
8,0.23,0.13,Normal
23.48,0.08,0.44,Fatigue_Dryness
29.13,0.19,0.28,Normal
21.59,0.23,0.4,Fatigue_Dryness
27.23,0.31,0.28,Normal
34.6,0.13,0.53,Fatigue_Dryness
26.69,0.16,0.05,Normal
20.49,0.31,0.52,Fatigue_Dryness
26.86,0.36,0.48,Fatigue_Dryness
19.66,0.18,0.01,Normal
18.69,0.09,0.38,Fatigue_Dryness
15.69,0.64,0.24,Fatigue_Dryness
31.01,0.34,0.13,Fatigue_Dryness
11.95,0.22,0,Normal
30.76,0.35,0.05,Fatigue_Dryness
22.5,0.24,0.39,Normal
7.31,0.35,0.41,Fatigue_Dryness
21.44,0.27,0.21,Normal
1.7,0.26,0.41,Fatigue_Dryness
23.5,0.24,0.44,Fatigue_Dryness
25.58,0.08,0.28,Fatigue_Dryness
13.76,0.48,0.11,Fatigue_Dryness
19.49,0.14,0.34,Normal
34.13,0.09,0.35,Fatigue_Dryness
14.45,0.22,0.39,Normal
10.03,0.14,0.42,Fatigue_Dryness
30.35,0.24,0,Fatigue_Dryness
34.2,0.33,0.15,Fatigue_Dryness
18.53,0.37,0,Normal
26.59,0.35,0.4,Normal
29.23,0.21,0.21,Normal
12.56,0.26,0.34,Normal
14.62,0.3,0,Normal
28.35,0.04,0.53,Fatigue_Dryness
31.98,0.32,0.01,Fatigue_Dryness
23,0.08,0.41,Fatigue_Dryness
11.46,0.5,0.27,Fatigue_Dryness
34.4,0.2,0.21,Fatigue_Dryness
14.25,0.23,0.2,Normal
15.82,0.16,0.12,Normal
21.24,0.17,0.51,Fatigue_Dryness
30.93,0.52,0.25,Fatigue_Dryness
25.33,0.36,0,Normal
21.82,0.06,0.17,Fatigue_Dryness
22.21,0.43,0.28,Fatigue_Dryness
18.85,0.39,0.43,Fatigue_Dryness
22.97,0.22,0.13,Normal
1,0.29,0.14,Fatigue_Dryness
16.13,0.25,0.26,Normal
20.43,0.49,0.43,Fatigue_Dryness
9.29,0.15,0,Normal
21.59,0.27,0.35,Normal
16.86,0.2,0.16,Normal
32.54,0.08,0.19,Fatigue_Dryness
31.08,0.51,0.65,Fatigue_Dryness
14.77,0.11,0.21,Normal
17.29,0.28,0.4,Fatigue_Dryness
17.91,0.04,0.39,Fatigue_Dryness
14.89,0.2,0.01,Normal
20.06,0.3,0,Normal
12.43,0.15,0.41,Fatigue_Dryness
9.46,0.32,0.03,Normal
23.48,0.22,0,Normal
23.54,0.39,0.46,Fatigue_Dryness
12.07,0.41,0.05,Fatigue_Dryness
25.66,0.18,0.1,Normal
13.45,0.26,0.65,Fatigue_Dryness
20.53,0.27,0,Normal
25.06,0.32,0,Normal
18.23,0.25,0.16,Normal
22.14,0.27,0.2,Normal
14.37,0.22,0.07,Normal
16.93,0.26,0.02,Normal
16.85,0.41,0.55,Fatigue_Dryness
12.53,0.33,0.3,Normal
17.09,0.33,0.37,Normal
6.11,0.34,0.22,Fatigue_Dryness
14.57,0.23,0.31,Normal
16.22,0.29,0.44,Fatigue_Dryness
16.45,0.12,0.05,Normal
16.57,0.4,0.3,Fatigue_Dryness
18.01,0.01,0.39,Fatigue_Dryness
22.34,0.24,0.56,Fatigue_Dryness
25.5,0.39,0.64,Fatigue_Dryness
13.3,0.09,0.26,Fatigue_Dryness
8.87,0.3,0.48,Fatigue_Dryness
10.16,0.17,0,Normal
14.6,0.21,0.56,Fatigue_Dryness
15.68,0.36,0.11,Normal
12.34,0.27,0.2,Normal
8.13,0.01,0.34,Fatigue_Dryness
14.85,0.13,0.22,Normal
19.95,0.37,0.29,Normal
23.26,0.3,0.57,Fatigue_Dryness
14.04,0.46,0.17,Fatigue_Dryness
15.2,0.45,0.03,Fatigue_Dryness
11.09,0.21,0.61,Fatigue_Dryness
18.25,0.55,0.36,Fatigue_Dryness
11.71,0.25,0.63,Fatigue_Dryness
23.09,0.13,0.42,Fatigue_Dryness
4.21,0.17,0,Fatigue_Dryness
15.62,0.01,0.38,Fatigue_Dryness
20.91,0.44,0.05,Fatigue_Dryness
19.97,0.44,0.25,Fatigue_Dryness
40.04,0.13,0.24,Fatigue_Dryness
21.3,0.22,0,Normal
10.47,0.26,0.09,Normal
17.74,0.14,0.69,Fatigue_Dryness
4.29,0.04,0.3,Fatigue_Dryness
17.86,0.23,0.22,Normal
11.84,0.21,0.61,Fatigue_Dryness
25.82,0.2,0.17,Normal
14.1,0.28,0.23,Normal
17.57,0.42,0.45,Fatigue_Dryness
13.42,0.21,0.17,Normal
32.41,0.27,0.1,Fatigue_Dryness
15.93,0.34,0,Normal
33.16,0.32,0.06,Fatigue_Dryness
25.01,0.18,0.06,Normal
22.36,0.26,0.28,Normal
21.45,0.32,0.13,Normal
21.65,0.12,0.68,Fatigue_Dryness
3.08,0.4,0.04,Fatigue_Dryness
16.27,0.42,0.53,Fatigue_Dryness
25.26,0.16,0.29,Normal
18.11,0.27,0.41,Fatigue_Dryness
7.26,0.33,0.4,Normal
18.08,0.19,0,Normal
32.13,0.31,0.25,Fatigue_Dryness
28.48,0.27,0.2,Normal
18,0.07,0.02,Fatigue_Dryness
26.11,0.31,0.34,Normal
15.57,0.12,0.59,Fatigue_Dryness
4.87,0.36,0,Fatigue_Dryness
11.1,0.17,0.14,Normal
31,0.23,0,Fatigue_Dryness
16.31,0.42,0.26,Fatigue_Dryness
16.55,0.31,0.19,Normal
16.1,0.12,0.13,Normal
33.73,0.13,0.39,Fatigue_Dryness
31.51,0.18,0.58,Fatigue_Dryness
36.25,0.3,0.78,Fatigue_Dryness
17.23,0.29,0.1,Normal
20.86,0.15,0,Normal
6.37,0.11,0.36,Fatigue_Dryness
30.32,0.28,0.57,Fatigue_Dryness
9.16,0.23,0.41,Fatigue_Dryness
20.23,0.51,0.57,Fatigue_Dryness
9.72,0.25,0.21,Normal
13.79,0.47,0.13,Fatigue_Dryness
11.8,0.11,0.27,Normal
13.64,0.06,0.18,Fatigue_Dryness
14.19,0.12,0.38,Normal
14.11,0.39,0.44,Fatigue_Dryness
25.17,0.46,0.46,Fatigue_Dryness
9.66,0.16,0.35,Normal
20.26,0.2,0.3,Normal
28.24,0.11,0.41,Fatigue_Dryness
14.39,0.03,0,Fatigue_Dryness
12.76,0.34,0.29,Normal
16.66,0.28,0.26,Normal
27.94,0.25,0.29,Normal
20.05,0.08,0.23,Fatigue_Dryness
14.25,0.45,0.34,Fatigue_Dryness
22.37,0.19,0.14,Normal
9.68,0.31,0.48,Fatigue_Dryness
23.95,0.08,0.35,Fatigue_Dryness
21.77,0.23,0.28,Normal
16.04,0.29,0.11,Normal
11.79,0.29,0.41,Fatigue_Dryness
11.41,0.27,0.29,Normal
22.78,0.31,0.1,Normal
28.33,0.11,0.24,Normal
13.4,0.27,0.38,Normal
22.17,0.26,0.36,Normal
1.8,0.28,0.35,Fatigue_Dryness
13.82,0.26,0.27,Normal
18.25,0.1,0.46,Fatigue_Dryness
11.22,0.09,0.5,Fatigue_Dryness
11.01,0.01,0.4,Fatigue_Dryness
13.16,0.35,0.13,Normal
20.84,0.35,0.04,Normal
17,0.35,0.14,Normal
1,0.29,0.64,Fatigue_Dryness
1.53,0.01,0.31,Fatigue_Dryness
13.65,0.13,0.68,Fatigue_Dryness
22.16,0.27,0.23,Normal
1,0.27,0.2,Fatigue_Dryness
14.5,0.22,0.24,Normal
14.29,0.29,0.23,Normal
29.61,0.25,0.1,Normal
15.42,0.26,0.02,Normal
21.56,0.17,0.35,Normal
19.63,0.37,0.46,Fatigue_Dryness
1.46,0.2,0.74,Fatigue_Dryness
24.65,0.09,0.16,Fatigue_Dryness
20.22,0.16,0.18,Normal
22.57,0.21,0.1,Normal
49.91,0.37,0.48,Fatigue_Dryness
1.83,0.25,0.41,Fatigue_Dryness
32.3,0.23,0.08,Fatigue_Dryness
16.2,0.1,0.07,Normal
20.8,0.34,0.44,Fatigue_Dryness
18.14,0.17,0.33,Normal
15.11,0.24,0.4,Fatigue_Dryness
13.94,0.43,0.07,Fatigue_Dryness
21.14,0.31,0,Normal
6.36,0.06,0.08,Fatigue_Dryness
24.5,0.04,0.39,Fatigue_Dryness
15.17,0.24,0.67,Fatigue_Dryness
9.46,0.1,0.16,Normal
14.9,0.33,0.71,Fatigue_Dryness
28.56,0.26,0.42,Fatigue_Dryness
14.22,0.27,0,Normal
21.37,0.17,0.29,Normal
12.65,0.46,0.42,Fatigue_Dryness
24.56,0.59,0,Fatigue_Dryness
23.98,0.22,0.38,Normal
33.29,0.29,0.49,Fatigue_Dryness
17.1,0.26,0.33,Normal
23.85,0.22,0.24,Normal
19.28,0.15,0.22,Normal
28.87,0.12,0.2,Normal
12.75,0.11,0.02,Normal
24.46,0.3,0.11,Normal
16.94,0.19,0.17,Normal
17.99,0.01,0.27,Fatigue_Dryness
19.23,0.3,0.14,Normal
20.52,0.25,0.08,Normal
17.57,0.41,0.4,Fatigue_Dryness
20.22,0.3,0.32,Normal
31.12,0.07,0.14,Fatigue_Dryness
26.38,0.01,0.35,Fatigue_Dryness
25.45,0.16,0.16,Normal
14.86,0.18,0.26,Normal
11.39,0.36,0.45,Fatigue_Dryness
26.14,0.25,0.13,Normal
25.51,0.39,0.02,Normal
30.28,0.09,0.22,Fatigue_Dryness
13.67,0.37,0,Normal
16.66,0.34,0.2,Normal
5.38,0.01,0.19,Fatigue_Dryness
15.36,0.41,0,Fatigue_Dryness
26.47,0.26,0.36,Normal
14.77,0.3,0.21,Normal
23.62,0.15,0.49,Fatigue_Dryness
16.98,0.4,0.29,Fatigue_Dryness
21.09,0.11,0.4,Normal
9.32,0.35,0.49,Fatigue_Dryness
19.18,0.35,0.22,Normal
1,0.13,0.25,Fatigue_Dryness
17,0.49,0,Fatigue_Dryness
5.46,0.28,0.5,Fatigue_Dryness
28.15,0.33,0.22,Normal
24.72,0.07,0.05,Fatigue_Dryness
22.23,0.5,0.4,Fatigue_Dryness
30.67,0.1,0,Fatigue_Dryness
10.91,0.37,0.16,Normal
32.48,0.13,0.43,Fatigue_Dryness
25.96,0.18,0.16,Normal
16.61,0.35,0.11,Normal
27.58,0.37,0.17,Normal
9.65,0.1,0,Fatigue_Dryness
11.9,0.38,0.39,Normal
13.63,0.38,0.23,Normal
14.27,0.14,0.2,Normal
10.05,0.44,0.2,Fatigue_Dryness
28.28,0.08,0.25,Fatigue_Dryness
16.43,0.18,0.38,Normal
21.32,0.31,0.24,Normal
13.94,0.15,0,Normal
3.94,0.28,0.37,Fatigue_Dryness
20.66,0.28,0.35,Normal
3.2,0.23,0.29,Fatigue_Dryness
17.95,0.35,0.47,Fatigue_Dryness
7.55,0.22,0.26,Normal
34.4,0.28,0.47,Fatigue_Dryness
25.79,0.39,0.53,Fatigue_Dryness
19.35,0.35,0.37,Normal
28.61,0.34,0.1,Normal
11.73,0.11,0.22,Normal
22.85,0.31,0.5,Fatigue_Dryness
20.1,0.15,0,Normal
20.61,0.1,0.17,Fatigue_Dryness
28.68,0.24,0.18,Normal
24.36,0.14,0.08,Normal
20.81,0.35,0.43,Fatigue_Dryness
5.26,0.35,0.33,Fatigue_Dryness
10.82,0.02,0.11,Fatigue_Dryness
17.52,0.15,0.37,Normal
19.25,0.08,0.22,Fatigue_Dryness
9.46,0.19,0.07,Normal
37.79,0.31,0.11,Fatigue_Dryness
30.63,0.22,0.34,Fatigue_Dryness
23.32,0.18,0.44,Fatigue_Dryness
19.08,0.41,0.15,Fatigue_Dryness
16.8,0.01,0.36,Fatigue_Dryness
10.88,0.4,0.57,Fatigue_Dryness
19.12,0.19,0,Normal
20.56,0.24,0.32,Normal
8.57,0.19,0.42,Fatigue_Dryness
21.17,0.44,0.23,Fatigue_Dryness
17.26,0.1,0.5,Fatigue_Dryness
3.24,0.25,0.69,Fatigue_Dryness
11.62,0.31,0.32,Normal
15.19,0.06,0.2,Fatigue_Dryness
33.6,0.14,0.45,Fatigue_Dryness
22.95,0.23,0.42,Fatigue_Dryness
7.82,0.14,0,Normal
22.39,0.15,0.25,Normal
6.12,0.21,0.17,Fatigue_Dryness
27.16,0.33,0.33,Normal
14.73,0.21,0.21,Normal
17.75,0.38,0.23,Normal
29.11,0.13,0.08,Normal
8.2,0.1,0.4,Normal
7.32,0.48,0.58,Fatigue_Dryness
13.83,0.17,0.08,Normal
26.81,0.09,0,Fatigue_Dryness
6.35,0.04,0.25,Fatigue_Dryness
1,0.38,0.24,Fatigue_Dryness
14.89,0.21,0.48,Fatigue_Dryness
22.91,0.22,0,Normal
28.1,0.23,0.14,Normal
14.79,0.37,0,Normal
15.21,0.23,0.53,Fatigue_Dryness
27.73,0.53,0.3,Fatigue_Dryness
3.54,0.27,0.16,Fatigue_Dryness
15.39,0.38,0,Normal
20.02,0.35,0,Normal
22.09,0.25,0.33,Normal
14.42,0.18,0.03,Normal
18.78,0.29,0.27,Normal
1,0.31,0.66,Fatigue_Dryness
13.23,0.18,0.18,Normal
22.13,0.27,0.06,Normal
10.64,0.4,0.33,Normal
18.97,0.5,0.01,Fatigue_Dryness
22.07,0.35,0.59,Fatigue_Dryness
15.76,0.47,0.53,Fatigue_Dryness
19.86,0.17,0.22,Normal
10.8,0.33,0.07,Normal
16.85,0.41,0.17,Fatigue_Dryness
23.38,0.14,0.19,Normal
19.76,0.19,0.33,Normal
13.81,0.46,0.46,Fatigue_Dryness
20.29,0.13,0.04,Normal
24.22,0.09,0.45,Fatigue_Dryness
2.1,0.43,0.37,Fatigue_Dryness
27.77,0.39,0.15,Normal
15.81,0.3,0.03,Normal
21.9,0.25,0.27,Normal
28.08,0.2,0.04,Normal
7.53,0.28,0.46,Fatigue_Dryness
12.82,0.44,0.03,Fatigue_Dryness
16.19,0.28,0.36,Normal
12.23,0.51,0.23,Fatigue_Dryness
32.38,0.14,0.14,Fatigue_Dryness
11.65,0.25,0.23,Normal
14.06,0.21,0.47,Fatigue_Dryness
20.14,0.12,0.01,Normal
8.88,0.23,0.17,Normal
15.33,0.3,0.1,Normal
21.04,0.31,0.24,Normal
15.84,0.51,0.11,Fatigue_Dryness
17.75,0.31,0,Normal
14.27,0.39,0.04,Normal
6.38,0.26,0.58,Fatigue_Dryness
21.07,0.45,0.3,Fatigue_Dryness
32.54,0.54,0.29,Fatigue_Dryness
18.65,0.31,0.19,Normal
20.3,0.13,0.24,Normal
24.04,0.18,0.16,Normal
8.35,0.28,0.36,Normal
32.12,0.31,0.27,Fatigue_Dryness
20.12,0.33,0.02,Normal
31.55,0.31,0.3,Fatigue_Dryness
12.64,0.25,0,Normal
33.04,0.17,0.33,Fatigue_Dryness
24.7,0.3,0,Normal
22.92,0.47,0.23,Fatigue_Dryness
20.37,0.37,0.01,Normal
16.51,0.31,0.25,Normal
28.1,0.37,0.37,Normal
19.62,0.21,0.55,Fatigue_Dryness
2.76,0.19,0,Fatigue_Dryness
9.56,0.16,0.45,Fatigue_Dryness
17.01,0.24,0.28,Normal
20.98,0.2,0.16,Normal
18.05,0.4,0.4,Fatigue_Dryness
28.25,0.19,0.2,Normal
2.89,0.15,0.39,Fatigue_Dryness
19.65,0.48,0.05,Fatigue_Dryness
3.96,0.2,0.12,Fatigue_Dryness
24.58,0.27,0.44,Fatigue_Dryness
17.74,0.3,0.55,Fatigue_Dryness
21.86,0.11,0.24,Normal
11.59,0.4,0,Normal
28.74,0.33,0.21,Normal
26.83,0.44,0.26,Fatigue_Dryness
23.17,0.17,0.2,Normal
17.46,0.26,0.32,Normal
23.14,0.26,0.16,Normal
12.84,0.28,0.42,Fatigue_Dryness
25.34,0.08,0.02,Fatigue_Dryness
31.7,0.26,0.5,Fatigue_Dryness
27.06,0.08,0.56,Fatigue_Dryness
12.66,0.29,0.07,Normal
21.39,0.01,0.07,Fatigue_Dryness
8.15,0.03,0.33,Fatigue_Dryness
23.08,0.35,0.01,Normal
22.1,0.18,0.15,Normal
3.54,0.13,0.47,Fatigue_Dryness
9.21,0.4,0.4,Fatigue_Dryness
16.23,0.29,0.65,Fatigue_Dryness
16.09,0.36,0.28,Normal
8.82,0.23,0.13,Normal
21.61,0.57,0.26,Fatigue_Dryness
20.51,0.18,0.22,Normal
16.95,0.46,0.22,Fatigue_Dryness
12.45,0.24,0.25,Normal
26.89,0.05,0.06,Fatigue_Dryness
31.74,0.31,0.31,Fatigue_Dryness
14.63,0.29,0,Normal
13.6,0.12,0.11,Normal
22.43,0.14,0.23,Normal
15.64,0.25,0,Normal
17.38,0.29,0.4,Fatigue_Dryness
24.42,0.01,0,Fatigue_Dryness
3.23,0.38,0.38,Fatigue_Dryness
29.05,0.19,0,Normal
19.08,0.09,0.17,Fatigue_Dryness
15.21,0.36,0.35,Normal
17.79,0.25,0.69,Fatigue_Dryness
18.2,0.4,0.27,Normal
4.65,0.3,0,Fatigue_Dryness
30.46,0.25,0.44,Fatigue_Dryness
18.83,0.23,0.2,Normal
22.04,0.31,0.26,Normal
26.11,0.2,0.36,Normal
10.33,0.15,0,Normal
22.29,0.32,0.25,Normal
16.36,0.23,0.17,Normal
25.27,0.25,0.49,Fatigue_Dryness
1.48,0.38,0.4,Fatigue_Dryness
17.71,0.24,0,Normal
13.68,0.25,0.5,Fatigue_Dryness
21.96,0.18,0.34,Normal
22.26,0.3,0,Normal
12.84,0.29,0.26,Normal
12.8,0.36,0.46,Fatigue_Dryness
17.61,0.18,0.01,Normal
11.33,0.2,0.53,Fatigue_Dryness
25.24,0.35,0,Normal
15.55,0.28,0.09,Normal
1,0.14,0.06,Fatigue_Dryness
15.5,0.41,0.53,Fatigue_Dryness
10.19,0.05,0.15,Fatigue_Dryness
5.45,0.34,0.02,Fatigue_Dryness
8.6,0.1,0.34,Fatigue_Dryness
19.38,0.48,0.38,Fatigue_Dryness
29.13,0.07,0.38,Fatigue_Dryness
21.01,0.39,0.2,Normal
13.65,0.24,0.3,Normal
22.15,0.21,0.12,Normal
14.83,0.27,0.59,Fatigue_Dryness
12.94,0.33,0.48,Fatigue_Dryness
9.27,0.14,0.47,Fatigue_Dryness
4.49,0.15,0.41,Fatigue_Dryness
15.38,0.33,0.35,Normal
19.76,0.05,0,Fatigue_Dryness
17.73,0.18,0.38,Normal
15.17,0.62,0.27,Fatigue_Dryness
10.93,0.13,0.5,Fatigue_Dryness
23.37,0.39,0.41,Fatigue_Dryness
7.96,0.18,0.36,Normal
24.71,0.31,0,Normal
10.48,0.33,0.23,Normal
12.48,0.39,0.14,Normal
6.77,0.23,0.3,Fatigue_Dryness
14.49,0.49,0.17,Fatigue_Dryness
26.3,0.18,0.2,Normal
22.63,0.28,0.34,Normal
26.33,0.28,0.16,Normal
22.68,0.12,0.27,Normal
9.67,0.22,0,Normal
15.85,0.27,0.08,Normal
12.26,0.2,0.38,Normal
29.14,0.54,0,Fatigue_Dryness
8.93,0.15,0.5,Fatigue_Dryness
25.65,0.39,0.45,Fatigue_Dryness
25.64,0.35,0.2,Normal
33.14,0.25,0.85,Fatigue_Dryness
15.22,0.15,0.5,Fatigue_Dryness
24.2,0.16,0.06,Normal
36.75,0.19,0.4,Fatigue_Dryness
13.56,0.04,0.26,Fatigue_Dryness
6.22,0.13,0.1,Fatigue_Dryness
3.46,0.07,0.04,Fatigue_Dryness
24.2,0.41,0.45,Fatigue_Dryness
3.43,0.32,0.13,Fatigue_Dryness
15.52,0.34,0.23,Normal
22,0.32,0.07,Normal
19.98,0.27,0.1,Normal
21.9,0.43,0.23,Fatigue_Dryness
20.28,0.18,0.33,Normal
28.73,0.26,0,Normal
10.88,0.34,0.25,Normal
13.08,0.09,0.1,Fatigue_Dryness
12.32,0.62,0.53,Fatigue_Dryness
25.14,0.25,0.84,Fatigue_Dryness
25.7,0.27,0.18,Normal
22.11,0.4,0,Fatigue_Dryness
27.97,0.36,0.27,Normal
9.08,0.26,0.21,Normal
31.84,0.27,0.64,Fatigue_Dryness
30.69,0.07,0.58,Fatigue_Dryness
24.38,0.18,0.42,Fatigue_Dryness
32.75,0.31,0.13,Fatigue_Dryness
5.25,0.3,0.39,Fatigue_Dryness
14.3,0.4,0.3,Normal
12.62,0.24,0.3,Normal
24.27,0.08,0,Fatigue_Dryness
10.1,0.38,0.46,Fatigue_Dryness
24.56,0.42,0.27,Fatigue_Dryness
29.46,0.36,0.23,Normal
24.06,0.23,0.13,Normal
20.77,0.38,0.09,Normal
10.6,0.66,0.31,Fatigue_Dryness
11.73,0.26,0,Normal
28.5,0.09,0.41,Fatigue_Dryness
24.73,0.18,0.04,Normal
18.19,0.33,0,Normal
15.16,0.06,0.61,Fatigue_Dryness
2.29,0.27,0.08,Fatigue_Dryness
9.93,0.3,0.11,Normal
33.79,0.43,0.48,Fatigue_Dryness
8.26,0.41,0.62,Fatigue_Dryness
20.02,0.35,0,Normal
26.56,0.01,0.06,Fatigue_Dryness
8.46,0.36,0.07,Normal
19.98,0.34,0.44,Fatigue_Dryness
26,0.28,0.58,Fatigue_Dryness
18.6,0.04,0.03,Fatigue_Dryness
41.45,0.16,0.53,Fatigue_Dryness
5.15,0.11,0.11,Fatigue_Dryness
26.97,0.01,0.32,Fatigue_Dryness
17.12,0.25,0,Normal
24.68,0.15,0.23,Normal
22.03,0.57,0.23,Fatigue_Dryness
12.63,0.23,0.19,Normal
20.33,0.41,0.33,Fatigue_Dryness
3.64,0.06,0.05,Fatigue_Dryness
23.33,0.19,0.07,Normal
20.89,0.26,0.34,Normal
23.61,0.14,0.52,Fatigue_Dryness
26.96,0.2,0.25,Normal
21.44,0.22,0.35,Normal
19.68,0.22,0.4,Fatigue_Dryness
11.45,0.47,0.42,Fatigue_Dryness
12.8,0.3,0.06,Normal
27.99,0.31,0.1,Normal
29.99,0.32,0.11,Normal
16.6,0.32,0.64,Fatigue_Dryness
18.87,0.24,0.35,Normal
11.26,0.21,0.34,Normal
27.88,0.27,0.32,Normal
23.82,0.39,0,Normal
34.03,0.39,0.64,Fatigue_Dryness
11.47,0.22,0.35,Normal
15.48,0.34,0.4,Normal
20.35,0.23,0,Normal
23.67,0.25,0.41,Fatigue_Dryness
16.77,0.19,0.18,Normal
11.52,0.23,0,Normal
25.55,0.41,0.06,Fatigue_Dryness
24.27,0.26,0,Normal
11.17,0.27,0,Normal
29.34,0.08,0.26,Fatigue_Dryness
27.86,0.21,0.17,Normal
19.57,0.22,0.32,Normal
19.14,0.15,0.59,Fatigue_Dryness
22.93,0.25,0.22,Normal
11.61,0.2,0,Normal
18.74,0.26,0.2,Normal
1.28,0.27,0.49,Fatigue_Dryness
25.51,0.14,0.23,Normal
6.01,0.2,0.56,Fatigue_Dryness
30.53,0.26,0.34,Fatigue_Dryness
15.86,0.39,0,Normal
16.81,0.28,0.27,Normal
13.48,0.17,0.31,Normal
16.2,0.3,0.47,Fatigue_Dryness
29.85,0.46,0.61,Fatigue_Dryness
1,0.36,0.43,Fatigue_Dryness
28.72,0.32,0.34,Normal
21.2,0.34,0.39,Normal
8.84,0.42,0.22,Fatigue_Dryness
9.9,0.38,0,Normal
31.91,0.32,0.26,Fatigue_Dryness
10.94,0.38,0.32,Normal
9.27,0.12,0.01,Normal
27.6,0.07,0.52,Fatigue_Dryness
21.21,0.27,0.45,Fatigue_Dryness
11,0.26,0,Normal
20.23,0.19,0.52,Fatigue_Dryness
10.29,0.35,0.19,Normal
27.31,0.03,0.09,Fatigue_Dryness
26.99,0.19,0.47,Fatigue_Dryness
22.76,0.19,0.24,Normal
21.39,0.05,0.63,Fatigue_Dryness
32.59,0.43,0.08,Fatigue_Dryness
18.5,0.09,0,Fatigue_Dryness
9.05,0.18,0.19,Normal
22.1,0.36,0.41,Fatigue_Dryness
35.19,0.33,0.07,Fatigue_Dryness
10.38,0.12,0,Normal
15.61,0.33,0.3,Normal
21.83,0.29,0,Normal
18.07,0.53,0.31,Fatigue_Dryness
10.64,0.3,0.18,Normal
27.47,0.23,0.35,Normal
37.06,0.15,0,Fatigue_Dryness
20.07,0.16,0.51,Fatigue_Dryness
11.27,0.15,0.21,Normal
6.11,0.42,0.4,Fatigue_Dryness
20.56,0.25,0.44,Fatigue_Dryness
27.33,0.32,0.02,Normal
22.3,0.43,0.43,Fatigue_Dryness
18.48,0.01,0,Fatigue_Dryness
13.79,0.4,0,Fatigue_Dryness
9.76,0.26,0.64,Fatigue_Dryness
25.18,0.3,0.47,Fatigue_Dryness
25.81,0.15,0.67,Fatigue_Dryness
6.13,0.16,0.18,Fatigue_Dryness
31.22,0.31,0.27,Fatigue_Dryness
23.09,0.54,0.36,Fatigue_Dryness
29.7,0.37,0.25,Normal
7.76,0.4,0.1,Fatigue_Dryness
7.57,0.23,0.07,Normal
17.31,0.18,0.29,Normal
22.52,0.16,0.04,Normal
32.87,0.19,0.03,Fatigue_Dryness
24.15,0.01,0.33,Fatigue_Dryness
16.56,0.16,0.23,Normal
10.29,0.18,0.44,Fatigue_Dryness
28.34,0.23,0.17,Normal
10.78,0.27,0.13,Normal
31.53,0.29,0.34,Fatigue_Dryness
16.22,0.25,0.09,Normal
31.22,0.18,0.12,Fatigue_Dryness
23.93,0.01,0.13,Fatigue_Dryness
17.4,0.18,0.21,Normal
14.34,0.13,0.6,Fatigue_Dryness
15.77,0.31,0,Normal
21.93,0.36,0.51,Fatigue_Dryness
19.12,0.36,0.4,Normal
13.75,0.34,0.56,Fatigue_Dryness
17.17,0.23,0.88,Fatigue_Dryness
19.13,0.19,0.54,Fatigue_Dryness
1.47,0.16,0.44,Fatigue_Dryness
22.17,0.07,0,Fatigue_Dryness
10.66,0.37,0.01,Normal
9.27,0.23,0.32,Normal
5,0.1,0,Fatigue_Dryness
4.15,0.15,0.37,Fatigue_Dryness
7.66,0.15,0,Normal
12.83,0.26,0.48,Fatigue_Dryness
34.13,0.38,0.19,Fatigue_Dryness
14.29,0.21,0.28,Normal
19.92,0.01,0.1,Fatigue_Dryness
21.7,0.23,0,Normal
19.55,0.23,0.5,Fatigue_Dryness
17.88,0.22,0.52,Fatigue_Dryness
8.94,0.18,0.18,Normal
30.11,0.28,0.38,Fatigue_Dryness
32.96,0.26,0.17,Fatigue_Dryness
5.04,0.25,0.31,Fatigue_Dryness
10.31,0.3,0.4,Fatigue_Dryness
16.26,0.2,0.36,Normal
10.78,0.19,0.52,Fatigue_Dryness
22.55,0.42,0.35,Fatigue_Dryness
12.67,0.32,0.26,Normal
35.82,0.35,0.1,Fatigue_Dryness
28.02,0.4,0.15,Normal
20.2,0.31,0.41,Fatigue_Dryness
26.72,0.36,0,Normal
27.35,0.06,0.47,Fatigue_Dryness
13.99,0.27,0.19,Normal
11.97,0.23,0.09,Normal
19.13,0.45,0.03,Fatigue_Dryness
25.39,0.36,0.39,Normal
19.61,0.17,0.25,Normal
5.88,0.3,0.57,Fatigue_Dryness
12.08,0.27,0,Normal
17.91,0.31,0.13,Normal
17.89,0.13,0.23,Normal
34.28,0.29,0.1,Fatigue_Dryness
7.41,0.22,0.25,Normal
22.54,0.28,0.31,Normal
30.41,0.16,0.35,Fatigue_Dryness
36.67,0.18,0.55,Fatigue_Dryness
15.26,0.39,0,Normal
22.43,0.12,0.32,Normal
23.06,0.13,0.12,Normal
20.06,0.24,0.34,Normal
17.71,0.16,0.34,Normal
21.99,0.14,0.05,Normal
1,0.26,0.07,Fatigue_Dryness
23.96,0.07,0.35,Fatigue_Dryness
19.51,0.13,0.26,Normal
16.72,0.5,0.21,Fatigue_Dryness
34.87,0.31,0.38,Fatigue_Dryness
13.1,0.16,0.4,Normal
15.28,0.3,0.14,Normal
34.43,0.32,0.08,Fatigue_Dryness
11.84,0.37,0,Normal
14.1,0.24,0.26,Normal
17.32,0.37,0,Normal
25.23,0.01,0.27,Fatigue_Dryness
20.16,0.12,0.49,Fatigue_Dryness
8.16,0.27,0.18,Normal
14.24,0.29,0.14,Normal
13.64,0.14,0.65,Fatigue_Dryness
17.88,0.28,0.55,Fatigue_Dryness
21.91,0.18,0.1,Normal
21.85,0.22,0.28,Normal
4.29,0.37,0.32,Fatigue_Dryness
27.01,0.36,0.29,Normal
20.52,0.13,0.61,Fatigue_Dryness
29.58,0.12,0.27,Normal
22.05,0.2,0.3,Normal
27.31,0.25,0.39,Normal
22.23,0.17,0.49,Fatigue_Dryness
29.27,0.38,0.44,Fatigue_Dryness
22.68,0.29,0.36,Normal
17.72,0.3,0,Normal
36.68,0.1,0.15,Fatigue_Dryness
25.61,0.39,0.41,Fatigue_Dryness
23.09,0.01,0.3,Fatigue_Dryness
8.29,0.35,0.42,Fatigue_Dryness
8.19,0.36,0.63,Fatigue_Dryness
20.84,0.2,0.02,Normal
19.66,0.4,0.48,Fatigue_Dryness
13.59,0.24,0.18,Normal
19.63,0.26,0.44,Fatigue_Dryness
31.21,0.29,0.24,Fatigue_Dryness
24.06,0.63,0.68,Fatigue_Dryness
9.37,0.41,0.28,Fatigue_Dryness
17.61,0.33,0.12,Normal
12.06,0.14,0.33,Normal
15.4,0.27,0.32,Normal
15.19,0.15,0.48,Fatigue_Dryness
14.68,0.35,0.34,Normal
8.46,0.27,0.75,Fatigue_Dryness
17.48,0.12,0.23,Normal
14.02,0.26,0.23,Normal
1,0.15,0.13,Fatigue_Dryness
34.92,0.27,0.27,Fatigue_Dryness
27.21,0.15,0.3,Normal
15.49,0.25,0.31,Normal
18.65,0.34,0.26,Normal
9.13,0.24,0.13,Normal
32.07,0.2,0.07,Fatigue_Dryness
33.68,0.27,0.18,Fatigue_Dryness
19.75,0.33,0.48,Fatigue_Dryness
26.69,0.12,0.52,Fatigue_Dryness
19.9,0.28,0.24,Normal
7.81,0.41,0.06,Fatigue_Dryness
15.21,0.32,0.23,Normal
19.56,0.26,0.67,Fatigue_Dryness
14.86,0.33,0.45,Fatigue_Dryness
16.75,0.3,0.36,Normal
17.77,0.34,0.44,Fatigue_Dryness
17.85,0.01,0.56,Fatigue_Dryness
18.92,0.06,0.02,Fatigue_Dryness
10.02,0.37,0.17,Normal
12.76,0.07,0.14,Fatigue_Dryness
8.22,0.3,0.37,Normal
26.32,0.21,0.28,Normal
1.65,0.13,0.4,Fatigue_Dryness
27.73,0.29,0.15,Normal
29.59,0.27,0.52,Fatigue_Dryness
16.08,0.5,0.24,Fatigue_Dryness
1,0.18,0.39,Fatigue_Dryness
15.61,0.42,0.49,Fatigue_Dryness
17.99,0.29,0.47,Fatigue_Dryness
10.42,0.17,0.32,Normal
14.38,0.35,0.41,Fatigue_Dryness
30.74,0.32,0.6,Fatigue_Dryness
23.82,0.25,0.35,Normal
11.1,0.28,0.1,Normal
5.72,0.18,0.37,Fatigue_Dryness
15.88,0.15,0.24,Normal
16.79,0.34,0,Normal
22.47,0.22,0.34,Normal
14.22,0.24,0.27,Normal
22.59,0.28,0.48,Fatigue_Dryness
33.98,0.28,0.1,Fatigue_Dryness
25.02,0.08,0,Fatigue_Dryness
18.12,0.4,0.28,Fatigue_Dryness
17.03,0.27,0.33,Normal
15.65,0.23,0.27,Normal
27.95,0.3,0.25,Normal
13.48,0.28,0.04,Normal
18.86,0.34,0.22,Normal
18.91,0.32,0.18,Normal
14.49,0.34,0.47,Fatigue_Dryness
7.52,0.41,0.33,Fatigue_Dryness
21.08,0.36,0.19,Normal
18.01,0.23,0.6,Fatigue_Dryness
22.5,0.12,0.2,Normal
14.23,0.45,0.36,Fatigue_Dryness
28.27,0.22,0.22,Normal
11.49,0.19,0.58,Fatigue_Dryness
32.2,0.04,0.27,Fatigue_Dryness
4.52,0.29,0.27,Fatigue_Dryness
21.98,0.27,0.22,Normal
22.3,0.07,0.29,Fatigue_Dryness
12.14,0.3,0.49,Fatigue_Dryness
21.9,0.19,0.42,Fatigue_Dryness
28.74,0.57,0.26,Fatigue_Dryness
1,0.18,0.59,Fatigue_Dryness
22.52,0.2,0.43,Fatigue_Dryness
1,0.15,0.16,Fatigue_Dryness
10.77,0.4,0,Fatigue_Dryness
31.53,0.21,0.17,Fatigue_Dryness
13.85,0.16,0.33,Normal
9.11,0.34,0.37,Normal
16.92,0.08,0.52,Fatigue_Dryness
35.04,0.33,0.03,Fatigue_Dryness
3.85,0.46,0.16,Fatigue_Dryness
10.09,0.32,0.01,Normal
30.48,0.33,0,Fatigue_Dryness
33.36,0.35,0.12,Fatigue_Dryness
17.67,0.46,0.32,Fatigue_Dryness
8.59,0.4,0.4,Fatigue_Dryness
35.27,0.3,0.06,Fatigue_Dryness
31.26,0.36,0.09,Fatigue_Dryness
23.93,0.14,0,Normal
12,0.34,0.29,Normal
18.11,0.13,0.1,Normal
17.22,0.21,0.58,Fatigue_Dryness
21.15,0.01,0.33,Fatigue_Dryness
30.11,0.3,0.22,Fatigue_Dryness
25.54,0.17,0.12,Normal
9.88,0.38,0,Normal
29.51,0.3,0,Normal
21.01,0.39,0.13,Normal
24,0.12,0.11,Normal
30.23,0.38,0.05,Fatigue_Dryness
9.61,0.5,0.33,Fatigue_Dryness
18.21,0.34,0.35,Normal
14.25,0.35,0.16,Normal
5.96,0.27,0.64,Fatigue_Dryness
21.27,0.19,0,Normal
38.59,0.34,0.26,Fatigue_Dryness
3.78,0.07,0.21,Fatigue_Dryness
18.24,0.2,0.14,Normal
23.62,0.04,0.11,Fatigue_Dryness
19.48,0.17,0.25,Normal
17.59,0.33,0.21,Normal
8.11,0.31,0.17,Normal
20.36,0.26,0,Normal
12.45,0.27,0,Normal
1,0.02,0.19,Fatigue_Dryness
28.06,0.21,0.17,Normal
26.17,0.17,0.21,Normal
18.91,0.17,0.23,Normal
20.33,0.32,0.15,Normal
27.09,0.15,0.21,Normal
20.29,0.18,0.08,Normal
25.73,0.01,0.56,Fatigue_Dryness
16.12,0.22,0.09,Normal
29,0.12,0.18,Normal
21.07,0.26,0.11,Normal
20.05,0.14,0.1,Normal
8.34,0.26,0.26,Normal
20.8,0.23,0.23,Normal
11.84,0.45,0.16,Fatigue_Dryness
13.39,0.31,0.19,Normal
11.98,0.03,0.11,Fatigue_Dryness
9.97,0.1,0.33,Fatigue_Dryness
35.5,0.26,0.66,Fatigue_Dryness
29.15,0.14,0.08,Normal
33.86,0.01,0.33,Fatigue_Dryness
8.72,0.41,0.26,Fatigue_Dryness
19.07,0.34,0.38,Normal
8.15,0.31,0.39,Normal
12.93,0.18,0.29,Normal
11.15,0.3,0.24,Normal
28.42,0.17,0.16,Normal
15.33,0.28,0.1,Normal
27.05,0.14,0.23,Normal
23.33,0.43,0,Fatigue_Dryness
36.93,0.06,0.13,Fatigue_Dryness
6.66,0.4,0.47,Fatigue_Dryness
28.57,0.26,0.27,Normal
27.67,0.19,0.43,Fatigue_Dryness
10.71,0.27,0.54,Fatigue_Dryness
26.56,0.34,0.22,Normal
21.19,0.41,0.29,Fatigue_Dryness
16.68,0.29,0.19,Normal
11.91,0.14,0.09,Normal
12.75,0.26,0.06,Normal
34.9,0.47,0.42,Fatigue_Dryness
18.51,0.41,0.29,Fatigue_Dryness
24.76,0.36,0.62,Fatigue_Dryness
12.17,0.35,0.44,Fatigue_Dryness
12.26,0.33,0.1,Normal
27.16,0.39,0.42,Fatigue_Dryness
7.7,0.2,0.19,Normal
15.18,0.09,0.49,Fatigue_Dryness
18.77,0.26,0.15,Normal
19.39,0.15,0.04,Normal
17.07,0.12,0.09,Normal
21.67,0.16,0.1,Normal
24.04,0.55,0.08,Fatigue_Dryness
24.38,0.27,0.14,Normal
10.61,0.29,0.42,Fatigue_Dryness
16.23,0.1,0.61,Fatigue_Dryness
28.06,0.03,0,Fatigue_Dryness
25.66,0.15,0.5,Fatigue_Dryness
7.52,0.42,0.15,Fatigue_Dryness
21.31,0.29,0.32,Normal
2.67,0.32,0,Fatigue_Dryness
18.88,0.34,0.36,Normal
33.68,0.18,0,Fatigue_Dryness
10.92,0.42,0.31,Fatigue_Dryness
11.83,0.17,0.3,Normal
24.61,0.42,0.29,Fatigue_Dryness
6.16,0.3,0.1,Fatigue_Dryness
13.44,0.04,0.36,Fatigue_Dryness
23.27,0.16,0.33,Normal
13.43,0.04,0.21,Fatigue_Dryness
16.61,0.39,0.38,Normal
24.45,0.25,0.23,Normal
21.87,0.01,0.36,Fatigue_Dryness
20.63,0.3,0.23,Normal
15.79,0.19,0.29,Normal
21.46,0.07,0.37,Fatigue_Dryness
17.51,0.45,0.17,Fatigue_Dryness
22.16,0.26,0,Normal
14.52,0.22,0.31,Normal
17.04,0.2,0.49,Fatigue_Dryness
10.58,0.07,0.31,Fatigue_Dryness
18.22,0.09,0.31,Fatigue_Dryness
12.01,0.4,0.24,Fatigue_Dryness
9.59,0.19,0.4,Normal
20.57,0.25,0.21,Normal
20.2,0.01,0.16,Fatigue_Dryness
24.76,0.09,0.47,Fatigue_Dryness
15.05,0.32,0.14,Normal
21.76,0.3,0.43,Fatigue_Dryness
22.91,0.46,0.47,Fatigue_Dryness
22.06,0.41,0.36,Fatigue_Dryness
11.89,0.22,0,Normal
19.69,0.31,0.26,Normal
21.41,0.21,0.21,Normal
18.56,0.5,0.15,Fatigue_Dryness
1.81,0.39,0.28,Fatigue_Dryness
19.78,0.27,0.4,Fatigue_Dryness
36.2,0.27,0.16,Fatigue_Dryness
15.62,0.42,0.22,Fatigue_Dryness
12.68,0.32,0.2,Normal
21.49,0.44,0.48,Fatigue_Dryness
21,0.01,0.2,Fatigue_Dryness
28.04,0.31,0,Normal
8.44,0.19,0,Normal
24.35,0.46,0.32,Fatigue_Dryness
23.22,0.44,0.1,Fatigue_Dryness
17.36,0.25,0.38,Normal
21.21,0.43,0,Fatigue_Dryness
26.74,0.46,0.14,Fatigue_Dryness
25.48,0.26,0,Normal
9.36,0.55,0.34,Fatigue_Dryness
25.06,0.25,0.38,Normal
17.98,0.22,0.32,Normal
19.08,0.35,0.03,Normal
19.09,0.21,0.1,Normal
17.3,0.26,0.3,Normal
28.03,0.42,0,Fatigue_Dryness
17.83,0.25,0.2,Normal
9.54,0.05,0.55,Fatigue_Dryness
15.35,0.29,0.21,Normal
19.93,0.17,0,Normal
28.33,0.35,0.13,Normal
23.32,0.33,0.12,Normal
11.7,0.43,0.68,Fatigue_Dryness
38.38,0.36,0.58,Fatigue_Dryness
20.62,0.38,0.4,Normal
28.7,0.17,0.18,Normal
17.29,0.35,0.49,Fatigue_Dryness
22.77,0.49,0.02,Fatigue_Dryness
25.22,0.17,0.47,Fatigue_Dryness
28.25,0.47,0.44,Fatigue_Dryness
26.96,0.18,0.22,Normal
25.48,0.15,0.48,Fatigue_Dryness
15.98,0.29,0.16,Normal
13.93,0.34,0,Normal
21.16,0.36,0.45,Fatigue_Dryness
25.97,0.14,0.23,Normal
16.72,0.3,0.37,Normal
27.02,0.17,0.61,Fatigue_Dryness
30.12,0.07,0.11,Fatigue_Dryness
11.17,0.14,0.22,Normal
11.8,0.16,0.56,Fatigue_Dryness
17.38,0.31,0.38,Normal
20.96,0.39,0.11,Normal
14.3,0.07,0.06,Fatigue_Dryness
29.32,0.29,0.14,Normal
21.89,0.11,0.1,Normal
18.82,0.33,0.3,Normal
7.01,0.18,0.27,Normal
7.97,0.12,0.31,Normal
20.75,0.35,0.08,Normal
1.44,0.18,0.24,Fatigue_Dryness
26.6,0.21,0,Normal
17.23,0.01,0.28,Fatigue_Dryness
44.44,0.36,0.49,Fatigue_Dryness
36.96,0.35,0,Fatigue_Dryness
17.05,0.25,0.35,Normal
17.65,0.07,0.13,Fatigue_Dryness
26.46,0.4,0.41,Fatigue_Dryness
32.13,0.17,0.28,Fatigue_Dryness
5.4,0.2,0.33,Fatigue_Dryness
4.21,0.53,0.26,Fatigue_Dryness
13.52,0.17,0.52,Fatigue_Dryness
23.16,0.34,0.32,Normal
22.47,0.32,0.11,Normal
27.06,0.3,0.27,Normal
8.9,0.28,0.18,Normal
1,0.3,0.28,Fatigue_Dryness
25.36,0.28,0.17,Normal
11.87,0.24,0.12,Normal
2.35,0.43,0.29,Fatigue_Dryness
19.66,0.09,0.26,Fatigue_Dryness
24.85,0.37,0.46,Fatigue_Dryness
17.52,0.35,0.17,Normal
14.84,0.33,0,Normal
17.23,0.38,0.18,Normal
15.54,0.24,0,Normal
7.72,0.03,0.33,Fatigue_Dryness
12.78,0.24,0,Normal
22.67,0.13,0.05,Normal
21.07,0.16,0.18,Normal
19.84,0.1,0.56,Fatigue_Dryness
10.54,0.19,0.04,Normal
17.05,0.18,0.25,Normal
1.08,0.01,0.37,Fatigue_Dryness
19.93,0.33,0.55,Fatigue_Dryness
29.93,0.52,0.41,Fatigue_Dryness
6.71,0.32,0.47,Fatigue_Dryness
13.81,0.23,0.42,Fatigue_Dryness
21.13,0.24,0.01,Normal
28.52,0.2,0.32,Normal
14.91,0.26,0.42,Fatigue_Dryness
12.96,0.25,0.06,Normal
2.75,0.15,0.13,Fatigue_Dryness
19.33,0.45,0.09,Fatigue_Dryness
34.84,0.07,0.41,Fatigue_Dryness
20.72,0.34,0.24,Normal
18.32,0.24,0.19,Normal
21.08,0.48,0,Fatigue_Dryness
18.41,0.29,0.24,Normal
12,0.21,0.14,Normal
25.09,0.22,0.3,Normal
20.31,0.26,0.02,Normal
18.64,0.11,0.29,Normal
10.7,0.16,0.16,Normal
28.93,0.04,0,Fatigue_Dryness
23.82,0.14,0,Normal
14.08,0.26,0.02,Normal
26.51,0.29,0.21,Normal
14.52,0.01,0.27,Fatigue_Dryness
12.24,0.23,0.3,Normal
12.42,0.32,0.31,Normal
4.33,0.23,0.1,Fatigue_Dryness
22.27,0.17,0.46,Fatigue_Dryness
3.85,0.2,0.16,Fatigue_Dryness
8.67,0.19,0.34,Normal
1.9,0.17,0.22,Fatigue_Dryness
17.81,0.27,0.33,Normal
17.3,0.53,0.21,Fatigue_Dryness
15.89,0.16,0.33,Normal
10.16,0.21,0.25,Normal
9.12,0.24,0.41,Fatigue_Dryness
22.21,0.17,0.09,Normal
14.1,0.38,0,Normal
21.03,0.01,0.06,Fatigue_Dryness
11.42,0.19,0.46,Fatigue_Dryness
19.95,0.35,0.22,Normal
28.93,0.22,0.27,Normal
23.19,0.15,0.04,Normal
15.2,0.3,0.26,Normal
20.56,0.36,0.05,Normal
16.57,0.28,0.08,Normal
18.56,0.15,0.17,Normal
15.9,0.31,0.34,Normal
17.19,0.2,0.36,Normal
20.2,0.34,0.37,Normal
10.55,0.43,0,Fatigue_Dryness
10.37,0.01,0.25,Fatigue_Dryness
7.39,0.26,0.21,Normal
5.7,0.04,0,Fatigue_Dryness
8.76,0.54,0.25,Fatigue_Dryness
19.78,0.19,0.2,Normal
11.36,0.34,0.35,Normal
22.61,0.25,0.27,Normal
18.78,0.15,0.14,Normal
2.75,0.14,0.44,Fatigue_Dryness
23.74,0.44,0,Fatigue_Dryness
24.99,0.37,0.24,Normal
10.55,0.48,0,Fatigue_Dryness
21.86,0.26,0.07,Normal
11.65,0.29,0.36,Normal
19.28,0.22,0,Normal
8.38,0.22,0,Normal
4.16,0.13,0.73,Fatigue_Dryness
15.44,0.26,0,Normal
17.51,0.16,0.58,Fatigue_Dryness
15.32,0.3,0.22,Normal
9.03,0.27,0.15,Normal
15.3,0.29,0.36,Normal
20.65,0.45,0.52,Fatigue_Dryness
18.14,0.25,0.02,Normal
19.96,0.34,0.15,Normal
13.14,0.5,0.42,Fatigue_Dryness
27.87,0.41,0.31,Fatigue_Dryness
9.09,0.39,0.47,Fatigue_Dryness
22.4,0.21,0.35,Normal
27.96,0.28,0.61,Fatigue_Dryness
22.35,0.09,0.29,Fatigue_Dryness
16.88,0.31,0.29,Normal
14.27,0.28,0.31,Normal
26.79,0.25,0.22,Normal
7.12,0.37,0.42,Fatigue_Dryness
10.74,0.11,0.3,Normal
15.32,0.45,0.41,Fatigue_Dryness
28.4,0.36,0.44,Fatigue_Dryness
21.54,0.24,0.34,Normal
10.76,0.23,0.35,Normal
16.02,0.31,0.05,Normal
13.59,0.43,0.14,Fatigue_Dryness
12.82,0.26,0.42,Fatigue_Dryness
26.33,0.27,0.54,Fatigue_Dryness
7.53,0.25,0,Normal
31.37,0.46,0.14,Fatigue_Dryness
25.13,0.21,0.26,Normal
27.23,0.25,0.07,Normal
14.8,0.43,0.09,Fatigue_Dryness
17.3,0.27,0.35,Normal
7.03,0.39,0.57,Fatigue_Dryness
14.3,0.14,0,Normal
22.45,0.23,0.22,Normal
28.87,0.43,0.34,Fatigue_Dryness
9.64,0.17,0.41,Fatigue_Dryness
15.58,0.23,0.31,Normal
17.29,0.28,0.6,Fatigue_Dryness
7.33,0.13,0.26,Normal
23.23,0.2,0.51,Fatigue_Dryness
12.71,0.26,0.12,Normal
16.94,0.26,0.26,Normal
14.88,0.4,0.01,Fatigue_Dryness
12.19,0.44,0.43,Fatigue_Dryness
18.44,0.15,0.23,Normal
16.78,0.26,0.32,Normal
15.53,0.33,0.19,Normal
12.67,0.43,0.37,Fatigue_Dryness
21.06,0.34,0.33,Normal
31.73,0.29,0.05,Fatigue_Dryness
19.62,0.33,0.06,Normal
26.47,0.33,0.24,Normal
7.38,0.14,0.38,Normal
19.76,0.27,0.62,Fatigue_Dryness
9.72,0.43,0.31,Fatigue_Dryness
6.68,0.23,0.45,Fatigue_Dryness
12.59,0.27,0,Normal
28.04,0.22,0.65,Fatigue_Dryness
26.1,0.01,0.37,Fatigue_Dryness
20.44,0.25,0.24,Normal
6.24,0.29,0.22,Fatigue_Dryness
16.93,0.19,0.03,Normal
20.91,0.11,0.09,Normal
19.9,0.14,0.63,Fatigue_Dryness
3.75,0.34,0.05,Fatigue_Dryness
11.38,0.49,0.05,Fatigue_Dryness
17.99,0.42,0.11,Fatigue_Dryness
22.79,0.09,0.01,Fatigue_Dryness
1,0.35,0.25,Fatigue_Dryness
17.2,0.17,0.47,Fatigue_Dryness
19.64,0.18,0.13,Normal
25.3,0.2,0,Normal
24.04,0.34,0.31,Normal
23.16,0.37,0.24,Normal
12.1,0.24,0.45,Fatigue_Dryness
3.24,0.24,0.16,Fatigue_Dryness
15.36,0.31,0.2,Normal
26.51,0.32,0.22,Normal
29.65,0.39,0.27,Normal
24.18,0.1,0.17,Fatigue_Dryness
21.93,0.25,0.14,Normal
21.54,0.12,0,Normal
14.05,0.24,0.14,Normal
17.46,0.22,0.39,Normal
31.85,0.24,0.42,Fatigue_Dryness
10.96,0.15,0.16,Normal
31.42,0.07,0.51,Fatigue_Dryness
15.92,0.01,0.24,Fatigue_Dryness
29.1,0.23,0,Normal
7.25,0.2,0,Normal
23.19,0.17,0.49,Fatigue_Dryness
12.61,0.41,0.18,Fatigue_Dryness
7.18,0.15,0.01,Normal
20.25,0.42,0,Fatigue_Dryness
26.58,0.45,0.17,Fatigue_Dryness
11.74,0.02,0.33,Fatigue_Dryness
6.51,0.26,0.11,Fatigue_Dryness
17.77,0.2,0.04,Normal
17.8,0.01,0.14,Fatigue_Dryness
22.89,0.08,0.5,Fatigue_Dryness
26.1,0.34,0,Normal
18.02,0.49,0.12,Fatigue_Dryness
33.34,0.36,0.49,Fatigue_Dryness
20.29,0.29,0.35,Normal
15.73,0.25,0.29,Normal
5.61,0.45,0.12,Fatigue_Dryness
16.4,0.51,0.26,Fatigue_Dryness
15.81,0.18,0.14,Normal
26.18,0.01,0.08,Fatigue_Dryness
22.2,0.01,0.03,Fatigue_Dryness
9.07,0.41,0.41,Fatigue_Dryness
19.88,0.24,0.24,Normal
23.87,0.27,0.31,Normal
30.72,0.04,0.28,Fatigue_Dryness
25.6,0.16,0.34,Normal
24.59,0.22,0.2,Normal
18.98,0.28,0.15,Normal
21.61,0.2,0.09,Normal
28.5,0.13,0,Normal
7.84,0.16,0.03,Normal
15.7,0.4,0.18,Normal
12.32,0.28,0,Normal
21.53,0.32,0,Normal
28.34,0.14,0.46,Fatigue_Dryness
13.72,0.01,0.3,Fatigue_Dryness
1,0.19,0.16,Fatigue_Dryness
15.2,0.15,0.7,Fatigue_Dryness
25.81,0.29,0,Normal
22.8,0.64,0.45,Fatigue_Dryness
21.93,0.33,0.23,Normal
16.26,0.58,0.41,Fatigue_Dryness
8.27,0.32,0.27,Normal
22.62,0.17,0,Normal
11.83,0.29,0.27,Normal
35.97,0.46,0.32,Fatigue_Dryness
23.06,0.47,0,Fatigue_Dryness
13.85,0.18,0.64,Fatigue_Dryness
13.61,0.28,0.31,Normal
17.76,0.08,0.38,Fatigue_Dryness
16.58,0.35,0.02,Normal
27.43,0.44,0.39,Fatigue_Dryness
19.99,0.26,0.47,Fatigue_Dryness
12.65,0.17,0.3,Normal
33.62,0.29,0.25,Fatigue_Dryness
18.89,0.3,0.07,Normal
24.65,0.26,0.21,Normal
13.63,0.27,0.15,Normal
21.4,0.23,0.36,Normal
20.99,0.37,0.08,Normal
3.38,0.34,0.36,Fatigue_Dryness
34.62,0.13,0.08,Fatigue_Dryness
28.83,0.13,0.2,Normal
15.32,0.22,0.37,Normal
9.68,0.34,0.11,Normal
21.28,0.27,0.38,Normal
19.19,0.17,0.36,Normal
21.35,0.28,0.2,Normal
20.03,0.21,0.48,Fatigue_Dryness
22.55,0.36,0.27,Normal
30.08,0.29,0.47,Fatigue_Dryness
23.04,0.21,0.61,Fatigue_Dryness
10.1,0.28,0.2,Normal
29.4,0.41,0.38,Fatigue_Dryness
31.62,0.18,0.12,Fatigue_Dryness
43.72,0.3,0.04,Fatigue_Dryness
9.51,0.24,0.21,Normal
20.44,0.3,0,Normal
1.84,0.17,0.06,Fatigue_Dryness
22.93,0.26,0.37,Normal
14.11,0.38,0.15,Normal
33.89,0.14,0.39,Fatigue_Dryness
12.3,0.09,0.31,Fatigue_Dryness
4.99,0.1,0.62,Fatigue_Dryness
14.73,0.11,0.36,Normal
2.7,0.32,0.47,Fatigue_Dryness
24.51,0.08,0.33,Fatigue_Dryness
1.98,0.21,0.31,Fatigue_Dryness
18.73,0.32,0.48,Fatigue_Dryness
1.88,0.3,0.38,Fatigue_Dryness
15.94,0.2,0.29,Normal
31.65,0.27,0.29,Fatigue_Dryness
21.39,0.26,0.36,Normal
11.59,0.22,0.12,Normal
18.25,0.23,0.11,Normal
18.64,0.52,0.54,Fatigue_Dryness
22.28,0.35,0.62,Fatigue_Dryness
7.57,0.55,0.06,Fatigue_Dryness
23.24,0.19,0.12,Normal
1,0.24,0.48,Fatigue_Dryness
13.46,0.09,0.36,Fatigue_Dryness
14.59,0.15,0.39,Normal
23.57,0.48,0.43,Fatigue_Dryness
18.68,0.19,0.2,Normal
7.26,0.48,0.32,Fatigue_Dryness
10.62,0.1,0.3,Normal
20.09,0.12,0.08,Normal
17.87,0.21,0.31,Normal
13.87,0.24,0.5,Fatigue_Dryness
14.65,0.36,0.18,Normal
24.07,0.3,0.28,Normal
14.36,0.2,0.29,Normal
17.8,0.23,0.19,Normal
35.86,0.21,0.39,Fatigue_Dryness
7.11,0.14,0.11,Normal
3.69,0.14,0.52,Fatigue_Dryness
24.77,0.37,0.38,Normal
13.07,0.03,0.06,Fatigue_Dryness
15.95,0.44,0.59,Fatigue_Dryness
12.25,0.21,0.28,Normal
16.42,0.16,0.11,Normal
31.29,0.34,0.47,Fatigue_Dryness
24.92,0.43,0.35,Fatigue_Dryness
25.4,0.38,0,Normal
7.17,0.31,0.15,Normal
9.29,0.38,0.31,Normal
1,0.04,0,Fatigue_Dryness
12.02,0.19,0.27,Normal
26.15,0.14,0.28,Normal
22.64,0.4,0.01,Normal
16.73,0.2,0.3,Normal
18.32,0.35,0.25,Normal
12.99,0.31,0.01,Normal
20.14,0.15,0.43,Fatigue_Dryness
24.63,0.18,0.42,Fatigue_Dryness
5.57,0.41,0.19,Fatigue_Dryness
20.9,0.16,0.21,Normal
25.96,0.27,0.4,Normal
15.18,0.16,0.21,Normal
24.11,0.21,0,Normal
41.02,0.24,0.35,Fatigue_Dryness
17.67,0.16,0.09,Normal
21.65,0.14,0.17,Normal
12.6,0.28,0.54,Fatigue_Dryness
19.95,0.15,0.22,Normal
22.18,0.15,0.25,Normal
20.06,0.14,0.35,Normal
10.34,0.24,0.35,Normal
20.15,0.36,0.07,Normal
30.2,0.43,0.24,Fatigue_Dryness
22.09,0.16,0.26,Normal
26.2,0.51,0.3,Fatigue_Dryness
16.6,0.13,0.31,Normal
24.5,0.38,0.77,Fatigue_Dryness
20.73,0.16,0.02,Normal
10.89,0.15,0.45,Fatigue_Dryness
21.05,0.16,0.49,Fatigue_Dryness
10.57,0.24,0.35,Normal
13.44,0.32,0.12,Normal
20.01,0.33,0.58,Fatigue_Dryness
20.88,0.14,0,Normal
8.99,0.13,0.11,Normal
26.93,0.14,0.48,Fatigue_Dryness
23.08,0.24,0.18,Normal
12.86,0.23,0.57,Fatigue_Dryness
6.2,0.14,0,Fatigue_Dryness
17.34,0.28,0.03,Normal
14.93,0.52,0.14,Fatigue_Dryness
19.41,0.19,0.33,Normal
15.6,0.2,0.21,Normal
2.44,0.32,0.15,Fatigue_Dryness
15.39,0.18,0.53,Fatigue_Dryness
16.06,0.33,0.55,Fatigue_Dryness
23.57,0.16,0.17,Normal
12.91,0.47,0,Fatigue_Dryness
31.93,0.29,0,Fatigue_Dryness
3.21,0.18,0.3,Fatigue_Dryness
28.99,0.18,0.38,Normal
16.71,0.19,0.26,Normal
25.38,0.42,0.24,Fatigue_Dryness
19.14,0.1,0.09,Fatigue_Dryness
27.62,0.17,0.38,Normal
15.4,0.18,0.59,Fatigue_Dryness
9.71,0.25,0,Normal
29.86,0.22,0.23,Normal
17.59,0.07,0.06,Fatigue_Dryness
20.27,0.2,0,Normal
28.38,0.24,0.02,Normal
10.24,0.18,0.33,Normal
23.26,0.33,0.33,Normal
13.78,0.36,0.54,Fatigue_Dryness
17.44,0.24,0.25,Normal
19.08,0.28,0,Normal
6.5,0.01,0.2,Fatigue_Dryness
12.27,0.2,0,Normal
29.31,0.37,0.01,Normal
25.59,0.2,0.37,Normal
18,0.16,0.29,Normal
20.44,0.52,0.37,Fatigue_Dryness
16.15,0.47,0.18,Fatigue_Dryness
29.35,0.31,0.41,Fatigue_Dryness
16.9,0.39,0.17,Normal
20.35,0.01,0.47,Fatigue_Dryness
27.67,0.16,0.32,Normal
12.28,0.19,0.21,Normal
30.97,0.22,0.29,Fatigue_Dryness
6.26,0.19,0.25,Fatigue_Dryness
31.54,0.01,0.57,Fatigue_Dryness
15.52,0.3,0.3,Normal
16.56,0.32,0.25,Normal
3.38,0.44,0.2,Fatigue_Dryness
14.86,0.16,0.42,Fatigue_Dryness
10.18,0.15,0.39,Normal
13.64,0.01,0.2,Fatigue_Dryness
17.4,0.22,0.02,Normal
26.16,0.36,0.07,Normal
20.16,0.18,0.21,Normal
20.96,0.51,0.52,Fatigue_Dryness
9.74,0.22,0.2,Normal
11.45,0.27,0.13,Normal
32.89,0.09,0,Fatigue_Dryness
12.62,0.28,0.55,Fatigue_Dryness
31.75,0.01,0.36,Fatigue_Dryness
16.56,0.33,0.41,Fatigue_Dryness
18.52,0.34,0.44,Fatigue_Dryness
27.06,0.41,0.22,Fatigue_Dryness
28.68,0.13,0.27,Normal
17.61,0.27,0.55,Fatigue_Dryness
15.39,0.32,0.29,Normal
18.05,0.3,0.37,Normal
21.2,0.15,0.42,Fatigue_Dryness
25.63,0.01,0.38,Fatigue_Dryness
18.53,0.29,0.22,Normal
23.45,0.23,0.24,Normal
31.61,0.18,0.41,Fatigue_Dryness
21.55,0.34,0.41,Fatigue_Dryness
20.99,0.25,0.48,Fatigue_Dryness
6.35,0.09,0.36,Fatigue_Dryness
1,0.02,0.37,Fatigue_Dryness
21.61,0.12,0.16,Normal
17.74,0.54,0.13,Fatigue_Dryness
14.38,0.34,0.41,Fatigue_Dryness
20.45,0.27,0.14,Normal
18.02,0.23,0.25,Normal
27.52,0.22,0.53,Fatigue_Dryness
19.19,0.39,0.49,Fatigue_Dryness
12.52,0.19,0.31,Normal
26.42,0.32,0.19,Normal
16.76,0.21,0.23,Normal
22.71,0.48,0.42,Fatigue_Dryness
14.68,0.34,0.24,Normal
13.3,0.4,0.14,Normal
19.17,0.18,0.49,Fatigue_Dryness
18.6,0.38,0.29,Normal
22.34,0.21,0.14,Normal
16.35,0.26,0.35,Normal
3.81,0.45,0.44,Fatigue_Dryness
15.04,0.13,0.05,Normal
24.85,0.27,0.21,Normal
16.12,0.3,0.2,Normal
16.53,0.31,0.34,Normal
26.39,0.2,0.38,Normal
12.8,0.5,0.14,Fatigue_Dryness
6.16,0.1,0,Fatigue_Dryness
17.21,0.43,0.46,Fatigue_Dryness
14.63,0.4,0.03,Normal
10.77,0.48,0.3,Fatigue_Dryness
17.1,0.06,0.22,Fatigue_Dryness
22.43,0.15,0.28,Normal
18.43,0.43,0.58,Fatigue_Dryness
20.96,0.03,0.86,Fatigue_Dryness
33.01,0.06,0,Fatigue_Dryness
15.76,0.19,0.45,Fatigue_Dryness
20.73,0.27,0.22,Normal
14.43,0.44,0.46,Fatigue_Dryness
11.73,0.23,0.44,Fatigue_Dryness
13.82,0.18,0.53,Fatigue_Dryness
14.67,0.29,0.31,Normal
21.38,0.31,0.07,Normal
37.29,0.3,0.44,Fatigue_Dryness
12.77,0.23,0.27,Normal
15.17,0.02,0.2,Fatigue_Dryness
18,0.14,0.16,Normal
21.67,0.42,0.45,Fatigue_Dryness
20.61,0.27,0.57,Fatigue_Dryness
28.77,0.21,0.01,Normal
1,0.38,0.37,Fatigue_Dryness
1,0.11,0.18,Fatigue_Dryness
14.53,0.22,0,Normal
27.28,0.27,0.28,Normal
5.97,0.2,0.08,Fatigue_Dryness
1,0.26,0,Fatigue_Dryness
23.07,0.23,0.09,Normal
20.45,0.08,0.04,Fatigue_Dryness
9.78,0.27,0.12,Normal
10.62,0.09,0,Fatigue_Dryness
10.74,0.27,0.17,Normal
19.38,0.42,0.11,Fatigue_Dryness
13.49,0.22,0.33,Normal
22.45,0.11,0.37,Normal
1,0.24,0.3,Fatigue_Dryness
11.65,0.15,0.2,Normal
9.49,0.32,0.2,Normal
16.45,0.23,0.08,Normal
14.2,0.46,0.09,Fatigue_Dryness
24.88,0.39,0.39,Normal
3.63,0.23,0,Fatigue_Dryness
18.86,0.34,0.23,Normal
22.97,0.2,0.19,Normal
33.35,0.25,0.37,Fatigue_Dryness
14.65,0.21,0,Normal
21.1,0.34,0.25,Normal
4.07,0.42,0.32,Fatigue_Dryness
1,0.35,0,Fatigue_Dryness
25.26,0.36,0.04,Normal
18.46,0.36,0.23,Normal
27.93,0.32,0.35,Normal
7.51,0.11,0.29,Normal
22.66,0.45,0.36,Fatigue_Dryness
33.45,0.47,0.03,Fatigue_Dryness
21.86,0.22,0,Normal
20.71,0.21,0.27,Normal
18.57,0.32,0,Normal
5.93,0.32,0.08,Fatigue_Dryness
29.34,0.23,0.44,Fatigue_Dryness
13.61,0.1,0.29,Normal
22.54,0.29,0.14,Normal
6,0.32,0.11,Fatigue_Dryness
9.06,0.34,0.37,Normal
29.98,0.29,0.29,Normal
15.72,0.22,0.01,Normal
30.13,0.37,0,Fatigue_Dryness
17.87,0.26,0.63,Fatigue_Dryness
3.76,0.19,0.01,Fatigue_Dryness
25.64,0.23,0.36,Normal
13.78,0.04,0.55,Fatigue_Dryness
24.09,0.23,0.28,Normal
18.7,0.33,0.13,Normal
6.16,0.29,0,Fatigue_Dryness
19.81,0.43,0,Fatigue_Dryness
36.07,0.22,0.33,Fatigue_Dryness
22.44,0.31,0.54,Fatigue_Dryness
18.04,0.35,0.17,Normal
27.1,0.53,0.14,Fatigue_Dryness
20.19,0.27,0.39,Normal
20.18,0.13,0.11,Normal
9.77,0.35,0.31,Normal
20.37,0.47,0.26,Fatigue_Dryness
26.78,0.21,0.17,Normal
11.81,0.35,0.25,Normal
29.9,0.4,0.6,Fatigue_Dryness
17.77,0.37,0.37,Normal
11.4,0.27,0.47,Fatigue_Dryness
26.48,0.17,0.07,Normal
16.21,0.24,0.47,Fatigue_Dryness
24.58,0.31,0.38,Normal
16.17,0.36,0,Normal
18.02,0.29,0.36,Normal
22.45,0.2,0.15,Normal
20.83,0.32,0,Normal
2.54,0.35,0.28,Fatigue_Dryness
9.53,0.3,0.36,Normal
25.94,0.15,0.28,Normal
17.44,0.23,0.23,Normal
14.31,0.36,0.18,Normal
7.63,0.08,0.74,Fatigue_Dryness
9.86,0.01,0.01,Fatigue_Dryness
2.33,0.43,0.43,Fatigue_Dryness
17.69,0.31,0.25,Normal
13.71,0.32,0.08,Normal
10.77,0.12,0.24,Normal
17.96,0.34,0,Normal
21.41,0.28,0.13,Normal
35.25,0.06,0.24,Fatigue_Dryness
6.4,0.42,0,Fatigue_Dryness
27.78,0.27,0.35,Normal
26.28,0.2,0.06,Normal
12.27,0.21,0,Normal
20.13,0.01,0.03,Fatigue_Dryness
14.84,0.32,0.69,Fatigue_Dryness
19.99,0.28,0,Normal
30.57,0.23,0.34,Fatigue_Dryness
23.34,0.4,0.1,Fatigue_Dryness
22.57,0.08,0.18,Fatigue_Dryness
15.06,0.18,0.37,Normal
6.63,0.15,0.36,Fatigue_Dryness
16.83,0.22,0.11,Normal
28.15,0.26,0,Normal
6.28,0.3,0.37,Fatigue_Dryness
10.06,0.21,0.36,Normal
19.51,0.15,0.19,Normal
10.62,0.45,0.34,Fatigue_Dryness
12.16,0.54,0.16,Fatigue_Dryness
15.11,0.27,0.09,Normal
7.58,0.16,0.25,Normal
10.71,0.43,0.35,Fatigue_Dryness
24.13,0.08,0.31,Fatigue_Dryness
8.04,0.21,0.35,Normal
5.72,0.17,0.1,Fatigue_Dryness
13.46,0.11,0.57,Fatigue_Dryness
24.36,0.22,0.18,Normal
16.92,0.15,0.23,Normal
14.78,0.25,0,Normal
18.85,0.25,0.21,Normal
4.53,0.18,0.36,Fatigue_Dryness
22.46,0.21,0.4,Fatigue_Dryness
21.57,0.22,0.56,Fatigue_Dryness
15.23,0.35,0.35,Normal
26.55,0.23,0.31,Normal
9.48,0.35,0.16,Normal
27.52,0.32,0.12,Normal
19.74,0.32,0.44,Fatigue_Dryness
15.81,0.42,0.44,Fatigue_Dryness
18.34,0.12,0.04,Normal
17.64,0.19,0.4,Normal
28.26,0.46,0.38,Fatigue_Dryness
9.89,0.22,0.03,Normal
12.4,0.01,0.36,Fatigue_Dryness
26.79,0.23,0.04,Normal
13.74,0.27,0,Normal
25.7,0.01,0.22,Fatigue_Dryness
32.1,0.41,0.3,Fatigue_Dryness
15.29,0.16,0.23,Normal
23.95,0.29,0.82,Fatigue_Dryness
9.27,0.22,0.33,Normal
24.54,0.1,0.28,Fatigue_Dryness
20.1,0.12,0.34,Normal
22.28,0.14,0.16,Normal
13.34,0.38,0.44,Fatigue_Dryness
5.21,0.23,0.32,Fatigue_Dryness
22.53,0.19,0.31,Normal
1.99,0.14,0.13,Fatigue_Dryness
15.96,0.39,0,Normal
26.03,0.43,0.15,Fatigue_Dryness
20.04,0.39,0.31,Normal
34.09,0.31,0.16,Fatigue_Dryness
26.7,0.29,0.31,Normal
13.27,0.1,0.2,Normal
18.72,0.22,0.34,Normal
18.12,0.17,0.06,Normal
5.84,0.03,0.29,Fatigue_Dryness
10.98,0.38,0.12,Normal
14.01,0.17,0,Normal
2.21,0.39,0.22,Fatigue_Dryness
18.88,0.36,0.56,Fatigue_Dryness
16.51,0.32,0,Normal
5.12,0.32,0.27,Fatigue_Dryness
21.73,0.18,0.41,Fatigue_Dryness
24.23,0.47,0.71,Fatigue_Dryness
20.32,0.26,0.15,Normal
15.91,0.29,0.12,Normal
23.23,0.17,0.02,Normal
23.94,0.14,0.48,Fatigue_Dryness
20.96,0.31,0.08,Normal
11.9,0.28,0.18,Normal
20.71,0.16,0,Normal
28.06,0.08,0.43,Fatigue_Dryness
13.73,0.1,0.48,Fatigue_Dryness
35.28,0.39,0.42,Fatigue_Dryness
14.29,0.18,0,Normal
18.76,0.21,0.37,Normal
13.12,0.42,0,Fatigue_Dryness
20.29,0.12,0.26,Normal
4.56,0.16,0.29,Fatigue_Dryness
14.13,0.16,0.31,Normal
9.76,0.44,0.36,Fatigue_Dryness
19.58,0.49,0.25,Fatigue_Dryness
26.46,0.34,0,Normal
23.67,0.34,0.36,Normal
1,0.18,0.27,Fatigue_Dryness
34.84,0.48,0.07,Fatigue_Dryness
20.86,0.28,0,Normal
12.29,0.35,0.56,Fatigue_Dryness
19.76,0.24,0.5,Fatigue_Dryness
19.91,0.22,0.39,Normal
13.17,0.45,0.12,Fatigue_Dryness
20.08,0.32,0,Normal
13.64,0.42,0.4,Fatigue_Dryness
15.27,0.28,0.32,Normal
13.01,0.15,0.18,Normal
7.04,0.18,0.48,Fatigue_Dryness
19.67,0.26,0.42,Fatigue_Dryness
23.18,0.18,0.29,Normal
22.62,0.12,0.26,Normal
25.06,0.39,0.26,Normal
21.09,0.19,0.39,Normal
14.24,0.27,0.08,Normal
25.22,0.29,0.34,Normal
7.64,0.18,0.07,Normal
11.29,0.42,0.52,Fatigue_Dryness
10.79,0.12,0.36,Normal
27.14,0.28,0.11,Normal
26.04,0.28,0.27,Normal
22.4,0.24,0.08,Normal
27.08,0.09,0.55,Fatigue_Dryness
11.47,0.35,0.58,Fatigue_Dryness
21.29,0.34,0.39,Normal
17.5,0.17,0.56,Fatigue_Dryness
25.28,0.34,0.28,Normal
17.58,0.3,0.4,Fatigue_Dryness
15.42,0.1,0.5,Fatigue_Dryness
22.83,0.15,0.25,Normal
25.51,0.39,0.26,Normal
13.15,0.29,0.44,Fatigue_Dryness
18.01,0.18,0.38,Normal
10.03,0.15,0.1,Normal
1,0.19,0,Fatigue_Dryness
20.1,0.2,0.22,Normal
23.37,0.15,0,Normal
20.6,0.04,0.05,Fatigue_Dryness
2.9,0.39,0.08,Fatigue_Dryness
15.69,0.37,0.14,Normal
1,0.1,0.41,Fatigue_Dryness
29.46,0.27,0.46,Fatigue_Dryness
9.81,0.14,0.35,Normal
28.54,0.22,0.38,Normal
26.07,0.21,0.38,Normal
11.3,0.2,0,Normal
9.44,0.49,0.25,Fatigue_Dryness
21.3,0.2,0,Normal
11.75,0.15,0.35,Normal
19.32,0.16,0,Normal
14.64,0.38,0.21,Normal
4.25,0.05,0.36,Fatigue_Dryness
1,0.16,0.03,Fatigue_Dryness
20.31,0.42,0.44,Fatigue_Dryness
14.01,0.28,0.35,Normal
14.08,0.27,0.33,Normal
24.07,0.51,0.39,Fatigue_Dryness
27.89,0.28,0.18,Normal
16.32,0.17,0.28,Normal
15.78,0.22,0.25,Normal
22.5,0.11,0.25,Normal
7.64,0.4,0.12,Fatigue_Dryness
20.29,0.32,0,Normal
22.92,0.39,0.18,Normal
23.94,0.4,0.17,Normal
3.01,0.2,0.1,Fatigue_Dryness
12.41,0.14,0.42,Fatigue_Dryness
11.47,0.24,0.02,Normal
19.3,0.15,0.22,Normal
22.35,0.27,0.48,Fatigue_Dryness
30.47,0.39,0.43,Fatigue_Dryness
14.54,0.23,0.49,Fatigue_Dryness
14.52,0.27,0.13,Normal
27.7,0.24,0.41,Fatigue_Dryness
20.87,0.35,0.04,Normal
28.64,0.17,0.2,Normal
20.81,0.01,0.21,Fatigue_Dryness
9.24,0.31,0.14,Normal
7.83,0.37,0.18,Normal
6.09,0.3,0.15,Fatigue_Dryness
23.8,0.17,0.05,Normal
28.01,0.11,0.42,Fatigue_Dryness
33.29,0.31,0.21,Fatigue_Dryness
25.24,0.27,0.29,Normal
27.8,0.24,0.28,Normal
13.86,0.47,0.26,Fatigue_Dryness
9.25,0.14,0.27,Normal
25.3,0.46,0.19,Fatigue_Dryness
21.84,0.25,0.53,Fatigue_Dryness
19.36,0.03,0.4,Fatigue_Dryness
21.6,0.23,0.25,Normal
21.09,0.37,0.16,Normal
28.77,0.21,0.23,Normal
28.86,0.07,0.33,Fatigue_Dryness
22.85,0.23,0.55,Fatigue_Dryness
25.27,0.15,0,Normal
22.61,0.31,0.38,Normal
14.81,0.34,0.48,Fatigue_Dryness
24.55,0.12,0,Normal
7.34,0.17,0.21,Normal
26.93,0.34,0.04,Normal
8.94,0.15,0.34,Normal
20.79,0.12,0.18,Normal
11.74,0.11,0.22,Normal
22.93,0.29,0.17,Normal
18.23,0.29,0.39,Normal
5.74,0.17,0.3,Fatigue_Dryness
21.87,0.25,0.3,Normal
13.88,0.43,0.28,Fatigue_Dryness
25.55,0.13,0.36,Normal
18.51,0.02,0.2,Fatigue_Dryness
21.66,0.31,0.59,Fatigue_Dryness
10.84,0.24,0,Normal
13.79,0.17,0,Normal
14.83,0.33,0,Normal
25.35,0.35,0,Normal
31.92,0.01,0.39,Fatigue_Dryness
12.06,0.17,0.36,Normal
27.11,0.53,0.49,Fatigue_Dryness
1.14,0.32,0.04,Fatigue_Dryness
8.95,0.33,0.4,Normal
10.83,0.39,0.26,Normal
7.68,0.25,0.28,Normal
5.83,0.35,0.38,Fatigue_Dryness
21.8,0.34,0.1,Normal
16.79,0.32,0.77,Fatigue_Dryness
21.54,0.21,0.52,Fatigue_Dryness
24.02,0.27,0.14,Normal
20.62,0.18,0.03,Normal
23.76,0.25,0.23,Normal
17.94,0.11,0.29,Normal
9,0.16,0.46,Fatigue_Dryness
26.96,0.22,0.02,Normal
13.79,0.14,0.31,Normal
11.02,0.19,0,Normal
17.08,0.23,0.34,Normal
11.2,0.3,0.23,Normal
15.16,0.36,0.64,Fatigue_Dryness
21.25,0.19,0,Normal
21.29,0.41,0.52,Fatigue_Dryness
11.32,0.36,0,Normal
14.6,0.31,0,Normal
27.09,0.27,0,Normal
22.47,0.29,0.3,Normal
35.1,0.39,0.02,Fatigue_Dryness
27.94,0.4,0,Normal
27.65,0.41,0.29,Fatigue_Dryness
7.4,0.26,0.34,Normal
24.61,0.32,0.26,Normal
18.08,0.41,0.22,Fatigue_Dryness
14.09,0.18,0.62,Fatigue_Dryness
19.84,0.21,0.28,Normal
26.06,0.25,0.41,Fatigue_Dryness
22.51,0.36,0.28,Normal
11.47,0.36,0.03,Normal
24.44,0.22,0.36,Normal
13.4,0.07,0.12,Fatigue_Dryness
20.23,0.28,0.23,Normal
16.07,0.14,0.31,Normal
16.75,0.07,0,Fatigue_Dryness
24.63,0.1,0,Fatigue_Dryness
10.18,0.29,0.43,Fatigue_Dryness
34.06,0.41,0.12,Fatigue_Dryness
3.93,0.26,0.13,Fatigue_Dryness
13.72,0.28,0.28,Normal
21.46,0.39,0.17,Normal
23.17,0.07,0.33,Fatigue_Dryness
17.7,0.31,0.24,Normal
18.04,0.25,0.29,Normal
21.78,0.32,0.11,Normal
16.65,0.19,0.29,Normal
29.65,0.15,0.47,Fatigue_Dryness
25.21,0.27,0.14,Normal
25.48,0.45,0.43,Fatigue_Dryness
10.77,0.35,0.24,Normal
17.86,0.19,0.4,Normal
16.1,0.09,0.28,Fatigue_Dryness
10.46,0.05,0.24,Fatigue_Dryness
21.38,0.41,0.32,Fatigue_Dryness
14.2,0.14,0.49,Fatigue_Dryness
23.74,0.21,0.3,Normal
9.94,0.41,0.35,Fatigue_Dryness
32.25,0.06,0.18,Fatigue_Dryness
11.33,0.43,0.56,Fatigue_Dryness
20.25,0.22,0.38,Normal
24.83,0.11,0.27,Normal
13.93,0.22,0.23,Normal
25.32,0.16,0.45,Fatigue_Dryness
8.67,0.3,0.13,Normal
30.12,0.17,0,Fatigue_Dryness
18.61,0.02,0.26,Fatigue_Dryness
13.73,0.22,0.49,Fatigue_Dryness
16.11,0.09,0.57,Fatigue_Dryness
24.97,0.28,0.23,Normal
13.82,0.11,0.26,Normal
12.51,0.19,0.35,Normal
16.73,0.27,0.2,Normal
9.08,0.23,0.35,Normal
33.06,0.28,0.23,Fatigue_Dryness
13.97,0.33,0.45,Fatigue_Dryness
25.15,0.11,0.4,Normal
20.18,0.24,0.41,Fatigue_Dryness
10.62,0.01,0.21,Fatigue_Dryness
18.45,0.28,0.64,Fatigue_Dryness
24.77,0.21,0.35,Normal
16.99,0.13,0.3,Normal
28.04,0.29,0.1,Normal
26.67,0.39,0.23,Normal
25.85,0.19,0.27,Normal
14.82,0.14,0.09,Normal
9.86,0.27,0.19,Normal
13.59,0.09,0.22,Fatigue_Dryness
20.07,0.17,0.26,Normal
22.87,0.4,0,Normal
1.13,0.26,0.22,Fatigue_Dryness
18.44,0.02,0.18,Fatigue_Dryness
19.76,0.03,0.25,Fatigue_Dryness
16.28,0.27,0.46,Fatigue_Dryness
28.83,0.35,0.66,Fatigue_Dryness
21.87,0.06,0.39,Fatigue_Dryness
28.98,0.3,0,Normal
16.77,0.41,0.18,Fatigue_Dryness
26,0.48,0.37,Fatigue_Dryness
31.58,0.29,0.35,Fatigue_Dryness
28.99,0.31,0.45,Fatigue_Dryness
9.76,0.01,0.23,Fatigue_Dryness
16.47,0.5,0.18,Fatigue_Dryness
15.74,0.18,0.6,Fatigue_Dryness
22.41,0.14,0.26,Normal
23.99,0.22,0.05,Normal
11.79,0.43,0.55,Fatigue_Dryness
19.04,0.52,0,Fatigue_Dryness
2.34,0.27,0,Fatigue_Dryness
30.04,0.37,0.4,Fatigue_Dryness
14.4,0.26,0.43,Fatigue_Dryness
18.95,0.13,0.33,Normal
16.02,0.43,0,Fatigue_Dryness
27.67,0.18,0.24,Normal
1,0.43,0.19,Fatigue_Dryness
18.37,0.41,0.14,Fatigue_Dryness
17.65,0.32,0.53,Fatigue_Dryness
14.87,0.47,0.04,Fatigue_Dryness
32.31,0.52,0.31,Fatigue_Dryness
11.4,0.23,0.49,Fatigue_Dryness
24.67,0.15,0.33,Normal
21.35,0.03,0.5,Fatigue_Dryness
28.59,0.52,0.36,Fatigue_Dryness
13.16,0.2,0.34,Normal
12.64,0.39,0.32,Normal
27.27,0.16,0.37,Normal
21.9,0.44,0.17,Fatigue_Dryness
6.14,0.17,0,Fatigue_Dryness
14.19,0.11,0.44,Fatigue_Dryness
21.59,0.23,0.48,Fatigue_Dryness
25.2,0.19,0.3,Normal
13.07,0.32,0.14,Normal
1,0.24,0,Fatigue_Dryness
22.69,0.33,0.27,Normal
8.74,0.22,0,Normal
2.36,0.17,0,Fatigue_Dryness
1,0.18,0.25,Fatigue_Dryness
25.01,0.5,0.1,Fatigue_Dryness
19.53,0.28,0.32,Normal
16.69,0.01,0.22,Fatigue_Dryness
29.61,0.19,0.13,Normal
23.6,0.26,0,Normal
31.43,0.47,0.08,Fatigue_Dryness
7.36,0.37,0.09,Normal
18.22,0.14,0.01,Normal
5.57,0.54,0.18,Fatigue_Dryness
16.66,0.25,0.02,Normal
16.51,0.4,0.22,Normal
23.51,0.11,0.3,Normal
18.86,0.01,0.09,Fatigue_Dryness
23.49,0.08,0.34,Fatigue_Dryness
24.13,0.01,0,Fatigue_Dryness
35.74,0.5,0.03,Fatigue_Dryness
15.98,0.28,0.23,Normal
10.97,0.14,0.39,Normal
20.47,0.3,0.42,Fatigue_Dryness
12.08,0.27,0.57,Fatigue_Dryness
30.36,0.33,0.18,Fatigue_Dryness
16.23,0.4,0.22,Normal
13.98,0.22,0.04,Normal
14.73,0.14,0,Normal
24.25,0.35,0.3,Normal
17.24,0.35,0.1,Normal
13.37,0.26,0.5,Fatigue_Dryness
31.82,0.51,0,Fatigue_Dryness
11.65,0.2,0.35,Normal
18.78,0.14,0.05,Normal
23.72,0.3,0.09,Normal
5.45,0.17,0.36,Fatigue_Dryness
22.34,0.31,0.12,Normal
10.06,0.15,0.15,Normal
25.08,0.2,0.09,Normal
10.8,0.48,0.61,Fatigue_Dryness
24.04,0.2,0.13,Normal
27.35,0.15,0.26,Normal
25.39,0.39,0.21,Normal
20.51,0.12,0.29,Normal
16.65,0.17,0.13,Normal
13.89,0.32,0.21,Normal
30.27,0.36,0.33,Fatigue_Dryness
12.9,0.4,0.08,Normal
10.2,0.16,0.47,Fatigue_Dryness
23.82,0.32,0.49,Fatigue_Dryness
12.13,0.19,0.37,Normal
10.9,0.18,0.26,Normal
6.95,0.39,0,Fatigue_Dryness
14.64,0.18,0.34,Normal
17.84,0.28,0.17,Normal
20.44,0.27,0.2,Normal
26.11,0.12,0,Normal
22.72,0.37,0.35,Normal
16.97,0.32,0,Normal
16.91,0.01,0.27,Fatigue_Dryness
22.58,0.28,0.43,Fatigue_Dryness
28.68,0.16,0.16,Normal
19.51,0.38,0.49,Fatigue_Dryness
14.75,0.08,0.1,Fatigue_Dryness
10.56,0.21,0.37,Normal
6.94,0.29,0,Fatigue_Dryness
23.83,0.26,0.46,Fatigue_Dryness
23.12,0.34,0.43,Fatigue_Dryness
23.12,0.07,0.34,Fatigue_Dryness
17.47,0.45,0.17,Fatigue_Dryness
29.76,0.31,0,Normal
14.63,0.41,0.17,Fatigue_Dryness
26.14,0.36,0.47,Fatigue_Dryness
18.19,0.25,0.28,Normal
13.63,0.1,0,Fatigue_Dryness
23.24,0.18,0.03,Normal
21.78,0.44,0.5,Fatigue_Dryness
21.36,0.42,0.35,Fatigue_Dryness
19.15,0.18,0,Normal
18.2,0.01,0,Fatigue_Dryness
37.61,0.22,0.13,Fatigue_Dryness
27.97,0.22,0,Normal
24.28,0.22,0.22,Normal
19.39,0.31,0.74,Fatigue_Dryness
26.56,0.36,0,Normal
22.64,0.37,0.21,Normal
18.71,0.3,0.51,Fatigue_Dryness
16.07,0.03,0.4,Fatigue_Dryness
17.85,0.21,0.22,Normal
1,0.53,0.22,Fatigue_Dryness
20.18,0.3,0.02,Normal
14.59,0.29,0.2,Normal
31.24,0.29,0.3,Fatigue_Dryness
18.65,0.3,0.47,Fatigue_Dryness
8.99,0.01,0.13,Fatigue_Dryness
18.1,0.22,0.21,Normal
10.13,0.25,0.06,Normal
22.29,0.4,0.3,Fatigue_Dryness
20.83,0.26,0.41,Fatigue_Dryness
26.16,0.05,0.38,Fatigue_Dryness
12.17,0.3,0.02,Normal
18.77,0.15,0.28,Normal
7.58,0.1,0.12,Normal
24.11,0.15,0.45,Fatigue_Dryness
22.65,0.32,0.22,Normal
22.47,0.4,0,Fatigue_Dryness
18.51,0.31,0.21,Normal
21.82,0.33,0.34,Normal
31.33,0.31,0.3,Fatigue_Dryness
16.22,0.26,0.15,Normal
19.61,0.33,0.13,Normal
9.81,0.01,0.05,Fatigue_Dryness
11.55,0.26,0.17,Normal
19.28,0.13,0.08,Normal
27.33,0.39,0.44,Fatigue_Dryness
16.45,0.23,0.07,Normal
16.61,0.25,0.27,Normal
15.24,0.07,0.26,Fatigue_Dryness
14.22,0.37,0.44,Fatigue_Dryness
20.86,0.33,0.47,Fatigue_Dryness
6.52,0.32,0.39,Fatigue_Dryness
28.75,0.15,0.32,Normal
13.18,0.16,0.04,Normal
24.28,0.28,0.04,Normal
8.34,0.17,0.08,Normal
23.85,0.3,0.4,Normal
23.88,0.01,0.27,Fatigue_Dryness
21.57,0.19,0.42,Fatigue_Dryness
10.54,0.47,0.45,Fatigue_Dryness
20.5,0.3,0.11,Normal
9.04,0.27,0.26,Normal
16.48,0.49,0.25,Fatigue_Dryness
26.74,0.01,0.18,Fatigue_Dryness
24.87,0.15,0.14,Normal
18.62,0.2,0.49,Fatigue_Dryness
10.7,0.35,0.26,Normal
23.66,0.36,0.25,Normal
18.66,0.15,0.09,Normal
1,0.37,0.39,Fatigue_Dryness
24.76,0.2,0.05,Normal
18.31,0.4,0.34,Normal
28.12,0.13,0.35,Normal
9.74,0.24,0.17,Normal
1,0.19,0.31,Fatigue_Dryness
20.73,0.38,0.29,Normal
20.83,0.19,0.24,Normal
4.97,0.25,0.25,Fatigue_Dryness
10.67,0.31,0.26,Normal
40.54,0.32,0.28,Fatigue_Dryness
16.06,0.36,0.26,Normal
24.35,0.28,0.03,Normal
13.29,0.2,0.22,Normal
1.78,0.21,0.3,Fatigue_Dryness
17.14,0.25,0.27,Normal
16.38,0.28,0.44,Fatigue_Dryness
15.3,0.23,0.37,Normal
17.58,0.25,0.08,Normal
20.61,0.07,0.22,Fatigue_Dryness
17.3,0.33,0.19,Normal
8.39,0.27,0.25,Normal
22.39,0.37,0.25,Normal
2.91,0.25,0.37,Fatigue_Dryness
2.1,0.04,0.29,Fatigue_Dryness
24.41,0.21,0.5,Fatigue_Dryness
22.56,0.23,0.3,Normal
18.04,0.34,0.08,Normal
7.34,0.01,0.16,Fatigue_Dryness
12.84,0.26,0.37,Normal
16.4,0.31,0,Normal
5.73,0.17,0,Fatigue_Dryness
12.59,0.26,0.25,Normal
23.72,0.18,0.44,Fatigue_Dryness
29.92,0.16,0.51,Fatigue_Dryness
15.14,0.2,0.21,Normal
24.55,0.17,0.46,Fatigue_Dryness
3.19,0.33,0.26,Fatigue_Dryness
23.78,0.16,0,Normal
12.07,0.14,0.25,Normal
20.96,0.46,0.13,Fatigue_Dryness
16.52,0.37,0.43,Fatigue_Dryness
29.06,0.03,0.25,Fatigue_Dryness
11.5,0.16,0,Normal
23.52,0.28,0,Normal
16.26,0.29,0.25,Normal
17.23,0.07,0,Fatigue_Dryness
17.03,0.39,0.15,Normal
11.73,0.35,0.3,Normal
18.39,0.31,0.04,Normal
18,0.41,0.45,Fatigue_Dryness
20.43,0.3,0.49,Fatigue_Dryness
19.18,0.3,0.05,Normal
24.88,0.44,0.19,Fatigue_Dryness
25.89,0.38,0.45,Fatigue_Dryness
10.1,0.15,0.25,Normal
25.45,0.33,0,Normal
9.01,0.17,0.22,Normal
23.2,0.31,0.08,Normal
23.46,0.31,0.47,Fatigue_Dryness
3.21,0.08,0.37,Fatigue_Dryness
19.24,0.24,0.19,Normal
14.75,0.28,0.28,Normal
12.43,0.2,0,Normal
29.31,0.29,0.1,Normal
13.27,0.35,0.56,Fatigue_Dryness
12.05,0.25,0.26,Normal
19.11,0.28,0.44,Fatigue_Dryness
23.98,0.42,0.3,Fatigue_Dryness
17.37,0.31,0.51,Fatigue_Dryness
27.83,0.27,0,Normal
22.75,0.14,0.21,Normal
1.07,0.33,0.58,Fatigue_Dryness
14.26,0.29,0.44,Fatigue_Dryness
14.01,0.4,0.52,Fatigue_Dryness
22.33,0.26,0.25,Normal
1,0.03,0.14,Fatigue_Dryness
38.89,0.05,0.05,Fatigue_Dryness
22.75,0.34,0.03,Normal
19.69,0.18,0.41,Fatigue_Dryness
27.95,0.3,0.35,Normal
37.25,0.26,0.24,Fatigue_Dryness
25.47,0.23,0.35,Normal
26.09,0.24,0.28,Normal
19.55,0.15,0.44,Fatigue_Dryness
17.37,0.25,0.44,Fatigue_Dryness
14.69,0.18,0.04,Normal
11.89,0.21,0.31,Normal
13,0.21,0,Normal
7.7,0.22,0.28,Normal
17.89,0.36,0.37,Normal
5.02,0.23,0,Fatigue_Dryness
20.03,0.37,0.17,Normal
18.21,0.44,0.25,Fatigue_Dryness
19.68,0.35,0.3,Normal
14.32,0.31,0.19,Normal
43.11,0.29,0.02,Fatigue_Dryness
29.38,0.35,0.24,Normal
8.54,0.26,0,Normal
20.36,0.37,0.2,Normal
13.64,0.32,0.16,Normal
10.38,0.21,0.22,Normal
7.78,0.36,0.14,Normal
21.96,0.26,0,Normal
13.05,0.24,0.18,Normal
26.24,0.19,0.44,Fatigue_Dryness
26.45,0.27,0.5,Fatigue_Dryness
29.49,0.37,0.74,Fatigue_Dryness
11.68,0.36,0.59,Fatigue_Dryness
22.3,0.29,0.01,Normal
23.56,0.32,0.17,Normal
14.71,0.4,0.25,Fatigue_Dryness
12.33,0.23,0.23,Normal
31.38,0.12,0.26,Fatigue_Dryness
20.32,0.41,0.73,Fatigue_Dryness
23.59,0.19,0.03,Normal
11.92,0.17,0.11,Normal
8.75,0.03,0.58,Fatigue_Dryness
13.94,0.32,0.13,Normal
17.51,0.06,0.33,Fatigue_Dryness
9.99,0.16,0.46,Fatigue_Dryness
18.42,0.32,0.35,Normal
4.99,0.34,0.29,Fatigue_Dryness
9.54,0.17,0.44,Fatigue_Dryness
23.87,0.23,0.07,Normal
23.33,0.15,0.15,Normal
15.36,0.18,0.36,Normal
10.36,0.28,0,Normal
10.28,0.19,0.53,Fatigue_Dryness
15.51,0.22,0.31,Normal
23.66,0.07,0.28,Fatigue_Dryness
25.93,0.39,0,Normal
14.53,0.31,0,Normal
9.27,0.35,0.17,Normal
20.64,0.41,0.41,Fatigue_Dryness
11.91,0.15,0,Normal
14.35,0.21,0.41,Fatigue_Dryness
29.1,0.02,0.18,Fatigue_Dryness
25.12,0.63,0.21,Fatigue_Dryness
19.76,0.23,0.3,Normal
8.32,0.38,0.3,Normal
20.19,0.1,0.11,Normal
27,0.37,0.38,Normal
15.49,0.47,0,Fatigue_Dryness
29.31,0.24,0.16,Normal
28.84,0.13,0.28,Normal
31.81,0.23,0.18,Fatigue_Dryness
20.94,0.01,0,Fatigue_Dryness
23.2,0.25,0.4,Fatigue_Dryness
29.81,0.35,0,Normal
22.08,0.25,0.24,Normal
14.49,0.22,0.28,Normal
14.91,0.31,0.25,Normal
20.41,0.32,0.48,Fatigue_Dryness
8.18,0.05,0.24,Fatigue_Dryness
17.35,0.26,0.34,Normal
27.27,0.54,0.24,Fatigue_Dryness
1,0.09,0.37,Fatigue_Dryness
30.78,0.24,0.53,Fatigue_Dryness
27.48,0.48,0.28,Fatigue_Dryness
14.82,0.38,0.41,Fatigue_Dryness
22.85,0.19,0.54,Fatigue_Dryness
18.53,0.28,0.52,Fatigue_Dryness
28.34,0.25,0.17,Normal
26.36,0.16,0.46,Fatigue_Dryness
7.3,0.24,0.3,Normal
23.2,0.22,0.47,Fatigue_Dryness
16.85,0.26,0.36,Normal
19.16,0.16,0.31,Normal
12.67,0.1,0.34,Fatigue_Dryness
32.49,0.25,0.3,Fatigue_Dryness
26.82,0.46,0.31,Fatigue_Dryness
12.58,0.26,0.22,Normal
7.82,0.21,0.2,Normal
15.41,0.34,0.6,Fatigue_Dryness
21.98,0.23,0.35,Normal
20.42,0.47,0.14,Fatigue_Dryness
28.53,0.25,0.2,Normal
24.82,0.33,0.46,Fatigue_Dryness
26.26,0.16,0.1,Normal
21.11,0.31,0,Normal
7.39,0.28,0,Normal
16.93,0.24,0,Normal
26.98,0.19,0,Normal
18.09,0.17,0.01,Normal
22.52,0.28,0.53,Fatigue_Dryness
15.95,0.33,0.24,Normal
10.26,0.24,0.18,Normal
17.51,0.28,0,Normal
20.97,0.25,0.22,Normal
13.25,0.26,0,Normal
16.61,0.23,0.18,Normal
10.98,0.25,0.66,Fatigue_Dryness
27.45,0.57,0.38,Fatigue_Dryness
16.14,0.29,0.21,Normal
30.12,0.33,0.39,Fatigue_Dryness
30.73,0.3,0.15,Fatigue_Dryness
17.85,0.22,0.09,Normal
10.43,0.41,0.59,Fatigue_Dryness
1.81,0.22,0.02,Fatigue_Dryness
6.72,0.38,0.18,Fatigue_Dryness
7.51,0.21,0.31,Normal
29.53,0.14,0.06,Normal
19.43,0.29,0.38,Normal
21.62,0.12,0.19,Normal
1,0.31,0.38,Fatigue_Dryness
8.92,0.11,0.37,Normal
25.6,0.21,0.2,Normal
20.79,0.08,0.59,Fatigue_Dryness
17.32,0.59,0.12,Fatigue_Dryness
23.02,0.05,0.52,Fatigue_Dryness
31.59,0.25,0.49,Fatigue_Dryness
16.73,0.39,0.6,Fatigue_Dryness
19.05,0.37,0.29,Normal
20.04,0.35,0.09,Normal
37.64,0.21,0.67,Fatigue_Dryness
1.71,0.41,0.18,Fatigue_Dryness
23.97,0.36,0.09,Normal
17.58,0.28,0.21,Normal
23.03,0.28,0.05,Normal
13.24,0.21,0.36,Normal
18.11,0.14,0.13,Normal
24.19,0.4,0.19,Normal
43.4,0.41,0.44,Fatigue_Dryness
24.96,0.14,0.38,Normal
11.72,0.23,0.25,Normal
15.11,0.23,0.28,Normal
14.87,0.25,0.25,Normal
4.13,0.26,0.16,Fatigue_Dryness
15.86,0.36,0.25,Normal
24.36,0.16,0.35,Normal
8.31,0.15,0.23,Normal
26.89,0.4,0.33,Normal
22.4,0.19,0.08,Normal
12.63,0.1,0.13,Fatigue_Dryness
17.37,0.19,0.1,Normal
31.29,0.21,0.14,Fatigue_Dryness
24.37,0.44,0.51,Fatigue_Dryness
18.57,0.36,0.4,Normal
16.6,0.39,0.04,Normal
19.11,0.35,0.34,Normal
14.41,0.36,0.17,Normal
1.66,0.17,0.11,Fatigue_Dryness
34.84,0.23,0,Fatigue_Dryness
19.74,0.13,0.44,Fatigue_Dryness
21.69,0.23,0,Normal
18.04,0.33,0.24,Normal
12.62,0.27,0.06,Normal
17.01,0.41,0.41,Fatigue_Dryness
5.7,0.11,0.18,Fatigue_Dryness
36.72,0.31,0.22,Fatigue_Dryness
8.62,0.1,0.23,Normal
10.24,0.26,0.31,Normal
14.98,0.34,0.25,Normal
28.8,0.22,0.24,Normal
18.62,0.32,0.15,Normal
8.61,0.14,0,Normal
28.53,0.05,0.03,Fatigue_Dryness
24.35,0.32,0.39,Normal
22.81,0.46,0.19,Fatigue_Dryness
24.23,0.13,0.12,Normal
37.65,0.4,0,Fatigue_Dryness
35.98,0.26,0,Fatigue_Dryness
13.01,0.09,0.11,Fatigue_Dryness
31.49,0.11,0.43,Fatigue_Dryness
21.57,0.25,0.14,Normal
22.49,0.2,0.33,Normal
4.96,0.09,0.13,Fatigue_Dryness
17.14,0.05,0.38,Fatigue_Dryness
12,0.15,0.18,Normal
25.12,0.27,0,Normal
27.07,0.25,0.2,Normal
1.9,0.19,0.62,Fatigue_Dryness
18.32,0.27,0.61,Fatigue_Dryness
27.47,0.38,0.35,Normal
17.01,0.3,0.22,Normal
24.33,0.24,0.31,Normal
21.31,0.36,0.31,Normal
21.23,0.14,0.24,Normal
16.33,0.22,0.34,Normal
8.77,0.23,0.29,Normal
9.53,0.1,0.19,Normal
24.17,0.2,0.01,Normal
18.66,0.01,0.16,Fatigue_Dryness
17.39,0.48,0.41,Fatigue_Dryness
15.11,0.14,0.24,Normal
16.06,0.44,0.31,Fatigue_Dryness
26.88,0.26,0.19,Normal
15.82,0.32,0.04,Normal
7.77,0.19,0.2,Normal
24.45,0.28,0.05,Normal
16.86,0.33,0.03,Normal
18.75,0.33,0.49,Fatigue_Dryness
31.36,0.34,0.17,Fatigue_Dryness
18.34,0.21,0.1,Normal
20.81,0.19,0.57,Fatigue_Dryness
9.07,0.06,0.41,Fatigue_Dryness
16.74,0.31,0.18,Normal
23.38,0.38,0.34,Normal
6.06,0.44,0.2,Fatigue_Dryness
20.11,0.29,0.11,Normal
19.31,0.16,0.35,Normal
18.83,0.05,0.19,Fatigue_Dryness
26.8,0.38,0.27,Normal
21.18,0.03,0.45,Fatigue_Dryness
30.32,0.21,0.43,Fatigue_Dryness
10.55,0.22,0.14,Normal
19.59,0.24,0.35,Normal
19.18,0.25,0.02,Normal
9.95,0.27,0.34,Normal
26.15,0.01,0.28,Fatigue_Dryness
37.1,0.25,0.33,Fatigue_Dryness
18.36,0.01,0.19,Fatigue_Dryness
22.54,0.34,0.67,Fatigue_Dryness
19.18,0.18,0.07,Normal
12.79,0.01,0.44,Fatigue_Dryness
3.93,0.15,0.04,Fatigue_Dryness
12.85,0.18,0.35,Normal
7.36,0.39,0.37,Normal
32.13,0.27,0.26,Fatigue_Dryness
17.58,0.29,0.15,Normal
15.73,0.39,0.28,Normal
25.61,0.24,0.3,Normal
9.53,0.34,0.61,Fatigue_Dryness
12.37,0.33,0.08,Normal
19.04,0.1,0.14,Fatigue_Dryness
26.73,0.43,0.31,Fatigue_Dryness
22.51,0.08,0.2,Fatigue_Dryness
20.49,0.36,0.23,Normal
19.12,0.07,0.46,Fatigue_Dryness
21.7,0.32,0,Normal
20.11,0.47,0.13,Fatigue_Dryness
10.26,0.22,0,Normal
18.87,0.22,0.01,Normal
9.91,0.32,0.73,Fatigue_Dryness
19.15,0.21,0.37,Normal
14.65,0.47,0.44,Fatigue_Dryness
38.82,0.27,0.23,Fatigue_Dryness
18.18,0.21,0.4,Fatigue_Dryness
7.27,0.19,0,Normal
17.43,0.14,0.46,Fatigue_Dryness
22.65,0.18,0.09,Normal
31.89,0.21,0.14,Fatigue_Dryness
13.78,0.19,0.35,Normal
5.84,0.17,0.31,Fatigue_Dryness
25.03,0.5,0.27,Fatigue_Dryness
7.46,0.13,0,Normal
15.01,0.27,0.27,Normal
16.44,0.32,0.44,Fatigue_Dryness
17.94,0.33,0.14,Normal
24.01,0.24,0.51,Fatigue_Dryness
13.03,0.22,0.08,Normal
16.31,0.3,0.25,Normal
18.39,0.28,0.56,Fatigue_Dryness
19.7,0.22,0.11,Normal
19.28,0.06,0.46,Fatigue_Dryness
21.99,0.19,0.65,Fatigue_Dryness
25.25,0.11,0.28,Normal
21.64,0.17,0.15,Normal
22.13,0.25,0.1,Normal
5.84,0.29,0.51,Fatigue_Dryness
18.9,0.46,0.51,Fatigue_Dryness
22.34,0.19,0.54,Fatigue_Dryness
24.33,0.34,0.24,Normal
12.96,0.29,0.46,Fatigue_Dryness
13.23,0.41,0.24,Fatigue_Dryness
13.91,0.32,0.07,Normal
22.79,0.13,0.48,Fatigue_Dryness
26.77,0.04,0.58,Fatigue_Dryness
15.24,0.29,0.05,Normal
25.76,0.19,0.04,Normal
19.49,0.13,0.26,Normal
17.51,0.1,0.44,Fatigue_Dryness
16.81,0.27,0.02,Normal
24.47,0.43,0.3,Fatigue_Dryness
21.1,0.2,0.13,Normal
36.71,0.32,0.39,Fatigue_Dryness
11.68,0.24,0.09,Normal
22.64,0.1,0.4,Fatigue_Dryness
14.27,0.34,0.22,Normal
11.55,0.12,0.06,Normal
18.41,0.25,0.26,Normal
19.6,0.21,0,Normal
41.85,0.36,0.14,Fatigue_Dryness
17.03,0.12,0.32,Normal
9.46,0.3,0,Normal
20.68,0.15,0,Normal
1.9,0.19,0,Fatigue_Dryness
17.76,0.01,0.52,Fatigue_Dryness
18.63,0.5,0.24,Fatigue_Dryness
24.86,0.32,0.14,Normal
26.29,0.16,0.44,Fatigue_Dryness
14.47,0.12,0.17,Normal
17.3,0.19,0.3,Normal
12.37,0.34,0.26,Normal
9.48,0.02,0.16,Fatigue_Dryness
20.98,0.23,0.31,Normal
8.31,0.46,0.41,Fatigue_Dryness
15.18,0.11,0.21,Normal
10.54,0.26,0.16,Normal
22.9,0.51,0.18,Fatigue_Dryness
32.91,0.33,0,Fatigue_Dryness
8.09,0.27,0.31,Normal
3.68,0.31,0.01,Fatigue_Dryness
17.5,0.2,0.38,Normal
18.63,0.41,0.23,Fatigue_Dryness
20.25,0.2,0.27,Normal
14.93,0.02,0.39,Fatigue_Dryness
16.89,0.2,0.07,Normal
21.44,0.13,0.32,Normal
26.82,0.22,0.3,Normal
2.86,0.22,0.21,Fatigue_Dryness
15.55,0.39,0.06,Normal
20.21,0.33,0.37,Normal
11.16,0.28,0.39,Normal
32.35,0.25,0.27,Fatigue_Dryness
13.42,0.12,0.04,Normal
18.17,0.01,0.15,Fatigue_Dryness
22.95,0.26,0.24,Normal
13.77,0.35,0.39,Normal
3.73,0.24,0,Fatigue_Dryness
15.07,0.19,0.14,Normal
26.74,0.31,0.17,Normal
15.8,0.24,0.23,Normal
11.73,0.45,0,Fatigue_Dryness
25.91,0.4,0.21,Normal
15.85,0.37,0.19,Normal
14.42,0.34,0.04,Normal
19.7,0.1,0.23,Fatigue_Dryness
24.67,0.33,0.14,Normal
37.55,0.3,0.35,Fatigue_Dryness
25.12,0.32,0.07,Normal
27.78,0.31,0.27,Normal
14.45,0.3,0.09,Normal
10.29,0.57,0.13,Fatigue_Dryness
19,0.24,0.31,Normal
19.36,0.36,0.3,Normal
9.87,0.19,0.17,Normal
17.1,0.35,0.2,Normal
21.69,0.36,0,Normal
21.38,0.29,0.53,Fatigue_Dryness
22.53,0.45,0.39,Fatigue_Dryness
20.83,0.14,0.38,Normal
14.44,0.19,0,Normal
14.39,0.28,0.13,Normal
8.91,0.36,0.18,Normal
32.78,0.27,0,Fatigue_Dryness
18.61,0.4,0.43,Fatigue_Dryness
16.7,0.17,0.54,Fatigue_Dryness
11.07,0.11,0.66,Fatigue_Dryness
41.99,0.29,0.04,Fatigue_Dryness
9.91,0.24,0.27,Normal
15.07,0.32,0.52,Fatigue_Dryness
21.83,0.25,0.2,Normal
23.3,0.21,0.14,Normal
26.16,0.24,0,Normal
32.96,0.25,0.48,Fatigue_Dryness
22.55,0.21,0.25,Normal
10.05,0.23,0.1,Normal
16.44,0.2,0.31,Normal
20.96,0.35,0.28,Normal
35.05,0.27,0.28,Fatigue_Dryness
7.32,0.52,0.21,Fatigue_Dryness
28.12,0.27,0.57,Fatigue_Dryness
19.94,0.18,0.22,Normal
25.2,0.57,0.57,Fatigue_Dryness
17.68,0.3,0.36,Normal
11.76,0.37,0.32,Normal
24.51,0.32,0.23,Normal
23.74,0.33,0.45,Fatigue_Dryness
26.28,0.31,0.27,Normal
18.39,0.12,0.06,Normal
13.7,0.29,0.06,Normal
6.03,0.09,0.33,Fatigue_Dryness
25.05,0.23,0.07,Normal
21.89,0.16,0.24,Normal
10.77,0.29,0.46,Fatigue_Dryness
14.19,0.29,0.31,Normal
14.77,0.31,0.11,Normal
6.64,0.28,0.53,Fatigue_Dryness
11.96,0.18,0.36,Normal
9.43,0.22,0.45,Fatigue_Dryness
15.2,0.36,0,Normal
12.59,0.38,0.32,Normal
5.48,0.11,0.42,Fatigue_Dryness
34.68,0.07,0.59,Fatigue_Dryness
28.52,0.16,0,Normal
12.27,0.38,0.49,Fatigue_Dryness
20.68,0.4,0.58,Fatigue_Dryness
21.84,0.14,0,Normal
28.03,0.29,0.35,Normal
11.95,0.47,0.37,Fatigue_Dryness
27.24,0.3,0.19,Normal
14.12,0.42,0.15,Fatigue_Dryness
7.81,0.37,0.38,Normal
24.29,0.14,0.13,Normal
28.83,0.23,0.21,Normal
39.2,0.25,0.41,Fatigue_Dryness
8.9,0.26,0.6,Fatigue_Dryness
24.09,0.36,0.36,Normal
15.22,0.3,0.28,Normal
24.77,0.01,0.15,Fatigue_Dryness
6.74,0.09,0.05,Fatigue_Dryness
8.4,0.01,0.47,Fatigue_Dryness
12.29,0.27,0.22,Normal
19.13,0.28,0.48,Fatigue_Dryness
13.37,0.28,0.18,Normal
23.77,0.14,0.12,Normal
26.72,0.33,0.33,Normal
23.3,0.34,0.24,Normal
31.45,0.1,0.01,Fatigue_Dryness
21.83,0.07,0.61,Fatigue_Dryness
8.76,0.25,0.13,Normal
29.41,0.47,0.44,Fatigue_Dryness
13.66,0.45,0.42,Fatigue_Dryness
25.78,0.32,0,Normal
31.09,0.16,0.05,Fatigue_Dryness
22.15,0.36,0.19,Normal
6.53,0.2,0.08,Fatigue_Dryness
11.15,0.16,0.6,Fatigue_Dryness
29.08,0.01,0.21,Fatigue_Dryness
17.15,0.26,0.43,Fatigue_Dryness
19.14,0.17,0.35,Normal
24.57,0.26,0.3,Normal
24.07,0.01,0.26,Fatigue_Dryness
20.73,0.27,0.5,Fatigue_Dryness
16.83,0.01,0.09,Fatigue_Dryness
16,0.38,0.6,Fatigue_Dryness
25.36,0.31,0,Normal
22.93,0.22,0.41,Fatigue_Dryness
16.44,0.32,0,Normal
27.16,0.13,0.19,Normal
17.47,0.26,0.27,Normal
11.69,0.35,0.15,Normal
12.43,0.01,0.21,Fatigue_Dryness
10.67,0.2,0,Normal
16.32,0.25,0.05,Normal
28.37,0.23,0.35,Normal
12.06,0.43,0.26,Fatigue_Dryness
20.01,0.12,0.11,Normal
13.25,0.18,0.52,Fatigue_Dryness
16.42,0.02,0.01,Fatigue_Dryness
6.42,0.43,0.18,Fatigue_Dryness
16.74,0.22,0.15,Normal
16.95,0.2,0.37,Normal
22.82,0.24,0.26,Normal
20.29,0.33,0.23,Normal
8.91,0.29,0,Normal
27.17,0.57,0.42,Fatigue_Dryness
20.18,0.3,0.21,Normal
20.09,0.19,0.27,Normal
18.43,0.18,0.1,Normal
14.36,0.2,0.07,Normal
20.24,0.07,0.55,Fatigue_Dryness
22.3,0.26,0,Normal
4.52,0.34,0.04,Fatigue_Dryness
14.19,0.18,0.55,Fatigue_Dryness
16.46,0.15,0.38,Normal
20.55,0.43,0.19,Fatigue_Dryness
28.05,0.08,0.5,Fatigue_Dryness
12.33,0.01,0.34,Fatigue_Dryness
14.52,0.11,0.3,Normal
14.4,0.07,0.3,Fatigue_Dryness
12.09,0.3,0.34,Normal
15.72,0.21,0.35,Normal
24.67,0.22,0.69,Fatigue_Dryness
10.07,0.39,0.21,Normal
21.92,0.17,0.22,Normal
4.88,0.34,0,Fatigue_Dryness
14.01,0.43,0.24,Fatigue_Dryness
15.86,0.2,0.62,Fatigue_Dryness
31.9,0.34,0.45,Fatigue_Dryness
16.3,0.22,0.14,Normal
1,0.36,0.26,Fatigue_Dryness
2.51,0.06,0,Fatigue_Dryness
18.77,0.05,0.06,Fatigue_Dryness
23.41,0.2,0.28,Normal
21.5,0.14,0.15,Normal
19.84,0.19,0.04,Normal
27.8,0.22,0.35,Normal
14.18,0.34,0.23,Normal
25.66,0.2,0,Normal
5.44,0.15,0,Fatigue_Dryness
11.26,0.21,0.14,Normal
4.04,0.16,0,Fatigue_Dryness
16.3,0.14,0,Normal
18.13,0.06,0.48,Fatigue_Dryness
19.41,0.26,0.23,Normal
19,0.18,0.2,Normal
11.08,0.37,0.21,Normal
16.98,0.08,0.02,Fatigue_Dryness
6.52,0.19,0.33,Fatigue_Dryness
29.41,0.47,0.22,Fatigue_Dryness
16.07,0.14,0.1,Normal
14.59,0.22,0.13,Normal
31.21,0.1,0.01,Fatigue_Dryness
8.56,0.09,0.17,Fatigue_Dryness
9.5,0.44,0.2,Fatigue_Dryness
9.73,0.27,0.16,Normal
17.96,0.27,0.26,Normal
21.95,0.05,0.23,Fatigue_Dryness
24.42,0.29,0.3,Normal
39.08,0.39,0.44,Fatigue_Dryness
1,0.39,0.37,Fatigue_Dryness
23.37,0.33,0.44,Fatigue_Dryness
14.04,0.11,0.08,Normal
13.81,0.29,0.15,Normal
13.54,0.33,0.38,Normal
11.23,0.04,0.38,Fatigue_Dryness
31.98,0.12,0.11,Fatigue_Dryness
25.24,0.36,0.37,Normal
18.69,0.36,0.06,Normal
29.31,0.06,0.35,Fatigue_Dryness
6.4,0.35,0.25,Fatigue_Dryness
7.85,0.26,0,Normal
1.08,0.34,0.16,Fatigue_Dryness
12.9,0.17,0.69,Fatigue_Dryness
19.79,0.33,0.29,Normal
19.32,0.35,0.71,Fatigue_Dryness
19.69,0.21,0,Normal
7.21,0.25,0.4,Normal
24.93,0.17,0,Normal
20.42,0.45,0.25,Fatigue_Dryness
24.36,0.24,0.38,Normal
3.36,0.14,0.42,Fatigue_Dryness
20.99,0.16,0.09,Normal
9,0.27,0.46,Fatigue_Dryness
15.32,0.34,0.14,Normal
22.77,0.09,0.22,Fatigue_Dryness
19.23,0.47,0.16,Fatigue_Dryness
11.69,0.29,0.02,Normal
18.55,0.31,0.56,Fatigue_Dryness
6.25,0.24,0.26,Fatigue_Dryness
27.7,0.25,0.47,Fatigue_Dryness
16.86,0.23,0.46,Fatigue_Dryness
27.45,0.37,0.06,Normal
14.29,0.25,0.49,Fatigue_Dryness
14.31,0.34,0.35,Normal
12.39,0.2,0.04,Normal
25.51,0.27,0.34,Normal
12.82,0.15,0.05,Normal
23.66,0.4,0.57,Fatigue_Dryness
15.44,0.15,0.41,Fatigue_Dryness
2.69,0.21,0.24,Fatigue_Dryness
13.94,0.21,0.5,Fatigue_Dryness
9.07,0.21,0,Normal
18.77,0.34,0.1,Normal
8.98,0.21,0.2,Normal
25.91,0.42,0.7,Fatigue_Dryness
17.77,0.15,0.04,Normal
17.08,0.27,0,Normal
23.75,0.16,0,Normal
26.21,0.3,0.43,Fatigue_Dryness
18.34,0.25,0.13,Normal
12.33,0.23,0.22,Normal
4.31,0.39,0.4,Fatigue_Dryness
13.01,0.17,0.22,Normal
13.56,0.32,0.29,Normal
19.36,0.16,0.36,Normal
15.74,0.26,0.16,Normal
24,0.11,0.22,Normal
13.6,0.17,0.3,Normal
18.04,0.24,0.42,Fatigue_Dryness
27.97,0.47,0.09,Fatigue_Dryness
21.23,0.26,0,Normal
18.02,0.45,0.39,Fatigue_Dryness
13.68,0.28,0.44,Fatigue_Dryness
13.43,0.2,0.29,Normal
11.7,0.44,0.3,Fatigue_Dryness
14.17,0.3,0.14,Normal
24.55,0.17,0.35,Normal
16.72,0.31,0.42,Fatigue_Dryness
7.7,0.22,0.26,Normal
32.65,0.01,0.75,Fatigue_Dryness
21.06,0.36,0,Normal
7.24,0.38,0.28,Normal
14.97,0.47,0.02,Fatigue_Dryness
19.39,0.3,0.43,Fatigue_Dryness
32.14,0.22,0,Fatigue_Dryness
9.64,0.35,0,Normal
26.31,0.35,0.12,Normal
29.7,0.45,0.3,Fatigue_Dryness
13.47,0.25,0.13,Normal
16.28,0.23,0.13,Normal
10.21,0.16,0.21,Normal
16.87,0.31,0.2,Normal
18.21,0.06,0.55,Fatigue_Dryness
23.78,0.34,0.39,Normal
27.22,0.32,0.19,Normal
12.52,0.32,0.67,Fatigue_Dryness
2.76,0.27,0.35,Fatigue_Dryness
18.33,0.43,0.06,Fatigue_Dryness
20.85,0.36,0.3,Normal
20.5,0.18,0.36,Normal
15.89,0.18,0.11,Normal
19.5,0.14,0.04,Normal
30.62,0.32,0.27,Fatigue_Dryness
21.55,0.13,0.18,Normal
15.51,0.38,0.55,Fatigue_Dryness
14.5,0.41,0.4,Fatigue_Dryness
17.14,0.15,0.12,Normal
31.59,0.23,0.34,Fatigue_Dryness
17.03,0.25,0.5,Fatigue_Dryness
18.34,0.36,0,Normal
14.64,0.44,0.05,Fatigue_Dryness
27.29,0.05,0.25,Fatigue_Dryness
34.18,0.21,0.26,Fatigue_Dryness
22.1,0.22,0.24,Normal
19.16,0.08,0.19,Fatigue_Dryness
18.79,0.19,0.19,Normal
1,0.3,0.33,Fatigue_Dryness
24.46,0.22,0.48,Fatigue_Dryness
19.57,0.07,0.15,Fatigue_Dryness
21.93,0.6,0.74,Fatigue_Dryness
12.81,0.28,0.64,Fatigue_Dryness
15.42,0.26,0.52,Fatigue_Dryness
15.21,0.12,0.37,Normal
26.67,0.28,0.65,Fatigue_Dryness
15.47,0.23,0.19,Normal
35.16,0.02,0.08,Fatigue_Dryness
21.95,0.12,0.15,Normal
8.29,0.35,0.05,Normal
17.47,0.48,0.27,Fatigue_Dryness
13.29,0.29,0.31,Normal
1,0.38,0.29,Fatigue_Dryness
31.3,0.23,0.25,Fatigue_Dryness
24.13,0.24,0.28,Normal
22.77,0.38,0.6,Fatigue_Dryness
19.82,0.45,0.37,Fatigue_Dryness
7.44,0.41,0.44,Fatigue_Dryness
14.63,0.12,0.29,Normal
25.23,0.24,0,Normal
10.09,0.28,0,Normal
1,0.22,0.67,Fatigue_Dryness
16.68,0.3,0.14,Normal
17.37,0.35,0.13,Normal
19.58,0.37,0.3,Normal
24.33,0.45,0.36,Fatigue_Dryness
23.6,0.21,0.39,Normal
20.57,0.09,0.61,Fatigue_Dryness
28.06,0.29,0.55,Fatigue_Dryness
6.35,0.48,0.09,Fatigue_Dryness
22.54,0.19,0.44,Fatigue_Dryness
23.51,0.33,0.17,Normal
8.58,0.33,0.22,Normal
6.48,0.27,0.03,Fatigue_Dryness
12.53,0.25,0,Normal
13.21,0.14,0.24,Normal
24.53,0.01,0.06,Fatigue_Dryness
13.58,0.12,0.44,Fatigue_Dryness
11.65,0.2,0.19,Normal
13.61,0.38,0.31,Normal
27.45,0.24,0.52,Fatigue_Dryness
18.6,0.19,0,Normal
17.07,0.14,0.11,Normal
17.62,0.33,0.29,Normal
28.84,0.41,0.31,Fatigue_Dryness
12.51,0.38,0.47,Fatigue_Dryness
29.02,0.32,0.42,Fatigue_Dryness
20.18,0.07,0.27,Fatigue_Dryness
17.22,0.21,0.31,Normal
38.51,0.48,0.32,Fatigue_Dryness
10.05,0.39,0,Normal
15.67,0.07,0.22,Fatigue_Dryness
8.64,0.24,0.3,Normal
26.12,0.29,0.34,Normal
32.01,0.16,0.07,Fatigue_Dryness
31.86,0.01,0,Fatigue_Dryness
28.29,0.26,0.2,Normal
16.92,0.16,0.64,Fatigue_Dryness
15.58,0.16,0.09,Normal
5.13,0.21,0.49,Fatigue_Dryness
34.79,0.23,0.57,Fatigue_Dryness
22.25,0.25,0.26,Normal
14.56,0.14,0.11,Normal
29.12,0.22,0.35,Normal
10.72,0.04,0.29,Fatigue_Dryness
21.75,0.29,0.08,Normal
17.12,0.01,0.12,Fatigue_Dryness
23.61,0.22,0.34,Normal
17.99,0.36,0.44,Fatigue_Dryness
6.89,0.12,0.19,Fatigue_Dryness
19.1,0.34,0.24,Normal
26.89,0.39,0.38,Normal
18.27,0.01,0.22,Fatigue_Dryness
24.7,0.23,0.19,Normal
10.14,0.01,0.1,Fatigue_Dryness
18.29,0.24,0.1,Normal
13.5,0.25,0.78,Fatigue_Dryness
24.48,0.01,0.21,Fatigue_Dryness
18.75,0.48,0.52,Fatigue_Dryness
24.02,0.28,0.59,Fatigue_Dryness
27.2,0.15,0.21,Normal
24.03,0.43,0.32,Fatigue_Dryness
20.68,0.04,0.27,Fatigue_Dryness
10.51,0.1,0,Normal
18.48,0.01,0,Fatigue_Dryness
14.24,0.47,0.26,Fatigue_Dryness
15.75,0.29,0.17,Normal
15.5,0.33,0.63,Fatigue_Dryness
10.66,0.29,0.2,Normal
2.84,0.32,0.64,Fatigue_Dryness
13.15,0.26,0.16,Normal
20.05,0.28,0.63,Fatigue_Dryness
7.71,0.26,0.35,Normal
18.63,0.18,0.36,Normal
33.7,0.24,0.15,Fatigue_Dryness
26.68,0.28,0.37,Normal
31.65,0.26,0.59,Fatigue_Dryness
21.63,0.07,0.22,Fatigue_Dryness
27.84,0.09,0.18,Fatigue_Dryness
12.71,0.38,0.2,Normal
13.35,0.21,0.57,Fatigue_Dryness
1,0.32,0.42,Fatigue_Dryness
27.99,0.12,0.54,Fatigue_Dryness
30.82,0.07,0.31,Fatigue_Dryness
14.07,0.15,0.26,Normal
16.47,0.22,0.34,Normal
12.47,0.17,0.46,Fatigue_Dryness
21.56,0.41,0.2,Fatigue_Dryness
27.5,0.27,0.52,Fatigue_Dryness
4.56,0.47,0.32,Fatigue_Dryness
21.78,0.3,0,Normal
16.29,0.01,0.43,Fatigue_Dryness
19.41,0.38,0,Normal
22.17,0.07,0.42,Fatigue_Dryness
16.99,0.28,0.43,Fatigue_Dryness
17.67,0.16,0.32,Normal
16.79,0.51,0.36,Fatigue_Dryness
26.26,0.42,0.47,Fatigue_Dryness
21.85,0.16,0.15,Normal
20.26,0.24,0.41,Fatigue_Dryness
8.33,0.28,0.48,Fatigue_Dryness
15.47,0.35,0.6,Fatigue_Dryness
25.69,0.25,0.03,Normal
18.8,0.13,0.33,Normal
23.78,0.16,0.06,Normal
32.63,0.25,0.05,Fatigue_Dryness
26.81,0.4,0.32,Normal
19.25,0.3,0.27,Normal
14.41,0.16,0.48,Fatigue_Dryness
1,0.33,0.18,Fatigue_Dryness
17.15,0.2,0.22,Normal
15.89,0.36,0.29,Normal
21.62,0.55,0.08,Fatigue_Dryness
17.27,0.21,0.11,Normal
15.94,0.35,0.47,Fatigue_Dryness
4.26,0.16,0.14,Fatigue_Dryness
10.98,0.24,0.49,Fatigue_Dryness
22.31,0.25,0.37,Normal
32.23,0.23,0,Fatigue_Dryness
17.72,0.55,0.36,Fatigue_Dryness
21.12,0.21,0.35,Normal
26.12,0.32,0.34,Normal
12.01,0.02,0.22,Fatigue_Dryness
21.43,0.3,0.06,Normal
12.58,0.39,0.52,Fatigue_Dryness
25.42,0.19,0.23,Normal
19.71,0.01,0.07,Fatigue_Dryness
20.89,0.25,0.34,Normal
12.24,0.25,0.1,Normal
24.16,0.34,0.06,Normal
35.18,0.49,0.18,Fatigue_Dryness
10.44,0.2,0.12,Normal
15.78,0.15,0.07,Normal
20.35,0.11,0.41,Fatigue_Dryness
24.79,0.27,0.23,Normal
14.02,0.31,0.5,Fatigue_Dryness
1,0.19,0.08,Fatigue_Dryness
29.37,0.34,0,Normal
24.58,0.31,0.28,Normal
4.56,0.26,0.62,Fatigue_Dryness
13.64,0.14,0.36,Normal
31.05,0.19,0.89,Fatigue_Dryness
30.08,0.01,0.32,Fatigue_Dryness
26.01,0.28,0.3,Normal
17.09,0.25,0,Normal
19.16,0.27,0.34,Normal
17.45,0.31,0.28,Normal
27.53,0.3,0.17,Normal
11.49,0.24,0.22,Normal
12.05,0.26,0.24,Normal
26.58,0.08,0.21,Fatigue_Dryness
18.15,0.18,0.67,Fatigue_Dryness
29.53,0.26,0.18,Normal
13.13,0.16,0.28,Normal
18.06,0.35,0.17,Normal
11.12,0.17,0.41,Fatigue_Dryness
18.56,0.28,0.29,Normal
6.67,0.26,0.19,Fatigue_Dryness
14.6,0.34,0,Normal
7.01,0.36,0.3,Normal
24.05,0.33,0.19,Normal
24.23,0.01,0.24,Fatigue_Dryness
4.66,0.39,0.01,Fatigue_Dryness
29.17,0.43,0.54,Fatigue_Dryness
38.48,0.19,0.42,Fatigue_Dryness
18.87,0.28,0.54,Fatigue_Dryness
13.37,0.14,0.48,Fatigue_Dryness
41.09,0.02,0.37,Fatigue_Dryness
7.95,0.16,0.02,Normal
18.66,0.19,0.62,Fatigue_Dryness
19.94,0.21,0.06,Normal
29.26,0.14,0.2,Normal
21.38,0.16,0.39,Normal
14.51,0.25,0.4,Fatigue_Dryness
10.89,0.16,0.36,Normal
15.77,0.32,0.17,Normal
10.44,0.33,0.13,Normal
18.88,0.54,0.76,Fatigue_Dryness
13.99,0.39,0.24,Normal
6.55,0.28,0.22,Fatigue_Dryness
28.54,0.18,0.11,Normal
14.52,0.29,0.3,Normal
8.35,0.29,0.29,Normal
17.15,0.19,0.25,Normal
19.05,0.34,0.33,Normal
4.53,0.08,0.6,Fatigue_Dryness
21.15,0.22,0.13,Normal
10.12,0.32,0.26,Normal
32.19,0.22,0.12,Fatigue_Dryness
22.69,0.23,0.31,Normal
15.3,0.23,0.14,Normal
12.54,0.15,0.15,Normal
17.66,0.39,0,Normal
23.4,0.13,0.27,Normal
18.3,0.29,0.34,Normal
16.76,0.3,0.62,Fatigue_Dryness
18.97,0.14,0.34,Normal
13.67,0.26,0.16,Normal
15.75,0.14,0,Normal
1.81,0.42,0.01,Fatigue_Dryness
26.29,0.11,0,Normal
20.89,0.17,0.63,Fatigue_Dryness
12.31,0.1,0.31,Normal
33.69,0.09,0.13,Fatigue_Dryness
19.2,0.44,0.06,Fatigue_Dryness
10.21,0.32,0.08,Normal
25.35,0.27,0.13,Normal
21.68,0.17,0.51,Fatigue_Dryness
21.66,0.36,0.24,Normal
15.09,0.15,0,Normal
22.1,0.35,0.71,Fatigue_Dryness
16.41,0.15,0.02,Normal
22.95,0.17,0.13,Normal
3.26,0.34,0.51,Fatigue_Dryness
15.03,0.35,0.33,Normal
32.28,0.32,0.16,Fatigue_Dryness
12.36,0.12,0,Normal
13.67,0.2,0.06,Normal
14.92,0.27,0.07,Normal
8.78,0.15,0.25,Normal
1,0.42,0.29,Fatigue_Dryness
16.66,0.01,0.22,Fatigue_Dryness
19.59,0.16,0.24,Normal
18.08,0.19,0.04,Normal
17.34,0.01,0.31,Fatigue_Dryness
18.84,0.08,0.51,Fatigue_Dryness
26.68,0.33,0.22,Normal
16.98,0.25,0.21,Normal
13.91,0.44,0.27,Fatigue_Dryness
16.25,0.44,0.47,Fatigue_Dryness
23.13,0.3,0.07,Normal
29.8,0.29,0.54,Fatigue_Dryness
13.47,0.26,0.33,Normal
19.29,0.01,0.26,Fatigue_Dryness
21.21,0.08,0.49,Fatigue_Dryness
10.56,0.26,0.01,Normal
18.66,0.32,0.35,Normal
6.77,0.29,0.34,Fatigue_Dryness
4.35,0.14,0.06,Fatigue_Dryness
21.43,0.36,0.34,Normal
15.43,0.43,0.31,Fatigue_Dryness
20.12,0.36,0.21,Normal
18.36,0.37,0.42,Fatigue_Dryness
10.69,0.18,0.14,Normal
18.14,0.38,0.3,Normal
8.64,0.27,0.22,Normal
29.63,0.31,0.13,Normal
7.65,0.29,0.35,Normal
16.93,0.24,0.21,Normal
10.16,0.15,0,Normal
23.06,0.24,0,Normal
15.85,0.37,0.41,Fatigue_Dryness
14.35,0.2,0.01,Normal
25.33,0.36,0.31,Normal
18.74,0.34,0.26,Normal
22.63,0.21,0.18,Normal
10.65,0.42,0.64,Fatigue_Dryness
7.26,0.21,0.29,Normal
19.36,0.43,0.4,Fatigue_Dryness
15.95,0.3,0.31,Normal
23.51,0.25,0.2,Normal
17.86,0.14,0.25,Normal
20.14,0.24,0.54,Fatigue_Dryness
5.51,0.23,0.47,Fatigue_Dryness
33.61,0.1,0.64,Fatigue_Dryness
17.19,0.22,0.29,Normal
24.08,0.15,0.08,Normal
11.81,0.32,0.16,Normal
20.96,0.41,0.01,Fatigue_Dryness
8.08,0.1,0.4,Fatigue_Dryness
22.12,0.46,0.13,Fatigue_Dryness
15.65,0.24,0,Normal
18.73,0.13,0.74,Fatigue_Dryness
24.08,0.34,0.14,Normal
8.64,0.2,0.14,Normal
13.02,0.24,0.58,Fatigue_Dryness
22.16,0.2,0.01,Normal
35.29,0.15,0.48,Fatigue_Dryness
17.4,0.34,0.13,Normal
23.23,0.22,0,Normal
17.64,0.08,0.59,Fatigue_Dryness
34.04,0.32,0.44,Fatigue_Dryness
4.52,0.11,0.43,Fatigue_Dryness
19.26,0.11,0.32,Normal
5.5,0.39,0.37,Fatigue_Dryness
1,0.11,0,Fatigue_Dryness
20.88,0.01,0.27,Fatigue_Dryness
19.62,0.33,0.06,Normal
16.22,0.21,0,Normal
17.65,0.22,0.33,Normal
43.29,0.21,0.48,Fatigue_Dryness
16.43,0.28,0.17,Normal
22.58,0.16,0.21,Normal
13.31,0.43,0.02,Fatigue_Dryness
20.86,0.07,0.25,Fatigue_Dryness
16.59,0.3,0.4,Fatigue_Dryness
15.22,0.33,0.41,Fatigue_Dryness
33.05,0.16,0.36,Fatigue_Dryness
27.92,0.13,0.13,Normal
19.59,0.37,0.12,Normal
1,0.13,0.41,Fatigue_Dryness
15.61,0.18,0.41,Fatigue_Dryness
40.12,0.36,0.22,Fatigue_Dryness
16.65,0.25,0.17,Normal
27.33,0.03,0.48,Fatigue_Dryness
30.04,0.46,0.18,Fatigue_Dryness
20.25,0.19,0.4,Normal
11.77,0.2,0.22,Normal
1,0.28,0.04,Fatigue_Dryness
23.97,0.33,0.57,Fatigue_Dryness
11.98,0.49,0.27,Fatigue_Dryness
19.91,0.05,0.11,Fatigue_Dryness
8.5,0.35,0,Normal
16.38,0.34,0,Normal
18.77,0.23,0.18,Normal
20.65,0.34,0.64,Fatigue_Dryness
9.58,0.36,0.13,Normal
28.08,0.08,0.54,Fatigue_Dryness
13.72,0.46,0.22,Fatigue_Dryness
5.1,0.06,0.01,Fatigue_Dryness
17.63,0.11,0.16,Normal
18.78,0.22,0,Normal
19.78,0.48,0.08,Fatigue_Dryness
29.4,0.21,0.07,Normal
16.61,0.25,0,Normal
17.54,0.42,0.55,Fatigue_Dryness
9.67,0.21,0.29,Normal
25.06,0.11,0.11,Normal
19.97,0.2,0.29,Normal
15.14,0.41,0.08,Fatigue_Dryness
3.26,0.26,0,Fatigue_Dryness
30.06,0.48,0.84,Fatigue_Dryness
8.68,0.34,0.29,Normal
13.77,0.17,0.13,Normal
21.37,0.26,0,Normal
8.93,0.15,0,Normal
6.55,0.17,0.58,Fatigue_Dryness
1.51,0.79,0.55,Fatigue_Dryness
24.27,0.37,0.4,Fatigue_Dryness
14.14,0.35,0.03,Normal
41.92,0.18,0.55,Fatigue_Dryness
10.55,0.44,0.34,Fatigue_Dryness
11.13,0.38,0.38,Normal
13.98,0.48,0.34,Fatigue_Dryness
20.45,0.47,0,Fatigue_Dryness
14.74,0.07,0.01,Fatigue_Dryness
23.4,0.12,0.15,Normal
10.67,0.13,0.38,Normal
7.45,0.14,0,Normal
4.11,0.29,0.22,Fatigue_Dryness
1,0.18,0.22,Fatigue_Dryness
14.36,0.5,0.41,Fatigue_Dryness
16.09,0.48,0.39,Fatigue_Dryness
13.45,0.25,0.05,Normal
28.45,0.49,0.54,Fatigue_Dryness
28.32,0.43,0.02,Fatigue_Dryness
15.82,0.2,0.47,Fatigue_Dryness
4.15,0.01,0.14,Fatigue_Dryness
13.97,0.22,0.28,Normal
13.7,0.17,0.3,Normal
13.24,0.28,0.29,Normal
12.92,0.26,0.39,Normal
13.27,0.26,0.33,Normal
15.41,0.31,0.41,Fatigue_Dryness
13.42,0.1,0.34,Normal
20.17,0.3,0,Normal
21.38,0.2,0.3,Normal
11.21,0.27,0.14,Normal
28.67,0.37,0.03,Normal
10.66,0.1,0.19,Normal
5.56,0.22,0.29,Fatigue_Dryness
21.55,0.24,0.3,Normal
11.96,0.19,0.46,Fatigue_Dryness
21.07,0.36,0.51,Fatigue_Dryness
1,0.16,0.32,Fatigue_Dryness
29.64,0.18,0.35,Normal
23.88,0.17,0.27,Normal
6.5,0.38,0.4,Fatigue_Dryness
6.67,0.19,0.35,Fatigue_Dryness
31.88,0.31,0.24,Fatigue_Dryness
12.6,0.49,0.68,Fatigue_Dryness
11.83,0.24,0.14,Normal
1,0.38,0.54,Fatigue_Dryness
15.69,0.45,0,Fatigue_Dryness
16.68,0.37,0.41,Fatigue_Dryness
24.22,0.25,0.54,Fatigue_Dryness
7.31,0.33,0,Normal
6.34,0.1,0.28,Fatigue_Dryness
22.11,0.16,0.39,Normal
26.55,0.18,0.3,Normal
5.93,0.52,0.33,Fatigue_Dryness
27.15,0.15,0.28,Normal
18.8,0.15,0.03,Normal
27.23,0.13,0.72,Fatigue_Dryness
17.94,0.32,0.15,Normal
1,0.27,0.34,Fatigue_Dryness
17.28,0.38,0.12,Normal
26.98,0.33,0,Normal
11.35,0.08,0.07,Fatigue_Dryness
15.4,0.15,0,Normal
17.09,0.41,0.47,Fatigue_Dryness
1,0.23,0.13,Fatigue_Dryness
31.87,0.39,0.15,Fatigue_Dryness
11.29,0.23,0.04,Normal
22.55,0.13,0.27,Normal
17.81,0.21,0.11,Normal
28.56,0.13,0.45,Fatigue_Dryness
21.75,0.18,0.31,Normal
16.62,0.27,0.14,Normal
11.35,0.31,0.42,Fatigue_Dryness
24.88,0.06,0.25,Fatigue_Dryness
3.51,0.25,0.25,Fatigue_Dryness
23.67,0.18,0,Normal
9.71,0.17,0.24,Normal
28.52,0.27,0.31,Normal
19.79,0.18,0.52,Fatigue_Dryness
23.65,0.42,0.1,Fatigue_Dryness
19.16,0.39,0.71,Fatigue_Dryness
4.48,0.39,0.36,Fatigue_Dryness
11.61,0.19,0,Normal
23.88,0.14,0.08,Normal
19.83,0.26,0.53,Fatigue_Dryness
27.95,0.23,0.5,Fatigue_Dryness
21.73,0.18,0.25,Normal
10.77,0.11,0.28,Normal
12.13,0.25,0.02,Normal
19.32,0.2,0.51,Fatigue_Dryness
1,0.33,0.05,Fatigue_Dryness
31.89,0.33,0.42,Fatigue_Dryness
22.03,0.38,0.52,Fatigue_Dryness
28.32,0.1,0.26,Fatigue_Dryness
5.86,0.3,0.44,Fatigue_Dryness
28.46,0.16,0.62,Fatigue_Dryness
36.35,0.1,0.3,Fatigue_Dryness
7.93,0.2,0.22,Normal
24.67,0.38,0.24,Normal
18.51,0.21,0.1,Normal
6.14,0.44,0.1,Fatigue_Dryness
22.44,0.32,0.34,Normal
25.17,0.2,0.22,Normal
13.69,0.39,0.32,Normal
27.83,0.3,0,Normal
5.17,0.14,0.23,Fatigue_Dryness
6.54,0.47,0.46,Fatigue_Dryness
19.59,0.28,0.03,Normal
18.7,0.25,0.25,Normal
12.77,0.15,0,Normal
24.98,0.39,0,Normal
22.75,0.31,0.41,Fatigue_Dryness
25.37,0.33,0.19,Normal
17.51,0.19,0.61,Fatigue_Dryness
23.32,0.35,0.34,Normal
14.93,0.36,0.36,Normal
34.93,0.17,0.04,Fatigue_Dryness
12,0.08,0.17,Fatigue_Dryness
35.34,0.32,0.1,Fatigue_Dryness
18.78,0.06,0.04,Fatigue_Dryness
7.5,0.27,0.38,Normal
29.44,0.2,0.42,Fatigue_Dryness
19.51,0.4,0.33,Normal
25.31,0.2,0.08,Normal
28.29,0.38,0.32,Normal
21.2,0.19,0,Normal
13.76,0.37,0.52,Fatigue_Dryness
26.31,0.5,0,Fatigue_Dryness
18.51,0.12,0.03,Normal
23.99,0.29,0.27,Normal
1.27,0.58,0.29,Fatigue_Dryness
22.08,0.26,0.24,Normal
13.39,0.26,0.03,Normal
31.73,0.35,0.48,Fatigue_Dryness
23.48,0.26,0,Normal
20.42,0.05,0,Fatigue_Dryness
22.39,0.39,0.23,Normal
10.51,0.01,0,Fatigue_Dryness
31.49,0.2,0.5,Fatigue_Dryness
34.43,0.4,0.01,Fatigue_Dryness
21.64,0.21,0.56,Fatigue_Dryness
31.22,0.17,0.46,Fatigue_Dryness
13.95,0.36,0.5,Fatigue_Dryness
12.12,0.15,0.63,Fatigue_Dryness
18.83,0.1,0.27,Normal
21.98,0.28,0.05,Normal
15.35,0.23,0.23,Normal
22.8,0.1,0.14,Normal
20.95,0.33,0.11,Normal
10.51,0.31,0.28,Normal
22.65,0.21,0.19,Normal
25.41,0.22,0.1,Normal
19.87,0.31,0.2,Normal
27.72,0.39,0.36,Normal
8.76,0.22,0.44,Fatigue_Dryness
22.24,0.33,0,Normal
9.14,0.32,0.19,Normal
9.59,0.36,0.22,Normal
13.45,0.26,0.01,Normal
10.96,0.14,0.23,Normal
14.12,0.2,0.28,Normal
16.79,0.29,0.35,Normal
25.2,0.47,0.27,Fatigue_Dryness
15.93,0.19,0.07,Normal
5.81,0.35,0.65,Fatigue_Dryness
27.62,0.21,0.42,Fatigue_Dryness
11.8,0.26,0.36,Normal
18.03,0.43,0.45,Fatigue_Dryness
22.07,0.34,0.3,Normal
20.1,0.1,0.51,Fatigue_Dryness
27.25,0.18,0.26,Normal
22.33,0.4,0.25,Fatigue_Dryness
11.61,0.27,0.38,Normal
35.93,0.11,0.57,Fatigue_Dryness
20.05,0.15,0.55,Fatigue_Dryness
17.32,0.33,0.37,Normal
26.21,0.37,0.35,Normal
20.5,0.25,0.39,Normal
21.69,0.55,0.45,Fatigue_Dryness
38.44,0.35,0.51,Fatigue_Dryness
16.3,0.22,0.2,Normal
15.96,0.15,0.51,Fatigue_Dryness
19.43,0.13,0.32,Normal
27.07,0.29,0.38,Normal
6.45,0.19,0.53,Fatigue_Dryness
2.78,0.45,0.4,Fatigue_Dryness
13.8,0.43,0.43,Fatigue_Dryness
5.43,0.33,0.17,Fatigue_Dryness
15.1,0.11,0.55,Fatigue_Dryness
22.52,0.17,0.39,Normal
11.37,0.4,0.28,Fatigue_Dryness
7.09,0.18,0.47,Fatigue_Dryness
19.05,0.39,0.77,Fatigue_Dryness
25.4,0.31,0.02,Normal
4.94,0.26,0.09,Fatigue_Dryness
25.06,0.17,0.79,Fatigue_Dryness
25.04,0.24,0.34,Normal
26.13,0.27,0.29,Normal
28.25,0.37,0.23,Normal
36.12,0.14,0.49,Fatigue_Dryness
15.65,0.22,0.77,Fatigue_Dryness
19.38,0.26,0.12,Normal
15.17,0.33,0.23,Normal
18.52,0.14,0.18,Normal
30.76,0.09,0.4,Fatigue_Dryness
7.74,0.33,0.49,Fatigue_Dryness
11.61,0.07,0.57,Fatigue_Dryness
29.52,0.4,0.4,Fatigue_Dryness
26.66,0.23,0.75,Fatigue_Dryness
15.59,0.06,0.14,Fatigue_Dryness
25.34,0.19,0.08,Normal
21.23,0.3,0.54,Fatigue_Dryness
30.5,0.19,0.28,Fatigue_Dryness
19.1,0.25,0,Normal
26.71,0.34,0.19,Normal
39.64,0.23,0.3,Fatigue_Dryness
23.28,0.14,0.12,Normal
18.89,0.21,0.05,Normal
24.28,0.42,0.21,Fatigue_Dryness
15.58,0.45,0.04,Fatigue_Dryness
37.6,0.01,0.38,Fatigue_Dryness
19.94,0.38,0,Normal
16.32,0.28,0.27,Normal
11.81,0.36,0.35,Normal
27.28,0.18,0.23,Normal
25.44,0.04,0.47,Fatigue_Dryness
14.52,0.32,0,Normal
23.11,0.14,0.11,Normal
6.43,0.08,0.18,Fatigue_Dryness
19.98,0.09,0.39,Fatigue_Dryness
22.12,0.32,0.29,Normal
32.16,0.27,0.68,Fatigue_Dryness
12.33,0.34,0.09,Normal
8.27,0.33,0,Normal
11.34,0.2,0.61,Fatigue_Dryness
7.81,0.24,0,Normal
29.19,0.19,0.39,Normal
30.89,0.23,0.05,Fatigue_Dryness
21.06,0.13,0,Normal
28.27,0.3,0.18,Normal
19.57,0.38,0.43,Fatigue_Dryness
17.74,0.15,0.01,Normal
15.84,0.4,0.37,Fatigue_Dryness
16.02,0.26,0.4,Fatigue_Dryness
6.12,0.28,0,Fatigue_Dryness
20.61,0.05,0.2,Fatigue_Dryness
18.18,0.03,0.57,Fatigue_Dryness
24.46,0.27,0.38,Normal
19.25,0.35,0.2,Normal
17.2,0.17,0.33,Normal
11.53,0.45,0.11,Fatigue_Dryness
19.08,0.34,0.47,Fatigue_Dryness
24.41,0.14,0.47,Fatigue_Dryness
9.35,0.25,0.27,Normal
19.2,0.55,0.3,Fatigue_Dryness
20.36,0.1,0.05,Normal
12.76,0.31,0,Normal
13.8,0.21,0.18,Normal
20.34,0.34,0.23,Normal
9.43,0.4,0.46,Fatigue_Dryness
21.3,0.2,0.43,Fatigue_Dryness
11.34,0.38,0.29,Normal
27,0.52,0.49,Fatigue_Dryness
37.2,0.26,0.06,Fatigue_Dryness
11.61,0.34,0.47,Fatigue_Dryness
22.77,0.18,0.09,Normal
12.69,0.25,0.5,Fatigue_Dryness
26.83,0.23,0.25,Normal
8.38,0.35,0,Normal
22.34,0.4,0.4,Normal
11.52,0.24,0.41,Fatigue_Dryness
16.84,0.43,0.16,Fatigue_Dryness
10.25,0.43,0.18,Fatigue_Dryness
25.08,0.35,0.22,Normal
11.8,0.19,0,Normal
22.92,0.18,0,Normal
15.75,0.15,0.51,Fatigue_Dryness
17.58,0.36,0.09,Normal
19.68,0.11,0.62,Fatigue_Dryness
12.41,0.33,0.52,Fatigue_Dryness
20.18,0.12,0.56,Fatigue_Dryness
30.74,0.35,0.12,Fatigue_Dryness
12.28,0.25,0,Normal
27.87,0.41,0.03,Fatigue_Dryness
30.48,0.39,0.16,Fatigue_Dryness
11.97,0.42,0,Fatigue_Dryness
6.86,0.43,0.16,Fatigue_Dryness
20.92,0.27,0.21,Normal
14.12,0.11,0,Normal
33.45,0.12,0.04,Fatigue_Dryness
18.78,0.01,0.21,Fatigue_Dryness
12.08,0.12,0.32,Normal
9.32,0.26,0.07,Normal
27.22,0.18,0.31,Normal
13.93,0.23,0.28,Normal
18.85,0.31,0.26,Normal
26.15,0.21,0.12,Normal
14.63,0.12,0,Normal
18.13,0.24,0.59,Fatigue_Dryness
18.37,0.14,0.38,Normal
23.97,0.22,0.45,Fatigue_Dryness
23.23,0.41,0.23,Fatigue_Dryness
16.74,0.22,0.22,Normal
19.01,0.46,0.35,Fatigue_Dryness
15.53,0.42,0,Fatigue_Dryness
6.68,0.18,0.03,Fatigue_Dryness
20.56,0.12,0.09,Normal
33.64,0.24,0.16,Fatigue_Dryness
11.43,0.39,0.07,Normal
12.32,0.19,0.32,Normal
11.53,0.36,0.27,Normal
24.3,0.4,0.53,Fatigue_Dryness
22.09,0.16,0.75,Fatigue_Dryness
17.23,0.17,0,Normal
11.16,0.34,0.28,Normal
19.24,0.27,0.28,Normal
5.98,0.17,0.25,Fatigue_Dryness
19.65,0.21,0.03,Normal
25.47,0.24,0.07,Normal
8.49,0.06,0.3,Fatigue_Dryness
6.24,0.34,0.06,Fatigue_Dryness
31.14,0.19,0.28,Fatigue_Dryness
13.61,0.01,0.2,Fatigue_Dryness
27.59,0.25,0.28,Normal
17.27,0.16,0.06,Normal
17.2,0.45,0.28,Fatigue_Dryness
22.01,0.18,0.07,Normal
11.43,0.12,0.28,Normal
19.56,0.31,0.52,Fatigue_Dryness
15.45,0.17,0.3,Normal
7.94,0.16,0.31,Normal
21.2,0.31,0.41,Fatigue_Dryness
16.39,0.13,0,Normal
17.24,0.08,0.59,Fatigue_Dryness
8.82,0.46,0.04,Fatigue_Dryness
31.23,0.32,0.43,Fatigue_Dryness
25.51,0.22,0.4,Normal
26.21,0.25,0.07,Normal
16.06,0.31,0.45,Fatigue_Dryness
4.67,0.37,0.35,Fatigue_Dryness
34.12,0.16,0.63,Fatigue_Dryness
18.01,0.29,0.29,Normal
12.51,0.19,0.23,Normal
21.83,0.23,0.15,Normal
27.84,0.27,0,Normal
18.32,0.25,0.19,Normal
28.73,0.34,0.2,Normal
27.16,0.31,0.3,Normal
9.89,0.07,0,Fatigue_Dryness
13.11,0.09,0.2,Fatigue_Dryness
26.16,0.21,0.37,Normal
1,0.47,0.39,Fatigue_Dryness
17.3,0.15,0,Normal
7.05,0.23,0.39,Normal
14.69,0.19,0.2,Normal
16.11,0.18,0.21,Normal
15.63,0.27,0,Normal
14.08,0.42,0.55,Fatigue_Dryness
9.72,0.31,0.29,Normal
36.84,0.15,0,Fatigue_Dryness
33.44,0.58,0.33,Fatigue_Dryness
9.2,0.26,0.32,Normal
31.16,0.18,0.5,Fatigue_Dryness
15.3,0.42,0.19,Fatigue_Dryness
19.53,0.19,0.25,Normal
17.99,0.45,0.12,Fatigue_Dryness
13.22,0.15,0.37,Normal
26.37,0.42,0.09,Fatigue_Dryness
19.51,0.27,0.07,Normal
14.69,0.41,0.24,Fatigue_Dryness
8.06,0.48,0.01,Fatigue_Dryness
11.35,0.11,0.57,Fatigue_Dryness
5.37,0.4,0.64,Fatigue_Dryness
18.6,0.08,0.16,Fatigue_Dryness
8.93,0.12,0,Normal
16.38,0.15,0.32,Normal
29.46,0.31,0.15,Normal
28.09,0.25,0.49,Fatigue_Dryness
18.24,0.23,0.09,Normal
17.8,0.27,0.36,Normal
33.54,0.32,0.27,Fatigue_Dryness
22.67,0.33,0.12,Normal
15.88,0.38,0.3,Normal
7.09,0.47,0.43,Fatigue_Dryness
21.65,0.25,0.27,Normal
25.13,0.19,0.27,Normal
13.45,0.32,0.08,Normal
20.83,0.11,0.48,Fatigue_Dryness
15.59,0.17,0.46,Fatigue_Dryness
17.03,0.37,0.17,Normal
1,0.24,0.23,Fatigue_Dryness
16.73,0.11,0.53,Fatigue_Dryness
26.25,0.07,0.02,Fatigue_Dryness
13.45,0.26,0.37,Normal
18.92,0.39,0.14,Normal
12.45,0.39,0.61,Fatigue_Dryness
21.38,0.26,0.26,Normal
16.77,0.49,0.5,Fatigue_Dryness
10.99,0.24,0.1,Normal
29.16,0.23,0,Normal
25.93,0.01,0.2,Fatigue_Dryness
13.66,0.2,0.3,Normal
22.48,0.35,0.15,Normal
22.8,0.44,0.4,Fatigue_Dryness
23.64,0.15,0.21,Normal
4.95,0.31,0,Fatigue_Dryness
26.55,0.38,0.36,Normal
13.94,0.25,0.07,Normal
15.64,0.01,0.18,Fatigue_Dryness
39.6,0.28,0.56,Fatigue_Dryness
20.91,0.34,0.61,Fatigue_Dryness
15.41,0.14,0.14,Normal
1,0.22,0.37,Fatigue_Dryness
29.62,0.11,0.14,Normal
7.74,0.01,0.19,Fatigue_Dryness
10.47,0.37,0.13,Normal
15.85,0.25,0,Normal
29.83,0.44,0.27,Fatigue_Dryness
24.69,0.35,0.31,Normal
17.24,0.21,0.12,Normal
20.97,0.24,0.47,Fatigue_Dryness
13.7,0.32,0.16,Normal
19.62,0.37,0.12,Normal
19.09,0.29,0.36,Normal
26.25,0.38,0,Normal
26.24,0.21,0.43,Fatigue_Dryness
22.45,0.13,0.17,Normal
15.6,0.24,0.45,Fatigue_Dryness
24.43,0.28,0.51,Fatigue_Dryness
17.76,0.11,0.38,Normal
9.84,0.09,0.09,Fatigue_Dryness
15.27,0.3,0,Normal
19.18,0.2,0,Normal
25.78,0.23,0.47,Fatigue_Dryness
17.03,0.21,0.22,Normal
8.83,0.43,0.13,Fatigue_Dryness
18.95,0.4,0.22,Fatigue_Dryness
19.41,0.1,0.47,Fatigue_Dryness
19.99,0.19,0.41,Fatigue_Dryness
25.86,0.35,0.34,Normal
26.65,0.32,0.38,Normal
13.75,0.25,0.29,Normal
13.57,0.11,0.31,Normal
10.18,0.17,0.29,Normal
24.09,0.19,0.25,Normal
30.09,0.28,0.4,Fatigue_Dryness
15.98,0.45,0.32,Fatigue_Dryness
16.57,0.17,0.07,Normal
30.23,0.13,0.36,Fatigue_Dryness
22.54,0.24,0.3,Normal
21.99,0.37,0.37,Normal
8.97,0.08,0.23,Fatigue_Dryness
23.93,0.42,0.41,Fatigue_Dryness
11.07,0.23,0.24,Normal
9.43,0.16,0.4,Normal
15.73,0.06,0.16,Fatigue_Dryness
13.81,0.34,0.17,Normal
16.73,0.23,0.37,Normal
6.97,0.27,0.18,Fatigue_Dryness
26.17,0.14,0.69,Fatigue_Dryness
27.52,0.21,0.36,Normal
2.92,0.19,0.26,Fatigue_Dryness
26.33,0.24,0.41,Fatigue_Dryness
12.02,0.17,0.15,Normal
25.36,0.07,0.44,Fatigue_Dryness
17.95,0.58,0.43,Fatigue_Dryness
18.73,0.09,0.5,Fatigue_Dryness
17.02,0.27,0.16,Normal
28.2,0.04,0.01,Fatigue_Dryness
8.58,0.01,0.13,Fatigue_Dryness
23.36,0.26,0.19,Normal
27.31,0.27,0.58,Fatigue_Dryness
24.23,0.4,0.69,Fatigue_Dryness
37.1,0.3,0.32,Fatigue_Dryness
14.27,0.23,0.25,Normal
26.16,0.14,0.18,Normal
17.65,0.43,0.42,Fatigue_Dryness
28.37,0.36,0.69,Fatigue_Dryness
18.44,0.1,0.61,Fatigue_Dryness
15.4,0.26,0.48,Fatigue_Dryness
28.95,0.27,0.48,Fatigue_Dryness
14.57,0.21,0.42,Fatigue_Dryness
7.2,0.34,0.24,Normal
14.37,0.35,0.1,Normal
23.45,0.23,0.25,Normal
29.64,0.22,0.33,Normal
19.39,0.43,0,Fatigue_Dryness
29.05,0.36,0.22,Normal
7.63,0.26,0.09,Normal
14.95,0.05,0.45,Fatigue_Dryness
16.19,0.29,0.14,Normal
17.58,0.33,0.32,Normal
19.17,0.01,0.11,Fatigue_Dryness
24.03,0.28,0.57,Fatigue_Dryness
14.94,0.2,0,Normal
19.61,0.22,0.35,Normal
18.14,0.14,0,Normal
11.09,0.23,0.15,Normal
17.59,0.42,0.29,Fatigue_Dryness
17.35,0.2,0.3,Normal
17.18,0.37,0.3,Normal
18.75,0.15,0.28,Normal
19.11,0.34,0.12,Normal
15.04,0.25,0.22,Normal
28.68,0.29,0.26,Normal
9.14,0.25,0.29,Normal
12.73,0.33,0.24,Normal
40.74,0.01,0.4,Fatigue_Dryness
10.2,0.08,0.27,Fatigue_Dryness
7.67,0.3,0.29,Normal
24.38,0.01,0.17,Fatigue_Dryness
1.88,0.19,0.04,Fatigue_Dryness
16.62,0.24,0.28,Normal
35.67,0.15,0.49,Fatigue_Dryness
6.14,0.17,0.34,Fatigue_Dryness
2.64,0.28,0.09,Fatigue_Dryness
6.51,0.37,0.41,Fatigue_Dryness
25.69,0.14,0.18,Normal
27.5,0.18,0.39,Normal
14.4,0.16,0.18,Normal
23.97,0.01,0.32,Fatigue_Dryness
29.62,0.27,0.15,Normal
32.8,0.36,0.15,Fatigue_Dryness
16.53,0.37,0,Normal
1,0.15,0.35,Fatigue_Dryness
11.93,0.1,0.32,Normal
15.09,0.25,0.34,Normal
16.43,0.35,0.31,Normal
17,0.27,0.1,Normal
27.45,0.29,0.44,Fatigue_Dryness
28.7,0.39,0.45,Fatigue_Dryness
17.13,0.16,0.09,Normal
27.29,0.22,0.36,Normal
21.36,0.45,0.43,Fatigue_Dryness
19.02,0.23,0.16,Normal
25.75,0.1,0.19,Fatigue_Dryness
19.08,0.17,0.36,Normal
34.96,0.14,0,Fatigue_Dryness
6.99,0.29,0.03,Fatigue_Dryness
14.38,0.14,0.05,Normal
17.49,0.28,0,Normal
22.02,0.16,0.47,Fatigue_Dryness
28.64,0.01,0,Fatigue_Dryness
18.3,0.29,0.32,Normal
7.12,0.27,0.41,Fatigue_Dryness
25.24,0.31,0.19,Normal
24.54,0.17,0.12,Normal
2.97,0.16,0.3,Fatigue_Dryness
18.47,0.3,0.25,Normal
5.78,0.43,0.45,Fatigue_Dryness
13.18,0.25,0,Normal
11.28,0.3,0.07,Normal
24.97,0.21,0.36,Normal
19.43,0.07,0.26,Fatigue_Dryness
8.22,0.37,0.4,Normal
25.54,0.36,0.3,Normal
7.03,0.34,0.22,Normal
21.14,0.23,0.19,Normal
11.99,0.32,0.72,Fatigue_Dryness
15.57,0.36,0.56,Fatigue_Dryness
22.53,0.44,0.35,Fatigue_Dryness
22.67,0.37,0.27,Normal
29.2,0.26,0.36,Normal
17.84,0.09,0.42,Fatigue_Dryness
20.95,0.27,0.33,Normal
15,0.28,0.1,Normal
19.96,0.34,0.61,Fatigue_Dryness
22.02,0.41,0.3,Fatigue_Dryness
17.71,0.24,0.65,Fatigue_Dryness
4.07,0.5,0.29,Fatigue_Dryness
21.15,0.04,0.2,Fatigue_Dryness
21.42,0.3,0.53,Fatigue_Dryness
13.06,0.15,0.31,Normal
8.22,0.02,0.28,Fatigue_Dryness
30.31,0.23,0.01,Fatigue_Dryness
22.43,0.08,0.38,Fatigue_Dryness
16.67,0.23,0.15,Normal
9.4,0.25,0.16,Normal
11.93,0.38,0.15,Normal
28.92,0.07,0.34,Fatigue_Dryness
19.6,0.36,0,Normal
14.1,0.26,0.21,Normal
22.58,0.37,0.45,Fatigue_Dryness
11.98,0.2,0,Normal
30.51,0.09,0.29,Fatigue_Dryness
29.32,0.1,0.12,Normal
14.77,0.1,0.17,Fatigue_Dryness
13.47,0.31,0.58,Fatigue_Dryness
1,0.43,0,Fatigue_Dryness
6.65,0.18,0.4,Fatigue_Dryness
7.78,0.33,0.15,Normal
19.58,0.07,0.14,Fatigue_Dryness
15.89,0.27,0.03,Normal
7.74,0.33,0.4,Fatigue_Dryness
16.25,0.08,0.21,Fatigue_Dryness
22.54,0.23,0.19,Normal
22.72,0.34,0.27,Normal
3.3,0.01,0.22,Fatigue_Dryness
17.47,0.41,0,Fatigue_Dryness
7.43,0.29,0.15,Normal
25.71,0.34,0.43,Fatigue_Dryness
24.77,0.2,0,Normal
11.32,0.04,0.03,Fatigue_Dryness
12.37,0.31,0.17,Normal
14.81,0.24,0.11,Normal
1,0.25,0.24,Fatigue_Dryness
21.19,0.38,0.03,Normal
16.32,0.34,0.17,Normal
26.26,0.48,0.24,Fatigue_Dryness
9.71,0.27,0.38,Normal
13.55,0.17,0.5,Fatigue_Dryness
6.45,0.23,0.2,Fatigue_Dryness
10.47,0.3,0.63,Fatigue_Dryness
9.04,0.37,0.21,Normal
26.47,0.07,0.42,Fatigue_Dryness
12.91,0.25,0.64,Fatigue_Dryness
19.49,0.44,0.28,Fatigue_Dryness
15.45,0.22,0,Normal
8.34,0.36,0.27,Normal
17.15,0.31,0.13,Normal
23.29,0.37,0.2,Normal
8.84,0.15,0.65,Fatigue_Dryness
24.97,0.15,0.01,Normal
11.7,0.25,0.31,Normal
14.64,0.07,0.07,Fatigue_Dryness
22.75,0.22,0.19,Normal
13.19,0.28,0.4,Normal
18.8,0.46,0.31,Fatigue_Dryness
15.98,0.3,0.21,Normal
19.53,0.33,0.12,Normal
1,0.39,0.31,Fatigue_Dryness
3.86,0.13,0.59,Fatigue_Dryness
23.43,0.23,0.07,Normal
26.8,0.54,0.63,Fatigue_Dryness
11.22,0.24,0.49,Fatigue_Dryness
16.55,0.38,0.52,Fatigue_Dryness
20.86,0.37,0.31,Normal
24.05,0.07,0.48,Fatigue_Dryness
2.28,0.29,0.05,Fatigue_Dryness
11.41,0.27,0.12,Normal
15.84,0.29,0.4,Fatigue_Dryness
24.13,0.16,0.31,Normal
38.49,0.12,0.22,Fatigue_Dryness
16.68,0.19,0,Normal
7.24,0.24,0.16,Normal
21.72,0.39,0.02,Normal
29.07,0.47,0.35,Fatigue_Dryness
19.36,0.42,0.21,Fatigue_Dryness
11.25,0.35,0.12,Normal
26.16,0.13,0.78,Fatigue_Dryness
23.81,0.2,0.46,Fatigue_Dryness
10.29,0.28,0.46,Fatigue_Dryness
21.55,0.17,0.69,Fatigue_Dryness
26.48,0.32,0.41,Fatigue_Dryness
27.96,0.34,0.1,Normal
17.97,0.31,0.07,Normal
15.64,0.37,0.44,Fatigue_Dryness
28.32,0.14,0,Normal
8.82,0.36,0.23,Normal
22.01,0.17,0,Normal
7.54,0.14,0.27,Normal
27.02,0.31,0.42,Fatigue_Dryness
16.44,0.4,0.31,Normal
28.65,0.31,0.44,Fatigue_Dryness
22.43,0.25,0.64,Fatigue_Dryness
8.71,0.29,0.22,Normal
29.9,0.27,0.81,Fatigue_Dryness
30.91,0.12,0.29,Fatigue_Dryness
25.56,0.1,0.44,Fatigue_Dryness
12.41,0.24,0.13,Normal
16.05,0.26,0.57,Fatigue_Dryness
19.66,0.25,0.46,Fatigue_Dryness
12.87,0.33,0.54,Fatigue_Dryness
32.04,0.22,0.26,Fatigue_Dryness
19.65,0.32,0,Normal
1,0.23,0.34,Fatigue_Dryness
21.21,0.47,0,Fatigue_Dryness
15.71,0.26,0.18,Normal
17.9,0.53,0.29,Fatigue_Dryness
15.55,0.29,0.73,Fatigue_Dryness
24.96,0.22,0.31,Normal
27.46,0.14,0.28,Normal
20.76,0.08,0.24,Fatigue_Dryness
15.79,0.13,0,Normal
18.17,0.14,0.27,Normal
18.66,0.3,0.27,Normal
12.08,0.19,0.06,Normal
23.13,0.27,0.01,Normal
22.18,0.4,0.15,Fatigue_Dryness
30.82,0.24,0.26,Fatigue_Dryness
28.54,0.5,0.16,Fatigue_Dryness
13.01,0.11,0.04,Normal
25.06,0.23,0.31,Normal
10.89,0.19,0.36,Normal
24.07,0.36,0.27,Normal
14.37,0.01,0.14,Fatigue_Dryness
10.31,0.08,0.37,Fatigue_Dryness
20.74,0.24,0.21,Normal
1,0.44,0.01,Fatigue_Dryness
4.49,0.28,0.46,Fatigue_Dryness
17.08,0.09,0.32,Fatigue_Dryness
19.16,0.11,0.23,Normal
15.55,0.45,0,Fatigue_Dryness
5.86,0.18,0.1,Fatigue_Dryness
11.96,0.14,0.65,Fatigue_Dryness
21.63,0.43,0,Fatigue_Dryness
23.15,0.37,0.2,Normal
18.37,0.4,0.25,Fatigue_Dryness
27.75,0.14,0.31,Normal
21.68,0.07,0,Fatigue_Dryness
12.52,0.27,0.29,Normal
16.26,0.29,0,Normal
7.28,0.29,0.27,Normal
17.63,0.43,0.12,Fatigue_Dryness
27.4,0.04,0.08,Fatigue_Dryness
23.98,0.35,0.42,Fatigue_Dryness
29.72,0.12,0.2,Normal
16.08,0.35,0.35,Normal
29.27,0.19,0.35,Normal
16.95,0.15,0.5,Fatigue_Dryness
30.27,0.18,0.01,Fatigue_Dryness
18.33,0.08,0.43,Fatigue_Dryness
24.16,0.26,0.25,Normal
30.3,0.16,0.17,Fatigue_Dryness
16.95,0.34,0.02,Normal
20.25,0.33,0.37,Normal
28.81,0.45,0.07,Fatigue_Dryness
17.44,0.29,0.35,Normal
7.93,0.31,0.64,Fatigue_Dryness
35.64,0.42,0.45,Fatigue_Dryness
14.74,0.18,0.53,Fatigue_Dryness
19.77,0.07,0.11,Fatigue_Dryness
27.75,0.27,0.4,Fatigue_Dryness
13.63,0.08,0.02,Fatigue_Dryness
10.44,0.54,0.2,Fatigue_Dryness
20.53,0.43,0.6,Fatigue_Dryness
4.16,0.51,0.13,Fatigue_Dryness
16.2,0.26,0.47,Fatigue_Dryness
20.46,0.32,0.45,Fatigue_Dryness
16.34,0.2,0.47,Fatigue_Dryness
6.15,0.36,0,Fatigue_Dryness
31.25,0.1,0.36,Fatigue_Dryness
19.33,0.01,0.22,Fatigue_Dryness
29.95,0.16,0.47,Fatigue_Dryness
16.42,0.08,0,Fatigue_Dryness
11.46,0.43,0.32,Fatigue_Dryness
20.65,0.47,0.3,Fatigue_Dryness
16.77,0.08,0,Fatigue_Dryness
9.08,0.41,0.07,Fatigue_Dryness
30.26,0.36,0,Fatigue_Dryness
13.52,0.06,0.11,Fatigue_Dryness
3.78,0.2,0.36,Fatigue_Dryness
29.13,0.18,0.29,Normal
14.47,0.34,0.28,Normal
13.64,0.1,0.04,Normal
4.38,0.24,0.47,Fatigue_Dryness
32.43,0.17,0.25,Fatigue_Dryness
8.18,0.31,0.26,Normal
18.97,0.22,0.44,Fatigue_Dryness
25.8,0.19,0.05,Normal
21.87,0.22,0.3,Normal
18.02,0.49,0.34,Fatigue_Dryness
4.89,0.2,0.14,Fatigue_Dryness
12.02,0.13,0.38,Normal
20,0.32,0.35,Normal
12.2,0.23,0.23,Normal
20.13,0.08,0.22,Fatigue_Dryness
23.95,0.52,0.36,Fatigue_Dryness
26.2,0.21,0.41,Fatigue_Dryness
8.69,0.21,0.26,Normal
36.07,0.27,0.47,Fatigue_Dryness
24.64,0.46,0.38,Fatigue_Dryness
18.49,0.05,0,Fatigue_Dryness
27.22,0.28,0,Normal
37.42,0.5,0.49,Fatigue_Dryness
6.99,0.27,0.2,Fatigue_Dryness
16.7,0.1,0.28,Normal
1,0.18,0.48,Fatigue_Dryness
20.04,0.28,0.25,Normal
21.42,0.41,0.26,Fatigue_Dryness
18.19,0.21,0.08,Normal
13.26,0.35,0.32,Normal
2.1,0.08,0.37,Fatigue_Dryness
21.49,0.08,0.13,Fatigue_Dryness
30.14,0.19,0.07,Fatigue_Dryness
13.77,0.42,0.78,Fatigue_Dryness
22.02,0.26,0.23,Normal
5.95,0.29,0.11,Fatigue_Dryness
22.16,0.28,0.39,Normal
15.35,0.38,0.24,Normal
12.4,0.18,0.03,Normal
12.42,0.33,0.35,Normal
15.35,0.15,0.08,Normal
21.56,0.49,0.57,Fatigue_Dryness
8,0.15,0.35,Normal
15.32,0.14,0.2,Normal
18.17,0.32,0.27,Normal
9.71,0.26,0.43,Fatigue_Dryness
32.87,0.29,0.29,Fatigue_Dryness
11.67,0.28,0.67,Fatigue_Dryness
13.14,0.12,0.48,Fatigue_Dryness
10.67,0.44,0.35,Fatigue_Dryness
32.89,0.36,0.06,Fatigue_Dryness
22.92,0.41,0.22,Fatigue_Dryness
11.01,0.19,0.35,Normal
27.35,0.3,0.09,Normal
20.11,0.27,0.51,Fatigue_Dryness
20.56,0.39,0.06,Normal
15.74,0.39,0.12,Normal
12.5,0.27,0.14,Normal
21.2,0.07,0.4,Fatigue_Dryness
14.14,0.46,0.09,Fatigue_Dryness
33.03,0.32,0,Fatigue_Dryness
8.35,0.18,0.47,Fatigue_Dryness
30.79,0.3,0.16,Fatigue_Dryness
17.61,0.07,0.04,Fatigue_Dryness
20.89,0.38,0.1,Normal
25.17,0.07,0.59,Fatigue_Dryness
13.46,0.22,0.12,Normal
25.41,0.28,0.23,Normal
1,0.38,0.16,Fatigue_Dryness
12.74,0.26,0,Normal
11.11,0.33,0.1,Normal
8.47,0.25,0,Normal
16.78,0.25,0.44,Fatigue_Dryness
21.59,0.26,0.27,Normal
24.12,0.23,0.75,Fatigue_Dryness
20.43,0.05,0.11,Fatigue_Dryness
13.17,0.16,0.08,Normal
21.45,0.28,0.56,Fatigue_Dryness
19.49,0.22,0.46,Fatigue_Dryness
25.99,0.23,0.33,Normal
24.72,0.21,0.03,Normal
18.74,0.15,0.6,Fatigue_Dryness
11.32,0.19,0.24,Normal
13.28,0.21,0.16,Normal
14.1,0.25,0.48,Fatigue_Dryness
15.98,0.3,0.25,Normal
20.64,0.23,0.02,Normal
24.22,0.13,0.26,Normal
18.09,0.08,0.09,Fatigue_Dryness
18.63,0.56,0,Fatigue_Dryness
19.65,0.11,0.07,Normal
14.37,0.19,0.14,Normal
11.1,0.31,0.02,Normal
4.46,0.29,0.37,Fatigue_Dryness
12.94,0.31,0.1,Normal
22.29,0.2,0.35,Normal
12.88,0.28,0,Normal
16.6,0.26,0.43,Fatigue_Dryness
22.23,0.21,0,Normal
22.67,0.28,0,Normal
9.86,0.38,0.5,Fatigue_Dryness
26.48,0.25,0.08,Normal
27.52,0.25,0.6,Fatigue_Dryness
9.46,0.38,0.36,Normal
11.91,0.37,0.41,Fatigue_Dryness
28.03,0.44,0.46,Fatigue_Dryness
17.33,0.04,0.27,Fatigue_Dryness
1,0.36,0.28,Fatigue_Dryness
7.3,0.32,0.51,Fatigue_Dryness
16.51,0.14,0.27,Normal
9.2,0.28,0.1,Normal
15.19,0.38,0.37,Normal
18.76,0.15,0,Normal
30.2,0.3,0.51,Fatigue_Dryness
16.18,0.36,0.52,Fatigue_Dryness
27.08,0.12,0.49,Fatigue_Dryness
29.93,0.23,0.48,Fatigue_Dryness
29.97,0.29,0.23,Normal
20.78,0.15,0.23,Normal
2.79,0.15,0,Fatigue_Dryness
22.19,0.23,0.6,Fatigue_Dryness
26.89,0.35,0.15,Normal
17.85,0.33,0.32,Normal
32.46,0.15,0.3,Fatigue_Dryness
25.38,0.33,0,Normal
23.05,0.15,0,Normal
27.19,0.06,0.25,Fatigue_Dryness
21.17,0.21,0.16,Normal
1,0.39,0.23,Fatigue_Dryness
14.51,0.33,0.46,Fatigue_Dryness
28.08,0.25,0.3,Normal
12.04,0.2,0.4,Fatigue_Dryness
16.71,0.2,0.34,Normal
10.14,0.26,0.19,Normal
32.77,0.12,0.05,Fatigue_Dryness
31.95,0.21,0.3,Fatigue_Dryness
11.43,0.22,0.27,Normal
19.68,0.09,0.43,Fatigue_Dryness
13.06,0.15,0.22,Normal
23.42,0.3,0.19,Normal
22.58,0.25,0.2,Normal
24.99,0.21,0.07,Normal
21.16,0.14,0.54,Fatigue_Dryness
41.98,0.44,0.48,Fatigue_Dryness
10.28,0.15,0.01,Normal
4.82,0.28,0.41,Fatigue_Dryness
15.36,0.19,0,Normal
5.96,0.25,0.45,Fatigue_Dryness
6.56,0.31,0.11,Fatigue_Dryness
10.49,0.09,0.32,Fatigue_Dryness
11.12,0.25,0,Normal
10.86,0.39,0.01,Normal
22.65,0.46,0.34,Fatigue_Dryness
14.45,0.23,0.11,Normal
17.06,0.26,0.08,Normal
25.65,0.52,0.53,Fatigue_Dryness
12.37,0.39,0.69,Fatigue_Dryness
16.38,0.18,0.44,Fatigue_Dryness
21.43,0.18,0.03,Normal
2.97,0.37,0.6,Fatigue_Dryness
1,0.13,0,Fatigue_Dryness
21.27,0.38,0.19,Normal
22.44,0.29,0.26,Normal
35.01,0.31,0.64,Fatigue_Dryness
19.76,0.22,0.43,Fatigue_Dryness
25.06,0.17,0.16,Normal
16.94,0.43,0.06,Fatigue_Dryness
20.88,0.22,0.45,Fatigue_Dryness
31.84,0.2,0.14,Fatigue_Dryness
1.51,0.24,0.29,Fatigue_Dryness
21.81,0.27,0,Normal
35.58,0.13,0.36,Fatigue_Dryness
20.76,0.18,0.35,Normal
31.7,0.18,0,Fatigue_Dryness
13.47,0.35,0.46,Fatigue_Dryness
18.24,0.14,0.36,Normal
18.77,0.04,0.4,Fatigue_Dryness
1,0.01,0.17,Fatigue_Dryness
9.15,0.07,0.29,Fatigue_Dryness
9.72,0.41,0.26,Fatigue_Dryness
25.08,0.25,0.22,Normal
25.48,0.31,0.28,Normal
21.09,0.31,0.5,Fatigue_Dryness
25.09,0.26,0.47,Fatigue_Dryness
17.19,0.24,0.01,Normal
28.12,0.38,0.45,Fatigue_Dryness
18.57,0.27,0.49,Fatigue_Dryness
18.96,0.42,0.22,Fatigue_Dryness
16.38,0.32,0.35,Normal
23.98,0.18,0.35,Normal
15.13,0.19,0.08,Normal
26.31,0.16,0.17,Normal
9.44,0.4,0.4,Normal
9.71,0.2,0.15,Normal
24,0.15,0.45,Fatigue_Dryness
17.79,0.29,0.51,Fatigue_Dryness
14.87,0.24,0.48,Fatigue_Dryness
25.62,0.29,0.65,Fatigue_Dryness
13.64,0.48,0.23,Fatigue_Dryness
16.9,0.36,0.29,Normal
29.69,0.25,0.31,Normal
30.81,0.08,0.24,Fatigue_Dryness
31.08,0.19,0.36,Fatigue_Dryness
16.24,0.34,0,Normal
28.35,0.11,0.29,Normal
10.91,0.51,0,Fatigue_Dryness
11.24,0.25,0.06,Normal
1,0.26,0.4,Fatigue_Dryness
31.88,0.17,0.21,Fatigue_Dryness
11.59,0.31,0.39,Normal
17.49,0.11,0.21,Normal
11.22,0.51,0.47,Fatigue_Dryness
24.06,0.41,0.2,Fatigue_Dryness
15.49,0.37,0,Normal
8.06,0.08,0.3,Fatigue_Dryness
22.03,0.28,0,Normal
7.03,0.4,0,Normal
11.8,0.32,0.07,Normal
1.64,0.13,0.05,Fatigue_Dryness
7.11,0.17,0.14,Normal
19.93,0.2,0.04,Normal
2.78,0.18,0,Fatigue_Dryness
6.65,0.43,0.56,Fatigue_Dryness
18.48,0.02,0.11,Fatigue_Dryness
14.15,0.33,0,Normal
34.44,0.1,0.18,Fatigue_Dryness
33.17,0.14,0.03,Fatigue_Dryness
11.56,0.01,0.07,Fatigue_Dryness
22.96,0.18,0.39,Normal
24.49,0.43,0.16,Fatigue_Dryness
13.72,0.28,0.02,Normal
6.54,0.11,0.34,Fatigue_Dryness
18.4,0.37,0.48,Fatigue_Dryness
17.12,0.4,0.36,Normal
15.01,0.26,0,Normal
22.04,0.49,0.03,Fatigue_Dryness
12.49,0.35,0.26,Normal
9.28,0.33,0.2,Normal
19.37,0.15,0.19,Normal
21.59,0.33,0.05,Normal
9.09,0.28,0,Normal
25.92,0.31,0.65,Fatigue_Dryness
4.34,0.17,0.26,Fatigue_Dryness
13.88,0.27,0.38,Normal
16.44,0.15,0.25,Normal
13.41,0.01,0.26,Fatigue_Dryness
13.98,0.37,0.24,Normal
33.47,0.07,0.03,Fatigue_Dryness
11.69,0.26,0,Normal
38.03,0.29,0.33,Fatigue_Dryness
22,0.29,0.29,Normal
19.24,0.22,0.44,Fatigue_Dryness
22.31,0.28,0.4,Normal
38.74,0.31,0.09,Fatigue_Dryness
10.55,0.34,0.48,Fatigue_Dryness
9.54,0.46,0.4,Fatigue_Dryness
12.46,0.28,0.39,Normal
18.76,0.26,0.7,Fatigue_Dryness
4.69,0.14,0.66,Fatigue_Dryness
18.68,0.3,0.39,Normal
32.05,0.33,0.36,Fatigue_Dryness
19.71,0.23,0.47,Fatigue_Dryness
16.16,0.32,0.13,Normal
13.55,0.22,0.14,Normal
25.69,0.33,0.39,Normal
11.89,0.36,0.08,Normal
33.27,0.36,0.37,Fatigue_Dryness
33.97,0.26,0.28,Fatigue_Dryness
20.55,0.13,0.08,Normal
18.41,0.18,0.26,Normal
26.75,0.32,0.51,Fatigue_Dryness
27.26,0.54,0.27,Fatigue_Dryness
12.05,0.21,0.27,Normal
14.29,0.31,0.32,Normal
7.92,0.18,0.34,Normal
21.77,0.13,0.18,Normal
23.83,0.17,0.32,Normal
7.7,0.01,0.04,Fatigue_Dryness
14.86,0.41,0.09,Fatigue_Dryness
7.72,0.01,0.12,Fatigue_Dryness
11.31,0.22,0.34,Normal
22.91,0.11,0.28,Normal
12.63,0.14,0.22,Normal
16.09,0.42,0.39,Fatigue_Dryness
5.48,0.27,0.33,Fatigue_Dryness
20,0.13,0.19,Normal
18.15,0.18,0.04,Normal
12.67,0.16,0.09,Normal
16.99,0.25,0,Normal
19.94,0.27,0.28,Normal
11.98,0.48,0.08,Fatigue_Dryness
6.69,0.02,0.15,Fatigue_Dryness
32.94,0.25,0.22,Fatigue_Dryness
13.43,0.21,0.46,Fatigue_Dryness
17.73,0.36,0.44,Fatigue_Dryness
26.59,0.29,0.24,Normal
46.73,0.32,0.5,Fatigue_Dryness
8.54,0.29,0,Normal
22.1,0.14,0.63,Fatigue_Dryness
12.84,0.4,0.39,Normal
14.19,0.35,0.27,Normal
12.74,0.36,0.07,Normal
9.49,0.4,0.16,Fatigue_Dryness
18.17,0.3,0.37,Normal
6.7,0.43,0.38,Fatigue_Dryness
26.07,0.3,0.38,Normal
18.94,0.22,0.1,Normal
21.88,0.25,0.06,Normal
14.77,0.25,0.29,Normal
15.56,0.19,0.4,Fatigue_Dryness
20.8,0.45,0.25,Fatigue_Dryness
9.19,0.29,0.55,Fatigue_Dryness
15.64,0.26,0.26,Normal
11.62,0.3,0.25,Normal
11.38,0.61,0.38,Fatigue_Dryness
1.62,0.11,0.49,Fatigue_Dryness
29.21,0.15,0,Normal
13.01,0.08,0.03,Fatigue_Dryness
27.81,0.22,0.19,Normal
27.05,0.28,0.88,Fatigue_Dryness
8.21,0.19,0.2,Normal
9.79,0.19,0.23,Normal
38.98,0.27,0.37,Fatigue_Dryness
32.51,0.19,0.45,Fatigue_Dryness
18.25,0.29,0.28,Normal
20.56,0.38,0.48,Fatigue_Dryness
13.45,0.33,0.01,Normal
21.96,0.36,0.1,Normal
12.76,0.38,0.48,Fatigue_Dryness
2.24,0.28,0.25,Fatigue_Dryness
7.93,0.23,0,Normal
18.67,0.16,0,Normal
9.45,0.2,0.09,Normal
17.96,0.19,0.25,Normal
9.9,0.34,0.34,Normal
12.24,0.29,0.18,Normal
25.33,0.33,0.33,Normal
20.48,0.11,0.16,Normal
18.42,0.42,0.5,Fatigue_Dryness
25.53,0.2,0.76,Fatigue_Dryness
22.34,0.12,0.17,Normal
30.07,0.2,0.35,Fatigue_Dryness
14.82,0.55,0.33,Fatigue_Dryness
15.06,0.2,0.28,Normal
8.09,0.21,0.38,Normal
15.07,0.23,0.35,Normal
26.22,0.23,0.16,Normal
28.9,0.16,0.51,Fatigue_Dryness
26.18,0.27,0.29,Normal
4.15,0.38,0.17,Fatigue_Dryness
27.17,0.29,0.74,Fatigue_Dryness
3.79,0.12,0.23,Fatigue_Dryness
25.68,0.21,0.3,Normal
15.56,0.18,0.29,Normal
24.12,0.26,0.22,Normal
7.84,0.41,0.34,Fatigue_Dryness
27.87,0.23,0.08,Normal
6.78,0.24,0.37,Fatigue_Dryness
13.15,0.46,0,Fatigue_Dryness
10.52,0.36,0,Normal
4.47,0.32,0.62,Fatigue_Dryness
19.26,0.49,0,Fatigue_Dryness
32.95,0.31,0,Fatigue_Dryness
39.84,0.01,0,Fatigue_Dryness
19.28,0.35,0.6,Fatigue_Dryness
27.43,0.06,0,Fatigue_Dryness
20.36,0.3,0.06,Normal
22.49,0.04,0,Fatigue_Dryness
15.76,0.19,0.2,Normal
20.06,0.21,0.16,Normal
22.8,0.16,0.15,Normal
13.87,0.21,0.62,Fatigue_Dryness
17.88,0.37,0.01,Normal
18.03,0.16,0.23,Normal
25.11,0.32,0.32,Normal
9.97,0.13,0.05,Normal
18.09,0.23,0.35,Normal
33.8,0.29,0.17,Fatigue_Dryness
27.81,0.13,0.33,Normal
29.29,0.09,0.23,Fatigue_Dryness
18.7,0.31,0,Normal
21.07,0.39,0.51,Fatigue_Dryness
26.52,0.24,0.66,Fatigue_Dryness
30.98,0.2,0.22,Fatigue_Dryness
2.89,0.27,0.07,Fatigue_Dryness
7.98,0.26,0.55,Fatigue_Dryness
28.98,0.28,0.63,Fatigue_Dryness
16.28,0.01,0.22,Fatigue_Dryness
13.13,0.12,0.21,Normal
8.47,0.15,0.23,Normal
14.06,0.27,0,Normal
7.28,0.27,0.19,Normal
35.23,0.33,0.59,Fatigue_Dryness
18.32,0.28,0.22,Normal
18.04,0.09,0.04,Fatigue_Dryness
23.2,0.42,0.35,Fatigue_Dryness
26.2,0.4,0.12,Fatigue_Dryness
26.07,0.1,0.24,Fatigue_Dryness
27.09,0.29,0,Normal
13.45,0.18,0.04,Normal
16.12,0.27,0.4,Normal
24.65,0.38,0.27,Normal
14.28,0.51,0.1,Fatigue_Dryness
18.46,0.34,0.27,Normal
21.69,0.29,0.13,Normal
24.78,0.21,0.09,Normal
4.28,0.27,0.48,Fatigue_Dryness
24.22,0.41,0.41,Fatigue_Dryness
16.63,0.25,0.25,Normal
24.16,0.14,0.28,Normal
24.72,0.06,0.25,Fatigue_Dryness
31.36,0.31,0.35,Fatigue_Dryness
29.33,0.28,0.09,Normal
29.27,0.17,0.42,Fatigue_Dryness
30.05,0.37,0.32,Fatigue_Dryness
20.83,0.2,0.2,Normal
18.76,0.23,0.15,Normal
25.48,0.25,0.42,Fatigue_Dryness
24.36,0.21,0.22,Normal
16.03,0.28,0.11,Normal
21.74,0.39,0.17,Normal
18.22,0.11,0.4,Fatigue_Dryness
11.67,0.31,0,Normal
28.82,0.27,0.18,Normal
18.94,0.27,0.46,Fatigue_Dryness
34.89,0.36,0.22,Fatigue_Dryness
5.5,0.26,0.31,Fatigue_Dryness
14.05,0.31,0.47,Fatigue_Dryness
18.76,0.34,0.43,Fatigue_Dryness
27.6,0.19,0.16,Normal
21.7,0.29,0.22,Normal
20.98,0.22,0.43,Fatigue_Dryness
9.48,0.23,0.44,Fatigue_Dryness
9.24,0.21,0.23,Normal
21.08,0.31,0.24,Normal
7.59,0.26,0.3,Normal
14.24,0.3,0.52,Fatigue_Dryness
22.51,0.25,0.46,Fatigue_Dryness
10.64,0.06,0.39,Fatigue_Dryness
31.34,0.25,0.03,Fatigue_Dryness
28.29,0.26,0.2,Normal
5.93,0.28,0.21,Fatigue_Dryness
11.04,0.18,0.53,Fatigue_Dryness
1,0.11,0.2,Fatigue_Dryness
12.24,0.33,0.5,Fatigue_Dryness
24.63,0.22,0.14,Normal
15.19,0.27,0.15,Normal
22.19,0.22,0.35,Normal
6.32,0.25,0.56,Fatigue_Dryness
24.88,0.2,0.21,Normal
14.06,0.13,0,Normal
18.6,0.31,0,Normal
17.76,0.18,0.31,Normal
8.33,0.27,0,Normal
9.28,0.3,0.08,Normal
26.24,0.18,0.25,Normal
21.69,0.11,0,Normal
26.9,0.54,0.17,Fatigue_Dryness
21.1,0.19,0.02,Normal
19.64,0.33,0,Normal
4.69,0.48,0.09,Fatigue_Dryness
16.34,0.35,0.04,Normal
18.28,0.21,0.34,Normal
34.12,0.24,0.49,Fatigue_Dryness
24,0.15,0.18,Normal
30.79,0.36,0.13,Fatigue_Dryness
23.28,0.32,0.17,Normal
12.81,0.19,0.03,Normal
19.44,0.13,0,Normal
20.39,0.09,0,Fatigue_Dryness
10.99,0.37,0,Normal
15.42,0.26,0.58,Fatigue_Dryness
16.85,0.28,0.11,Normal
31.34,0.15,0,Fatigue_Dryness
1.85,0.07,0.13,Fatigue_Dryness
28.15,0.37,0,Normal
11.01,0.26,0.26,Normal
7.52,0.36,0.24,Normal
27.94,0.2,0.26,Normal
24.36,0.22,0.24,Normal
28.54,0.34,0.18,Normal
24.91,0.34,0,Normal
34.98,0.35,0.24,Fatigue_Dryness
22.97,0.22,0.45,Fatigue_Dryness
17.25,0.32,0.61,Fatigue_Dryness
21.24,0.38,0.2,Normal
28.45,0.24,0.22,Normal
12.26,0.19,0.35,Normal
13.28,0.41,0.55,Fatigue_Dryness
16.03,0.17,0.15,Normal
1.66,0.33,0.39,Fatigue_Dryness
19.6,0.24,0.09,Normal
3.41,0.03,0.32,Fatigue_Dryness
18.92,0.39,0.44,Fatigue_Dryness
25.42,0.01,0,Fatigue_Dryness
14.68,0.01,0.15,Fatigue_Dryness
31.92,0.31,0.44,Fatigue_Dryness
6.82,0.31,0.37,Fatigue_Dryness
28.03,0.17,0.46,Fatigue_Dryness
23.9,0.27,0.42,Fatigue_Dryness
4.77,0.01,0.18,Fatigue_Dryness
40.19,0.34,0.69,Fatigue_Dryness
17.99,0.28,0.28,Normal
11.48,0.25,0,Normal
7.24,0.25,0.19,Normal
16.74,0.31,0.16,Normal
17.48,0.25,0.41,Fatigue_Dryness
19.32,0.03,0.16,Fatigue_Dryness
16.12,0.51,0.47,Fatigue_Dryness
23.57,0.39,0.36,Normal
15.4,0.1,0.05,Fatigue_Dryness
3.02,0.21,0.22,Fatigue_Dryness
17.31,0.22,0.1,Normal
1,0.38,0.29,Fatigue_Dryness
21.33,0.01,0.09,Fatigue_Dryness
10.67,0.19,0.27,Normal
19.81,0.04,0.2,Fatigue_Dryness
29.01,0.22,0.22,Normal
10.91,0.19,0.66,Fatigue_Dryness
26.99,0.26,0.18,Normal
15.03,0.18,0,Normal
32.53,0.16,0.45,Fatigue_Dryness
15.58,0.32,0.45,Fatigue_Dryness
11.78,0.31,0,Normal
24,0.32,0.11,Normal
15.01,0.23,0.34,Normal
11.77,0.18,0.36,Normal
14.68,0.24,0.25,Normal
18.14,0.31,0.25,Normal
29.24,0.01,0.06,Fatigue_Dryness
3.03,0.3,0,Fatigue_Dryness
18.68,0.29,0.66,Fatigue_Dryness
23.5,0.26,0.06,Normal
20.05,0.23,0.29,Normal
28.98,0.01,0.22,Fatigue_Dryness
17.91,0.2,0.43,Fatigue_Dryness
17.02,0.47,0.27,Fatigue_Dryness
23.24,0.25,0.28,Normal
19.29,0.21,0,Normal
15.38,0.25,0.08,Normal
22.63,0.29,0.4,Normal
13.28,0.33,0.38,Normal
13.61,0.22,0.06,Normal
14.28,0.3,0,Normal
29.32,0.45,0.28,Fatigue_Dryness
1,0.37,0,Fatigue_Dryness
21.66,0.53,0.02,Fatigue_Dryness
18.77,0.17,0.6,Fatigue_Dryness
5.05,0.45,0.54,Fatigue_Dryness
20.98,0.16,0.35,Normal
22.31,0.29,0.31,Normal
23.22,0.34,0,Normal
1,0.19,0.1,Fatigue_Dryness
29.43,0.26,0.19,Normal
12.6,0.36,0.11,Normal
23.99,0.17,0.18,Normal
24.43,0.45,0.51,Fatigue_Dryness
11.49,0.08,0.14,Fatigue_Dryness
23.78,0.48,0.18,Fatigue_Dryness
15.42,0.37,0.4,Normal
1.93,0.24,0,Fatigue_Dryness
27.84,0.2,0.08,Normal
12.3,0.19,0.1,Normal
11.66,0.23,0.26,Normal
15.28,0.24,0.18,Normal
20.68,0.4,0.19,Fatigue_Dryness
18.04,0.49,0.12,Fatigue_Dryness
22.88,0.27,0.04,Normal
7.78,0.15,0.37,Normal
12.56,0.19,0.18,Normal
17.57,0.23,0.37,Normal
33.68,0.13,0.03,Fatigue_Dryness
17.59,0.11,0.12,Normal
27.18,0.5,0.21,Fatigue_Dryness
18.81,0.29,0.22,Normal
14.63,0.15,0.4,Fatigue_Dryness
16.53,0.35,0.16,Normal
17.15,0.11,0.4,Normal
23.33,0.12,0.33,Normal
29.5,0.15,0.23,Normal
21.38,0.45,0.06,Fatigue_Dryness
28,0.22,0.4,Fatigue_Dryness
10.78,0.01,0.07,Fatigue_Dryness
15.18,0.4,0.25,Normal
12.71,0.21,0.24,Normal
21.02,0.03,0.21,Fatigue_Dryness
15.63,0.21,0.17,Normal
24.34,0.31,0.09,Normal
11.05,0.3,0,Normal
18.84,0.47,0.53,Fatigue_Dryness
23.99,0.15,0.15,Normal
1.98,0.26,0.22,Fatigue_Dryness
35.47,0.17,0.22,Fatigue_Dryness
16.23,0.07,0.47,Fatigue_Dryness
2.3,0.36,0.64,Fatigue_Dryness
19.76,0.31,0.28,Normal
18.77,0.28,0.22,Normal
17.84,0.3,0.03,Normal
26.43,0.17,0,Normal
24.48,0.13,0,Normal
20.88,0.26,0.09,Normal
22.1,0.39,0,Normal
17.67,0.44,0.47,Fatigue_Dryness
32.7,0.35,0.34,Fatigue_Dryness
6.67,0.25,0.2,Fatigue_Dryness
19.62,0.28,0.47,Fatigue_Dryness
19.02,0.25,0.04,Normal
25.01,0.13,0.09,Normal
11.75,0.25,0,Normal
4.55,0.09,0.41,Fatigue_Dryness
19.75,0.24,0.09,Normal
20.75,0.45,0.25,Fatigue_Dryness
30.42,0.35,0.45,Fatigue_Dryness
8.34,0.14,0.52,Fatigue_Dryness
27.74,0.24,0.24,Normal
37.44,0.15,0.33,Fatigue_Dryness
15.48,0.24,0.07,Normal
8.17,0.38,0.59,Fatigue_Dryness
15.24,0.33,0.22,Normal
18.61,0.55,0.27,Fatigue_Dryness
23.01,0.39,0.17,Normal
13.77,0.27,0.49,Fatigue_Dryness
30.94,0.33,0.29,Fatigue_Dryness
9.58,0.23,0.4,Fatigue_Dryness
4.59,0.12,0.32,Fatigue_Dryness
27.35,0.41,0.21,Fatigue_Dryness
1,0.37,0.44,Fatigue_Dryness
16.87,0.22,0.32,Normal
43.44,0.28,0.06,Fatigue_Dryness
18.4,0.4,0.05,Normal
9.53,0.35,0.28,Normal
18.04,0.07,0.43,Fatigue_Dryness
18.09,0.28,0.58,Fatigue_Dryness
19.79,0.23,0,Normal
23.8,0.38,0.26,Normal
10.19,0.37,0.35,Normal
32,0.41,0.31,Fatigue_Dryness
20.46,0.12,0.45,Fatigue_Dryness
24.31,0.16,0.38,Normal
13.47,0.38,0.05,Normal
28.79,0.18,0.05,Normal
16.44,0.07,0.31,Fatigue_Dryness
20.72,0.31,0.45,Fatigue_Dryness
11.04,0.18,0.28,Normal
10.52,0.47,0,Fatigue_Dryness
24.01,0.29,0.04,Normal
14.95,0.27,0.39,Normal
11.67,0.21,0.18,Normal
13.35,0.44,0.27,Fatigue_Dryness
24.09,0.29,0.46,Fatigue_Dryness
13.47,0.2,0.01,Normal
17.56,0.16,0.17,Normal
18.62,0.24,0.15,Normal
3.16,0.13,0.32,Fatigue_Dryness
6.73,0.37,0.41,Fatigue_Dryness
21.19,0.03,0,Fatigue_Dryness
12.6,0.23,0.25,Normal
26.95,0.32,0.42,Fatigue_Dryness
26.23,0.29,0,Normal
24.25,0.16,0.24,Normal
33.06,0.33,0.01,Fatigue_Dryness
17.84,0.14,0.12,Normal
23.69,0.25,0,Normal
13.82,0.33,0.53,Fatigue_Dryness
38.12,0.31,0.18,Fatigue_Dryness
34.37,0.17,0.09,Fatigue_Dryness
18.6,0.39,0.32,Normal
21.59,0.26,0.04,Normal
29.37,0.34,0.02,Normal
17.32,0.43,0.55,Fatigue_Dryness
13.25,0.38,0.61,Fatigue_Dryness
25.49,0.38,0.13,Normal
19.13,0.27,0.46,Fatigue_Dryness
19.96,0.35,0.32,Normal
11.83,0.28,0,Normal
4.76,0.11,0.06,Fatigue_Dryness
20.39,0.29,0.56,Fatigue_Dryness
25.74,0.28,0,Normal
16.69,0.32,0.71,Fatigue_Dryness
29.99,0.24,0.14,Normal
12.87,0.16,0.57,Fatigue_Dryness
10.06,0.33,0.19,Normal
17.96,0.09,0.41,Fatigue_Dryness
17.84,0.43,0.53,Fatigue_Dryness
24.66,0.22,0.53,Fatigue_Dryness
12.3,0.28,0.13,Normal
29.44,0.32,0.08,Normal
34.24,0.32,0.23,Fatigue_Dryness
18.19,0.08,0,Fatigue_Dryness
28.5,0.35,0.3,Normal
10.05,0.29,0.09,Normal
27.1,0.17,0.47,Fatigue_Dryness
26.88,0.16,0.14,Normal
25.41,0.21,0,Normal
18.38,0.09,0.53,Fatigue_Dryness
1,0.46,0.29,Fatigue_Dryness
13.37,0.43,0.26,Fatigue_Dryness
13.49,0.3,0.47,Fatigue_Dryness
10.67,0.22,0.42,Fatigue_Dryness
19.48,0.23,0.1,Normal
15.15,0.34,0.16,Normal
11.9,0.46,0.03,Fatigue_Dryness
10.03,0.18,0,Normal
12.78,0.12,0.37,Normal
27.47,0.44,0.33,Fatigue_Dryness
13.21,0.04,0.4,Fatigue_Dryness
14.38,0.13,0.51,Fatigue_Dryness
14.85,0.22,0.41,Fatigue_Dryness
21.21,0.06,0.42,Fatigue_Dryness
22.15,0.38,0,Normal
1,0.35,0.19,Fatigue_Dryness
26.67,0.18,0.44,Fatigue_Dryness
29.99,0.4,0.02,Fatigue_Dryness
10.1,0.42,0.27,Fatigue_Dryness
10.72,0.24,0.35,Normal
14.9,0.2,0.34,Normal
12.45,0.52,0.32,Fatigue_Dryness
20.29,0.34,0.37,Normal
2.93,0.28,0.29,Fatigue_Dryness
9.56,0.41,0,Fatigue_Dryness
30.81,0.29,0.35,Fatigue_Dryness
11.07,0.19,0.31,Normal
28.45,0.26,0,Normal
21.34,0.38,0.53,Fatigue_Dryness
4.03,0.01,0.36,Fatigue_Dryness
23.58,0.22,0,Normal
17.56,0.42,0.09,Fatigue_Dryness
14.86,0.19,0.14,Normal
20.46,0.44,0.14,Fatigue_Dryness
22.3,0.42,0.31,Fatigue_Dryness
24.16,0.24,0.06,Normal
27.93,0.18,0.48,Fatigue_Dryness
21.77,0.22,0.46,Fatigue_Dryness
7.49,0.57,0.37,Fatigue_Dryness
14.71,0.48,0.26,Fatigue_Dryness
42.04,0.27,0.44,Fatigue_Dryness
24.3,0.18,0.2,Normal
37.45,0.26,0.11,Fatigue_Dryness
29.66,0.28,0.49,Fatigue_Dryness
20.43,0.1,0.31,Normal
20.91,0.26,0.11,Normal
18.21,0.41,0.17,Fatigue_Dryness
4.6,0.03,0.1,Fatigue_Dryness
18.64,0.35,0.65,Fatigue_Dryness
28.19,0.42,0.25,Fatigue_Dryness
13.7,0.18,0.28,Normal
21.8,0.45,0.39,Fatigue_Dryness
25.31,0.17,0.01,Normal
11.22,0.3,0.47,Fatigue_Dryness
14.89,0.21,0.13,Normal
10.36,0.21,0.62,Fatigue_Dryness
11.92,0.18,0.19,Normal
8.2,0.33,0.46,Fatigue_Dryness
11.3,0.35,0,Normal
29.86,0.24,0.02,Normal
11.18,0.09,0.19,Fatigue_Dryness
19.51,0.3,0,Normal
14.48,0.3,0.37,Normal
27.93,0.22,0.31,Normal
28.99,0.47,0.05,Fatigue_Dryness
25.41,0.06,0.25,Fatigue_Dryness
20.95,0.01,0.41,Fatigue_Dryness
16.65,0.16,0,Normal
8.97,0.34,0,Normal
34.05,0.12,0.18,Fatigue_Dryness
12.42,0.13,0.26,Normal
23.81,0.36,0.24,Normal
26.98,0.31,0.43,Fatigue_Dryness
14.06,0.3,0.35,Normal
26.8,0.34,0.39,Normal
24.61,0.2,0,Normal
32.32,0.21,0.28,Fatigue_Dryness
14.75,0.35,0.19,Normal
8.21,0.09,0.54,Fatigue_Dryness
14.46,0.01,0.29,Fatigue_Dryness
20.17,0.2,0.12,Normal
18.97,0.36,0.42,Fatigue_Dryness
15.35,0.28,0.36,Normal
3.23,0.35,0.09,Fatigue_Dryness
22.26,0.01,0.18,Fatigue_Dryness
34.28,0.29,0.18,Fatigue_Dryness
22.21,0.33,0.5,Fatigue_Dryness
23.37,0.09,0.29,Fatigue_Dryness
23.08,0.35,0.4,Normal
21.68,0.24,0.15,Normal
25.95,0.62,0.32,Fatigue_Dryness
21.66,0.01,0.51,Fatigue_Dryness
16,0.41,0.18,Fatigue_Dryness
12.13,0.2,0.27,Normal
16.51,0.06,0,Fatigue_Dryness
21.01,0.19,0.1,Normal
15.97,0.28,0.18,Normal
21.01,0.37,0.04,Normal
22.01,0.46,0.51,Fatigue_Dryness
25.17,0.42,0.08,Fatigue_Dryness
28.76,0.13,0.41,Fatigue_Dryness
19.12,0.39,0.29,Normal
8.04,0.3,0.26,Normal
15.74,0.17,0.55,Fatigue_Dryness
18.85,0.23,0,Normal
3.81,0.17,0.21,Fatigue_Dryness
29.61,0.25,0.03,Normal
19.64,0.16,0,Normal
21.55,0.13,0.01,Normal
29.42,0.31,0.25,Normal
13.46,0.33,0.11,Normal
23.09,0.23,0.43,Fatigue_Dryness
17.62,0.41,0.21,Fatigue_Dryness
17.03,0.22,0.19,Normal
12.32,0.21,0.19,Normal
31.82,0.33,0.23,Fatigue_Dryness
15.5,0.23,0.17,Normal
24.1,0.26,0.08,Normal
3.5,0.01,0.45,Fatigue_Dryness
27.94,0.25,0.13,Normal
26.92,0.03,0.17,Fatigue_Dryness
19.28,0.1,0.34,Normal
16.68,0.09,0.31,Fatigue_Dryness
21.7,0.13,0.07,Normal
36.81,0.18,0.4,Fatigue_Dryness
4.39,0.19,0.36,Fatigue_Dryness
24.76,0.33,0.29,Normal
11.21,0.28,0.16,Normal
18.34,0.02,0.17,Fatigue_Dryness
16.52,0.26,0.21,Normal
15.07,0.29,0,Normal
18.42,0.21,0.24,Normal
9.43,0.24,0.43,Fatigue_Dryness
26.73,0.27,0.43,Fatigue_Dryness
4.15,0.34,0.17,Fatigue_Dryness
22.82,0.06,0.46,Fatigue_Dryness
15.89,0.22,0.63,Fatigue_Dryness
9.13,0.43,0.19,Fatigue_Dryness
20.12,0.42,0.39,Fatigue_Dryness
6.04,0.35,0,Fatigue_Dryness
18.82,0.31,0,Normal
7.12,0.45,0.27,Fatigue_Dryness
22.19,0.48,0.05,Fatigue_Dryness
11.11,0.24,0.66,Fatigue_Dryness
14.89,0.13,0.37,Normal
20.85,0.22,0.44,Fatigue_Dryness
12.32,0.62,0.24,Fatigue_Dryness
18.04,0.06,0.05,Fatigue_Dryness
6.39,0.19,0.15,Fatigue_Dryness
23.55,0.08,0.3,Fatigue_Dryness
32.62,0.27,0.12,Fatigue_Dryness
40.84,0.11,0.38,Fatigue_Dryness
19.23,0.24,0.39,Normal
24.81,0.02,0.25,Fatigue_Dryness
4.25,0.32,0,Fatigue_Dryness
30.52,0.4,0.59,Fatigue_Dryness
24.71,0.2,0.21,Normal
14.63,0.23,0.79,Fatigue_Dryness
28.4,0.23,0.38,Normal
16.46,0.27,0.21,Normal
14.84,0.25,0.34,Normal
22.3,0.34,0,Normal
9.99,0.4,0.46,Fatigue_Dryness
26.67,0.15,0.76,Fatigue_Dryness
10.05,0.21,0,Normal
10.1,0.36,0.19,Normal
11.22,0.08,0.23,Fatigue_Dryness
24.58,0.01,0.43,Fatigue_Dryness
13.57,0.28,0.67,Fatigue_Dryness
7.72,0.31,0.33,Normal
13.65,0.16,0.68,Fatigue_Dryness
18.24,0.18,0.28,Normal
9.05,0.16,0.34,Normal
9.29,0.15,0.32,Normal
35.39,0.33,0.49,Fatigue_Dryness
11.62,0.11,0.17,Normal
15.92,0.22,0.41,Fatigue_Dryness
15.56,0.14,0,Normal
15.13,0.08,0.19,Fatigue_Dryness
23.47,0.35,0.12,Normal
26.09,0.19,0.27,Normal
16.05,0.27,0.19,Normal
8.61,0.07,0.48,Fatigue_Dryness
28.7,0.16,0.07,Normal
17.74,0.34,0,Normal
32.34,0.56,0,Fatigue_Dryness
1,0.01,0.45,Fatigue_Dryness
20.06,0.23,0.06,Normal
33.85,0.3,0.33,Fatigue_Dryness
15.67,0.18,0.19,Normal
16.7,0.35,0.42,Fatigue_Dryness
20.86,0.15,0.2,Normal
14.03,0.27,0.8,Fatigue_Dryness
16,0.19,0.63,Fatigue_Dryness
15.8,0.4,0.19,Normal
13.48,0.17,0.16,Normal
28.33,0.21,0.88,Fatigue_Dryness
22.19,0.36,0.03,Normal
20.51,0.13,0.24,Normal
24.97,0.26,0.25,Normal
16.39,0.03,0.25,Fatigue_Dryness
12.31,0.12,0,Normal
13.68,0.3,0.35,Normal
18.51,0.13,0.06,Normal
10.03,0.19,0.54,Fatigue_Dryness
14.5,0.31,0,Normal
14.37,0.18,0.26,Normal
35.5,0.35,0,Fatigue_Dryness
1,0.28,0,Fatigue_Dryness
17.06,0.3,0.08,Normal
32.31,0.4,0.11,Fatigue_Dryness
19.47,0.29,0.54,Fatigue_Dryness
24.53,0.44,0.24,Fatigue_Dryness
19.3,0.36,0.51,Fatigue_Dryness
13.16,0.19,0.17,Normal
1,0.41,0.37,Fatigue_Dryness
20.14,0.28,0.11,Normal
12.3,0.2,0.09,Normal
12.1,0.28,0,Normal
14.51,0.38,0.32,Normal
32.46,0.31,0.3,Fatigue_Dryness
37.74,0.47,0.41,Fatigue_Dryness
20.24,0.38,0.29,Normal
14.78,0.31,0.66,Fatigue_Dryness
9.08,0.13,0.29,Normal
22.25,0.23,0.45,Fatigue_Dryness
32.76,0.26,0.19,Fatigue_Dryness
16.52,0.33,0.07,Normal
1,0.33,0.39,Fatigue_Dryness
23.86,0.27,0.23,Normal
26.38,0.26,0.42,Fatigue_Dryness
5.81,0.34,0.32,Fatigue_Dryness
19.91,0.15,0.09,Normal
22.11,0.45,0.47,Fatigue_Dryness
17.92,0.01,0.08,Fatigue_Dryness
12.17,0.43,0.38,Fatigue_Dryness
26.63,0.25,0.51,Fatigue_Dryness
15.27,0.37,0.17,Normal
6.62,0.29,0.48,Fatigue_Dryness
2.1,0.29,0.33,Fatigue_Dryness
28.59,0.32,0.42,Fatigue_Dryness
23.43,0.35,0.08,Normal
19.2,0.21,0.29,Normal
14.98,0.37,0,Normal
14.27,0.12,0.59,Fatigue_Dryness
9.89,0.25,0,Normal
15.05,0.35,0.18,Normal
1.54,0.37,0.06,Fatigue_Dryness
12.61,0.31,0.39,Normal
16.01,0.2,0.64,Fatigue_Dryness
23.38,0.36,0.38,Normal
18.18,0.17,0.84,Fatigue_Dryness
24.86,0.46,0,Fatigue_Dryness
29.29,0.24,0,Normal
26.97,0.07,0.07,Fatigue_Dryness
22.26,0.11,0.27,Normal
18.59,0.26,0.05,Normal
10.65,0.27,0.1,Normal
24.42,0.49,0.37,Fatigue_Dryness
31.94,0.13,0,Fatigue_Dryness
21.24,0.26,0.02,Normal
33.84,0.12,0.17,Fatigue_Dryness
6.3,0.19,0.19,Fatigue_Dryness
9.27,0.45,0.45,Fatigue_Dryness
25.34,0.11,0.07,Normal
20.61,0.32,0.11,Normal
29.01,0.3,0.37,Normal
18.38,0.25,0.41,Fatigue_Dryness
11.56,0.31,0.54,Fatigue_Dryness
16.79,0.11,0.34,Normal
6.24,0.45,0.28,Fatigue_Dryness
9.47,0.48,0.37,Fatigue_Dryness
26.28,0.26,0.2,Normal
25.48,0.54,0.2,Fatigue_Dryness
21.4,0.2,0,Normal
4.73,0.3,0.43,Fatigue_Dryness
15.63,0.42,0.29,Fatigue_Dryness
8.7,0.2,0.41,Fatigue_Dryness
27.91,0.08,0,Fatigue_Dryness
13.83,0.06,0.24,Fatigue_Dryness
9.81,0.5,0.08,Fatigue_Dryness
18.74,0.19,0.55,Fatigue_Dryness
13.38,0.23,0.37,Normal
30.37,0.12,0.3,Fatigue_Dryness
12.62,0.36,0.16,Normal
7.31,0.16,0.33,Normal
1.28,0.19,0.06,Fatigue_Dryness
18.25,0.29,0.23,Normal
14,0.12,0.13,Normal
7.07,0.23,0.7,Fatigue_Dryness
28.01,0.42,0.54,Fatigue_Dryness
23.84,0.3,0.46,Fatigue_Dryness
18.27,0.27,0,Normal
29.41,0.28,0.42,Fatigue_Dryness
23.8,0.2,0.29,Normal
11.92,0.49,0.5,Fatigue_Dryness
10.19,0.15,0.31,Normal
25.04,0.28,0.25,Normal
21.67,0.26,0.3,Normal
19.86,0.37,0,Normal
11.73,0.38,0.1,Normal
23.36,0.25,0.33,Normal
12.46,0.29,0.48,Fatigue_Dryness
17.68,0.29,0.14,Normal
30.08,0.01,0.24,Fatigue_Dryness
13.21,0.06,0,Fatigue_Dryness
5.92,0.18,0.54,Fatigue_Dryness
10.08,0.18,0.47,Fatigue_Dryness
26.45,0.11,0.38,Normal
20.54,0.34,0.33,Normal
17.47,0.25,0.56,Fatigue_Dryness
14.43,0.22,0.09,Normal
22.38,0.1,0.07,Fatigue_Dryness
11.71,0.25,0.46,Fatigue_Dryness
20.95,0.01,0.45,Fatigue_Dryness
12.65,0.23,0.01,Normal
11.32,0.26,0.14,Normal
13.4,0.28,0.59,Fatigue_Dryness
15.5,0.06,0.33,Fatigue_Dryness
18.11,0.28,0.41,Fatigue_Dryness
20.38,0.13,0.02,Normal
1,0.15,0.38,Fatigue_Dryness
12.04,0.34,0,Normal
15.37,0.49,0,Fatigue_Dryness
30.54,0.26,0.4,Fatigue_Dryness
9.86,0.15,0.54,Fatigue_Dryness
19.8,0.27,0.2,Normal
30.46,0.36,0.14,Fatigue_Dryness
8,0.33,0.59,Fatigue_Dryness
21.65,0.58,0.21,Fatigue_Dryness
12.08,0.16,0.24,Normal
14.46,0.28,0.59,Fatigue_Dryness
12.08,0.44,0.18,Fatigue_Dryness
12.65,0.43,0.12,Fatigue_Dryness
40.28,0.02,0.41,Fatigue_Dryness
25.26,0.25,0.11,Normal
27.31,0.43,0.22,Fatigue_Dryness
22.44,0.6,0,Fatigue_Dryness
5.65,0.33,0.29,Fatigue_Dryness
21.66,0.21,0.26,Normal
27.08,0.13,0.44,Fatigue_Dryness
11.67,0.52,0.42,Fatigue_Dryness
26.22,0.34,0.36,Normal
24.13,0.15,0.33,Normal
33.32,0.23,0.24,Fatigue_Dryness
15.16,0.29,0.37,Normal
9.72,0.32,0.03,Normal
15.61,0.14,0,Normal
29.98,0.18,0.48,Fatigue_Dryness
3.87,0.05,0.39,Fatigue_Dryness
1.95,0.38,0.23,Fatigue_Dryness
19.22,0.21,0.47,Fatigue_Dryness
14.96,0.31,0.1,Normal
18.56,0.42,0.11,Fatigue_Dryness
26.06,0.28,0.08,Normal
14.08,0.24,0.36,Normal
3.52,0.27,0,Fatigue_Dryness
34.86,0.26,0.1,Fatigue_Dryness
10.52,0.4,0.31,Normal
10.03,0.29,0.01,Normal
27.33,0.19,0.12,Normal
15.42,0.38,0,Normal
17.99,0.4,0.37,Normal
22.36,0.09,0.11,Fatigue_Dryness
27.17,0.43,0.03,Fatigue_Dryness
15.83,0.29,0,Normal
30.66,0.28,0.17,Fatigue_Dryness
1.41,0.37,0,Fatigue_Dryness
24.58,0.18,0.64,Fatigue_Dryness
11.78,0.36,0,Normal
29.48,0.21,0.16,Normal
19.64,0.07,0.27,Fatigue_Dryness
13.12,0.13,0.1,Normal
23.8,0.32,0.29,Normal
25.65,0.14,0.09,Normal
23.64,0.44,0.56,Fatigue_Dryness
10.26,0.39,0.03,Normal
14.63,0.41,0,Fatigue_Dryness
18.47,0.27,0,Normal
18.17,0.28,0.33,Normal
24.5,0.11,0.23,Normal
2.38,0.37,0.4,Fatigue_Dryness
21.17,0.3,0.35,Normal
16.18,0.32,0.12,Normal
11.79,0.45,0.15,Fatigue_Dryness
12.56,0.18,0.17,Normal
16.78,0.24,0.63,Fatigue_Dryness
1,0.29,0.39,Fatigue_Dryness
12.89,0.14,0.63,Fatigue_Dryness
11.49,0.23,0.42,Fatigue_Dryness
22.76,0.31,0.24,Normal
12.06,0.21,0.05,Normal
16.78,0.41,0.29,Fatigue_Dryness
30.84,0.07,0.24,Fatigue_Dryness
26.45,0.39,0.23,Normal
25.72,0.33,0.21,Normal
14.5,0.18,0,Normal
22.84,0.14,0.5,Fatigue_Dryness
16.63,0.01,0.24,Fatigue_Dryness
16.93,0.16,0,Normal
21.78,0.38,0.35,Normal
13.72,0.24,0.08,Normal
30.44,0.39,0.36,Fatigue_Dryness
17.22,0.18,0.43,Fatigue_Dryness
23.45,0.34,0.45,Fatigue_Dryness
30.14,0.16,0.22,Fatigue_Dryness
26.75,0.13,0.17,Normal
7.23,0.24,0.13,Normal
22.06,0.17,0.11,Normal
25.31,0.07,0.25,Fatigue_Dryness
25.63,0.23,0.21,Normal
9.59,0.26,0.09,Normal
13.24,0.4,0.02,Fatigue_Dryness
26.46,0.36,0.23,Normal
12.41,0.4,0.16,Normal
16.1,0.34,0.02,Normal
31.11,0.29,0.42,Fatigue_Dryness
18.12,0.1,0.6,Fatigue_Dryness
12.69,0.27,0.44,Fatigue_Dryness
11.48,0.32,0.11,Normal
21.16,0.43,0.24,Fatigue_Dryness
7.83,0.33,0.56,Fatigue_Dryness
16.52,0.4,0.02,Normal
21.17,0.13,0.41,Fatigue_Dryness
28.89,0.21,0,Normal
23.84,0.3,0.59,Fatigue_Dryness
12.79,0.39,0.16,Normal
27.93,0.23,0.7,Fatigue_Dryness
16.1,0.24,0.6,Fatigue_Dryness
8.61,0.33,0.23,Normal
17.12,0.12,0.11,Normal
30.01,0.44,0.29,Fatigue_Dryness
19.82,0.15,0.21,Normal
18.6,0.02,0.17,Fatigue_Dryness
31.6,0.25,0,Fatigue_Dryness
7.05,0.45,0.15,Fatigue_Dryness
8.22,0.32,0.03,Normal
5.57,0.34,0.36,Fatigue_Dryness
21.48,0.26,0.45,Fatigue_Dryness
19.83,0.23,0.4,Normal
30.84,0.07,0.32,Fatigue_Dryness
20.45,0.01,0.08,Fatigue_Dryness
15.27,0.27,0.29,Normal
18.51,0.41,0.41,Fatigue_Dryness
19.44,0.29,0.13,Normal
5.13,0.33,0.27,Fatigue_Dryness
40.18,0.44,0.22,Fatigue_Dryness
22.66,0.29,0.58,Fatigue_Dryness
20.18,0.24,0.42,Fatigue_Dryness
23.42,0.15,0.37,Normal
24.18,0.49,0,Fatigue_Dryness
17.38,0.31,0.29,Normal
13.45,0.14,0.22,Normal
23.3,0.11,0.22,Normal
21.59,0.4,0,Normal
12.02,0.13,0.03,Normal
29.85,0.47,0.24,Fatigue_Dryness
20.85,0.01,0.47,Fatigue_Dryness
24.34,0.42,0.13,Fatigue_Dryness
29.64,0.31,0.17,Normal
18.68,0.26,0.61,Fatigue_Dryness
21.04,0.23,0.19,Normal
24.98,0.48,0.22,Fatigue_Dryness
12.7,0.34,0.23,Normal
18.93,0.14,0,Normal
19.5,0.04,0.36,Fatigue_Dryness
10.85,0.27,0.12,Normal
37.04,0.25,0.24,Fatigue_Dryness
7.24,0.07,0.34,Fatigue_Dryness
8.12,0.24,0.64,Fatigue_Dryness
29.01,0.18,0,Normal
24.21,0.25,0.42,Fatigue_Dryness
10.29,0.34,0.42,Fatigue_Dryness
23.36,0.43,0.12,Fatigue_Dryness
30.24,0.36,0.37,Fatigue_Dryness
18.26,0.16,0.58,Fatigue_Dryness
39.29,0.29,0.1,Fatigue_Dryness
4.71,0.26,0.3,Fatigue_Dryness
24.05,0.09,0.33,Fatigue_Dryness
27.83,0.3,0.36,Normal
25.63,0.47,0.4,Fatigue_Dryness
16.87,0.25,0.28,Normal
16.18,0.06,0.35,Fatigue_Dryness
22.05,0.25,0.07,Normal
25.03,0.1,0.28,Normal
23.32,0.35,0.16,Normal
26.82,0.31,0,Normal
10.35,0.23,0.15,Normal
16.68,0.21,0.3,Normal
10.98,0.23,0.34,Normal
15.41,0.25,0,Normal
26.62,0.16,0.06,Normal
19.36,0.08,0.4,Fatigue_Dryness
39.35,0.39,0.35,Fatigue_Dryness
20.05,0.2,0.43,Fatigue_Dryness
18.98,0.27,0.52,Fatigue_Dryness
19.35,0.28,0.36,Normal
13.4,0.29,0.17,Normal
18.04,0.11,0.27,Normal
27.52,0.05,0.58,Fatigue_Dryness
19.41,0.18,0.8,Fatigue_Dryness
12.15,0.3,0.34,Normal
11.1,0.16,0.36,Normal
14.9,0.21,0.4,Normal
19.09,0.51,0.26,Fatigue_Dryness
28.05,0.03,0.48,Fatigue_Dryness
7.78,0.16,0.45,Fatigue_Dryness
15.94,0.48,0.32,Fatigue_Dryness
19.65,0.25,0.19,Normal
3.83,0.17,0,Fatigue_Dryness
11.83,0.39,0.4,Normal
13.06,0.26,0.29,Normal
12.13,0.21,0.1,Normal
20.04,0.27,0.02,Normal
17.22,0.17,0.38,Normal
14.06,0.13,0,Normal
21.92,0.24,0.31,Normal
32.28,0.13,0.42,Fatigue_Dryness
31.61,0.25,0.36,Fatigue_Dryness
3.12,0.29,0.17,Fatigue_Dryness
23.12,0.35,0,Normal
17.08,0.39,0.37,Normal
19.74,0.2,0.49,Fatigue_Dryness
15.31,0.31,0.14,Normal
19.44,0.31,0.35,Normal
19.71,0.29,0.57,Fatigue_Dryness
13.87,0.19,0.32,Normal
11.33,0.13,0.17,Normal
14.91,0.31,0.46,Fatigue_Dryness
20.37,0.05,0.1,Fatigue_Dryness
23.29,0.22,0,Normal
25.33,0.01,0.41,Fatigue_Dryness
14.55,0.09,0.17,Fatigue_Dryness
20.77,0.15,0.19,Normal
26.2,0.38,0.13,Normal
27.82,0.33,0.16,Normal
18.03,0.18,0.53,Fatigue_Dryness
16.73,0.34,0.58,Fatigue_Dryness
20.03,0.36,0.61,Fatigue_Dryness
9.3,0.23,0.47,Fatigue_Dryness
16.95,0.08,0.34,Fatigue_Dryness
24.46,0.23,0,Normal
23.64,0.24,0.21,Normal
16.34,0.1,0.68,Fatigue_Dryness
20.24,0.29,0.16,Normal
11.9,0.28,0.55,Fatigue_Dryness
24.13,0.3,0.26,Normal
17.88,0.28,0,Normal
16.29,0.34,0.38,Normal
15.61,0.23,0.5,Fatigue_Dryness
18,0.27,0.24,Normal
14.92,0.2,0.5,Fatigue_Dryness
23.77,0.18,0,Normal
15.34,0.41,0,Fatigue_Dryness
31.24,0.01,0.29,Fatigue_Dryness
30.22,0.36,0.35,Fatigue_Dryness
11.37,0.18,0.52,Fatigue_Dryness
19.06,0.16,0.38,Normal
13.29,0.28,0.01,Normal
15.89,0.07,0.29,Fatigue_Dryness
34.52,0.15,0.37,Fatigue_Dryness
16.04,0.15,0,Normal
21.38,0.22,0.24,Normal
22.83,0.15,0.18,Normal
10.49,0.44,0.12,Fatigue_Dryness
11.66,0.47,0.35,Fatigue_Dryness
8.85,0.01,0.02,Fatigue_Dryness
11.41,0.32,0.33,Normal
1,0.35,0.36,Fatigue_Dryness
22.86,0.32,0.47,Fatigue_Dryness
34.93,0.17,0.03,Fatigue_Dryness
19.68,0.22,0,Normal
7.17,0.16,0.31,Normal
13.36,0.2,0.19,Normal
14.83,0.11,0.83,Fatigue_Dryness
10.36,0.24,0.34,Normal
25.38,0.07,0.26,Fatigue_Dryness
24.98,0.23,0.22,Normal
9.26,0.1,0.01,Normal
24.3,0.28,0.36,Normal
30.71,0.17,0.23,Fatigue_Dryness
33.72,0.29,0.23,Fatigue_Dryness
41.42,0.38,0.27,Fatigue_Dryness
11.28,0.44,0.29,Fatigue_Dryness
41.09,0.01,0,Fatigue_Dryness
15.67,0.15,0.42,Fatigue_Dryness
13.76,0.21,0.08,Normal
21.12,0.31,0.22,Normal
13.84,0.05,0.51,Fatigue_Dryness
21.69,0.13,0.61,Fatigue_Dryness
7.94,0.27,0,Normal
16.59,0.26,0.26,Normal
28.78,0.3,0.31,Normal
18.04,0.3,0,Normal
19.63,0.29,0.41,Fatigue_Dryness
22.3,0.27,0.27,Normal
27.87,0.26,0.29,Normal
5.26,0.33,0.07,Fatigue_Dryness
23.18,0.01,0.33,Fatigue_Dryness
16.35,0.44,0.42,Fatigue_Dryness
19.83,0.01,0.28,Fatigue_Dryness
26.98,0.12,0.15,Normal
8.95,0.22,0.16,Normal
10.4,0.33,0.29,Normal
3.02,0.01,0.26,Fatigue_Dryness
14.11,0.25,0.43,Fatigue_Dryness
29.14,0.35,0.15,Normal
17.54,0.37,0.01,Normal
7.78,0.17,0.32,Normal
14.61,0.21,0.15,Normal
6.6,0.18,0.41,Fatigue_Dryness
9.5,0.2,0.25,Normal
21.61,0.13,0.38,Normal
9.11,0.14,0.05,Normal
27.4,0.3,0.28,Normal
17.93,0.27,0.11,Normal
19.18,0.31,0.01,Normal
16.27,0.28,0.08,Normal
24.68,0.34,0.14,Normal
24.77,0.36,0.5,Fatigue_Dryness
21.18,0.04,0.14,Fatigue_Dryness
23.02,0.15,0,Normal
16.8,0.22,0.28,Normal
22.84,0.25,0.26,Normal
15.8,0.17,0.15,Normal
18.52,0.36,0.22,Normal
16.3,0.49,0.45,Fatigue_Dryness
14.84,0.27,0.38,Normal
12.99,0.26,0.37,Normal
22.24,0.35,0.01,Normal
28.98,0.03,0.83,Fatigue_Dryness
27.87,0.25,0.46,Fatigue_Dryness
8.45,0.37,0.35,Normal
28.81,0.17,0.02,Normal
15.95,0.1,0.44,Fatigue_Dryness
23.31,0.23,0.15,Normal
11.25,0.24,0.21,Normal
19.64,0.14,0,Normal
21.01,0.5,0,Fatigue_Dryness
6.62,0.19,0.34,Fatigue_Dryness
23.37,0.11,0.45,Fatigue_Dryness
29.27,0.24,0.39,Normal
17.1,0.36,0.38,Normal
29.38,0.25,0.24,Normal
16.98,0.31,0.17,Normal
25.3,0.15,0.31,Normal
1,0.43,0.41,Fatigue_Dryness
37.85,0.32,0.25,Fatigue_Dryness
30.46,0.38,0.49,Fatigue_Dryness
16.22,0.29,0.21,Normal
2.72,0.35,0.05,Fatigue_Dryness
20.8,0.15,0.25,Normal
6.95,0.19,0.27,Fatigue_Dryness
22.06,0.41,0.23,Fatigue_Dryness
21.79,0.44,0.51,Fatigue_Dryness
10.97,0.11,0.41,Fatigue_Dryness
27.47,0.28,0,Normal
24.94,0.2,0.56,Fatigue_Dryness
26.31,0.17,0,Normal
18.57,0.28,0.68,Fatigue_Dryness
7.18,0.39,0.19,Normal
26.32,0.3,0.21,Normal
16.34,0.21,0.24,Normal
7.38,0.31,0.33,Normal
29.32,0.21,0.25,Normal
35.3,0.3,0.22,Fatigue_Dryness
18.17,0.42,0.51,Fatigue_Dryness
35.77,0.01,0.36,Fatigue_Dryness
19.23,0.35,0.06,Normal
15.46,0.07,0.4,Fatigue_Dryness
13.46,0.4,0.36,Normal
31.6,0.17,0.14,Fatigue_Dryness
12.26,0.1,0.41,Fatigue_Dryness
24.38,0.33,0.22,Normal
14.03,0.29,0.21,Normal
14.82,0.13,0.2,Normal
26.74,0.1,0,Normal
15.46,0.23,0.15,Normal
15.26,0.11,0.39,Normal
27.56,0.12,0.25,Normal
31.28,0.26,0,Fatigue_Dryness
23.66,0.13,0.44,Fatigue_Dryness
13.26,0.3,0.19,Normal
14.42,0.43,0.01,Fatigue_Dryness
19.14,0.23,0.69,Fatigue_Dryness
21.07,0.27,0.04,Normal
10.6,0.49,0.43,Fatigue_Dryness
24.28,0.11,0.1,Normal
19.18,0.39,0.28,Normal
4.77,0.38,0.07,Fatigue_Dryness
11.07,0.35,0,Normal
14.47,0.41,0.35,Fatigue_Dryness
17.92,0.28,0.33,Normal
33.61,0.18,0.48,Fatigue_Dryness
20.41,0.38,0.24,Normal
11.77,0.39,0.69,Fatigue_Dryness
20.27,0.38,0.3,Normal
15.68,0.26,0.36,Normal
21.1,0.16,0,Normal
23.14,0.27,0.13,Normal
28.17,0.36,0.35,Normal
18.31,0.37,0.23,Normal
31.61,0.2,0.29,Fatigue_Dryness
25.76,0.29,0.09,Normal
12.84,0.09,0.27,Fatigue_Dryness
36.18,0.37,0.27,Fatigue_Dryness
21.12,0.16,0.01,Normal
11.82,0.34,0.38,Normal
31.72,0.11,0,Fatigue_Dryness
35.12,0.37,0.29,Fatigue_Dryness
18.24,0.29,0.6,Fatigue_Dryness
14.47,0.16,0.39,Normal
17.12,0.33,0.39,Normal
24.22,0.18,0.07,Normal
28.72,0.34,0.6,Fatigue_Dryness
23.06,0.22,0.53,Fatigue_Dryness
19.31,0.04,0.08,Fatigue_Dryness
30.48,0.13,0.16,Fatigue_Dryness
16,0.2,0.5,Fatigue_Dryness
26.75,0.41,0.61,Fatigue_Dryness
16.2,0.36,0,Normal
21.95,0.45,0.05,Fatigue_Dryness
17.59,0.45,0.22,Fatigue_Dryness
18.05,0.19,0,Normal
15.48,0.23,0.25,Normal
29.26,0.2,0.49,Fatigue_Dryness
12.64,0.17,0,Normal
12.58,0.03,0.28,Fatigue_Dryness
35.47,0.25,0.13,Fatigue_Dryness
26.32,0.1,0.58,Fatigue_Dryness
1,0.25,0.14,Fatigue_Dryness
13.98,0.5,0.55,Fatigue_Dryness
4,0.19,0.13,Fatigue_Dryness
10.89,0.27,0.4,Fatigue_Dryness
1,0.36,0.3,Fatigue_Dryness
17.4,0.28,0.22,Normal
9.36,0.29,0.09,Normal
18.98,0.21,0.32,Normal
5.5,0.22,0.16,Fatigue_Dryness
19.16,0.14,0.11,Normal
15.18,0.35,0.55,Fatigue_Dryness
30.52,0.04,0.36,Fatigue_Dryness
29.79,0.37,0.38,Normal
24.78,0.08,0.17,Fatigue_Dryness
15.89,0.37,0.21,Normal
34.38,0.21,0.2,Fatigue_Dryness
6.08,0.1,0.32,Fatigue_Dryness
7.27,0.32,0.38,Normal
17.83,0.36,0.24,Normal
36.53,0.2,0.09,Fatigue_Dryness
16.88,0.34,0.4,Fatigue_Dryness
17.03,0.01,0.26,Fatigue_Dryness
6.96,0.09,0,Fatigue_Dryness
26.07,0.41,0,Fatigue_Dryness
26.13,0.22,0.31,Normal
24.81,0.03,0.08,Fatigue_Dryness
13.47,0.17,0.34,Normal
12.85,0.14,0.1,Normal
8.16,0.23,0.28,Normal
19.17,0.21,0.17,Normal
9.86,0.27,0.6,Fatigue_Dryness
9.08,0.24,0.44,Fatigue_Dryness
15.11,0.41,0.52,Fatigue_Dryness
14.59,0.3,0.26,Normal
14.2,0.31,0.41,Fatigue_Dryness
22.23,0.39,0.27,Normal
19.13,0.2,0.54,Fatigue_Dryness
16.19,0.1,0.24,Fatigue_Dryness
19.96,0.4,0,Normal
10.57,0.27,0,Normal
19.34,0.27,0.58,Fatigue_Dryness
19.7,0.17,0.35,Normal
6.48,0.18,0.36,Fatigue_Dryness
26.47,0.35,0.55,Fatigue_Dryness
11.45,0.37,0,Normal
19.22,0.34,0.18,Normal
27.82,0.35,0.2,Normal
25.91,0.32,0.4,Normal
18.77,0.27,0.11,Normal
15.6,0.23,0.01,Normal
26.08,0.4,0.01,Normal
23.9,0.21,0.48,Fatigue_Dryness
13.55,0.29,0.1,Normal
12.14,0.15,0.14,Normal
1.92,0.17,0.38,Fatigue_Dryness
19.73,0.22,0.11,Normal
17.84,0.15,0,Normal
27.59,0.35,0,Normal
21.37,0.09,0.24,Fatigue_Dryness
29.17,0.26,0.35,Normal
12.92,0.27,0.21,Normal
27.61,0.03,0.34,Fatigue_Dryness
14.27,0.2,0,Normal
24.72,0.28,0,Normal
6.83,0.3,0.7,Fatigue_Dryness
20.38,0.23,0.5,Fatigue_Dryness
2.62,0.33,0.4,Fatigue_Dryness
16.36,0.24,0.12,Normal
22.02,0.25,0.2,Normal
14.33,0.28,0.25,Normal
10.1,0.36,0.51,Fatigue_Dryness
25.27,0.17,0.33,Normal
17.67,0.19,0.36,Normal
14.58,0.17,0.22,Normal
18.84,0.21,0.41,Fatigue_Dryness
39.59,0.42,0.31,Fatigue_Dryness
27.73,0.32,0.26,Normal
27.8,0.11,0.1,Normal
21.98,0.18,0.23,Normal
19.83,0.3,0.03,Normal
1,0.14,0.24,Fatigue_Dryness
13.07,0.16,0.27,Normal
14.66,0.41,0,Fatigue_Dryness
3.5,0.18,0.2,Fatigue_Dryness
9.24,0.37,0.02,Normal
2.65,0.4,0.35,Fatigue_Dryness
18.19,0.16,0.38,Normal
25.05,0.14,0.17,Normal
27.35,0.22,0.36,Normal
21.82,0.12,0.37,Normal
10.79,0.27,0.2,Normal
3.04,0.23,0.56,Fatigue_Dryness
4.45,0.29,0.11,Fatigue_Dryness
8.35,0.42,0.54,Fatigue_Dryness
11.39,0.35,0.21,Normal
17.22,0.31,0.08,Normal
10.39,0.01,0.18,Fatigue_Dryness
21.21,0.3,0.03,Normal
16.64,0.46,0.41,Fatigue_Dryness
18.58,0.01,0,Fatigue_Dryness
27.62,0.33,0.53,Fatigue_Dryness
9.06,0.23,0.06,Normal
21.85,0.15,0.42,Fatigue_Dryness
18.39,0.35,0.26,Normal
15.83,0.46,0.3,Fatigue_Dryness
25.58,0.34,0.13,Normal
25.53,0.21,0.32,Normal
10.93,0.14,0.28,Normal
17.04,0.27,0,Normal
20.75,0.36,0.06,Normal
16.32,0.2,0.14,Normal
23.18,0.22,0.1,Normal
20.75,0.59,0.5,Fatigue_Dryness
33.16,0.38,0.25,Fatigue_Dryness
6.26,0.39,0.09,Fatigue_Dryness
17.52,0.08,0.15,Fatigue_Dryness
11.23,0.17,0.15,Normal
23.33,0.26,0.19,Normal
5.56,0.13,0.04,Fatigue_Dryness
21.27,0.44,0.09,Fatigue_Dryness
13.46,0.42,0.4,Fatigue_Dryness
12.63,0.19,0.29,Normal
6.93,0.46,0.22,Fatigue_Dryness
14.78,0.25,0.25,Normal
27.18,0.56,0.24,Fatigue_Dryness
18.3,0.27,0.21,Normal
23.52,0.32,0.35,Normal
31.82,0.42,0.34,Fatigue_Dryness
20.61,0.4,0,Fatigue_Dryness
14.03,0.31,0.22,Normal
22.24,0.23,0,Normal
14.15,0.31,0.38,Normal
14.46,0.15,0.4,Fatigue_Dryness
6.34,0.27,0.13,Fatigue_Dryness
25.91,0.12,0.23,Normal
15.41,0.04,0,Fatigue_Dryness
19.96,0.26,0.45,Fatigue_Dryness
10.21,0.4,0.39,Fatigue_Dryness
21.99,0.36,0.48,Fatigue_Dryness
12.4,0.24,0.55,Fatigue_Dryness
17.37,0.46,0.01,Fatigue_Dryness
25.52,0.18,0.43,Fatigue_Dryness
24.83,0.02,0.55,Fatigue_Dryness
18.32,0.01,0,Fatigue_Dryness
4.35,0.11,0.22,Fatigue_Dryness
42.44,0.35,0.18,Fatigue_Dryness
32.47,0.17,0.42,Fatigue_Dryness
24.28,0.31,0,Normal
12.47,0.45,0.61,Fatigue_Dryness
17.59,0.12,0.23,Normal
14.15,0.31,0.43,Fatigue_Dryness
28.61,0.32,0.24,Normal
20.6,0.15,0.35,Normal
12.23,0.41,0,Fatigue_Dryness
14.73,0.22,0.17,Normal
27.47,0.2,0.42,Fatigue_Dryness
31.3,0.5,0.31,Fatigue_Dryness
30.73,0.31,0,Fatigue_Dryness
24.56,0.36,0.26,Normal
16.48,0.41,0.09,Fatigue_Dryness
1,0.17,0.07,Fatigue_Dryness
20.88,0.4,0,Normal
18.49,0.19,0.37,Normal
19.62,0.19,0.47,Fatigue_Dryness
18.93,0.22,0.67,Fatigue_Dryness
7.89,0.18,0,Normal
22.96,0.35,0.4,Fatigue_Dryness
23.56,0.28,0.42,Fatigue_Dryness
23.96,0.19,0.13,Normal
26.07,0.33,0.07,Normal
23.33,0.22,0.03,Normal
15.22,0.21,0.15,Normal
17.93,0.26,0.29,Normal
19.23,0.31,0.52,Fatigue_Dryness
19.36,0.3,0.47,Fatigue_Dryness
26.49,0.21,0,Normal
23.65,0.35,0.09,Normal
35.12,0.22,0.51,Fatigue_Dryness
36.15,0.17,0.1,Fatigue_Dryness
19.14,0.07,0.24,Fatigue_Dryness
1,0.37,0,Fatigue_Dryness
28.39,0.25,0.48,Fatigue_Dryness
14.18,0.28,0,Normal
12.09,0.38,0,Normal
15.31,0.19,0.46,Fatigue_Dryness
14.93,0.09,0.63,Fatigue_Dryness
23.4,0.26,0.19,Normal
6.02,0.29,0.24,Fatigue_Dryness
9.88,0.22,0.43,Fatigue_Dryness
21.25,0.43,0.31,Fatigue_Dryness
23.48,0.01,0.18,Fatigue_Dryness
23.63,0.38,0.15,Normal
12.2,0.35,0,Normal
10.67,0.31,0.3,Normal
14.45,0.01,0.23,Fatigue_Dryness
20.42,0.4,0.16,Fatigue_Dryness
30.38,0.13,0.05,Fatigue_Dryness
2.12,0.19,0.07,Fatigue_Dryness
16.73,0.23,0.37,Normal
7.84,0.3,0.43,Fatigue_Dryness
5.28,0.33,0.19,Fatigue_Dryness
26.24,0.36,0.16,Normal
22.86,0.35,0.08,Normal
22.1,0.28,0.44,Fatigue_Dryness
25.87,0.3,0.26,Normal
14.66,0.12,0.32,Normal
15.04,0.16,0.32,Normal
35.99,0.36,0.19,Fatigue_Dryness
16.53,0.35,0.02,Normal
24.38,0.34,0.05,Normal
18.55,0.19,0.48,Fatigue_Dryness
3.71,0.36,0.11,Fatigue_Dryness
2.14,0.11,0.17,Fatigue_Dryness
13.87,0.38,0.02,Normal
26.95,0.22,0.01,Normal
24.81,0.45,0.1,Fatigue_Dryness
25.81,0.07,0.59,Fatigue_Dryness
10.6,0.46,0.38,Fatigue_Dryness
31.43,0.21,0.15,Fatigue_Dryness
10.78,0.2,0.47,Fatigue_Dryness
20.2,0.27,0.22,Normal
18.42,0.17,0.52,Fatigue_Dryness
17.11,0.24,0.69,Fatigue_Dryness
29.21,0.16,0.46,Fatigue_Dryness
12.86,0.17,0.27,Normal
7.7,0.31,0.39,Normal
18.66,0.14,0.25,Normal
15.3,0.16,0,Normal
45.52,0.09,0.12,Fatigue_Dryness
23.91,0.19,0.06,Normal
15.23,0.41,0.12,Fatigue_Dryness
10.05,0.15,0.61,Fatigue_Dryness
3.46,0.16,0.47,Fatigue_Dryness
10.3,0.27,0.34,Normal
19.42,0.21,0.41,Fatigue_Dryness
29.92,0.52,0,Fatigue_Dryness
27.47,0.23,0.4,Normal
20.33,0.29,0.44,Fatigue_Dryness
15.91,0.36,0,Normal
20.65,0.36,0.4,Fatigue_Dryness
14.35,0.28,0,Normal
32.25,0.23,0,Fatigue_Dryness
16.99,0.49,0.52,Fatigue_Dryness
17.81,0.24,0.05,Normal
1,0.2,0.11,Fatigue_Dryness
16.94,0.17,0.45,Fatigue_Dryness
25.19,0.04,0.19,Fatigue_Dryness
9.96,0.35,0.21,Normal
12.49,0.01,0.21,Fatigue_Dryness
24.84,0.25,0.32,Normal
6.69,0.23,0.21,Fatigue_Dryness
26.96,0.52,0.27,Fatigue_Dryness
14.24,0.03,0.15,Fatigue_Dryness
15.39,0.14,0.32,Normal
9.51,0.23,0.31,Normal
21.52,0.23,0.63,Fatigue_Dryness
38.18,0.18,0.17,Fatigue_Dryness
24.75,0.24,0.21,Normal
11.59,0.1,0.3,Fatigue_Dryness
27.58,0.29,0.44,Fatigue_Dryness
15.97,0.01,0.03,Fatigue_Dryness
29.5,0.25,0.27,Normal
24.95,0.18,0,Normal
1,0.37,0.2,Fatigue_Dryness
10.47,0.46,0.47,Fatigue_Dryness
26.06,0.21,0.11,Normal
19.71,0.42,0.29,Fatigue_Dryness
10.31,0.21,0.14,Normal
13.43,0.13,0.08,Normal
3.25,0.46,0.44,Fatigue_Dryness
17.79,0.31,0.04,Normal
36.19,0.25,0.31,Fatigue_Dryness
24.94,0.33,0.31,Normal
36.02,0.28,0.08,Fatigue_Dryness
25.56,0.24,0.28,Normal
26.72,0.09,0.06,Fatigue_Dryness
34.29,0.22,0.35,Fatigue_Dryness
21.52,0.33,0,Normal
17,0.24,0.18,Normal
26.76,0.36,0.2,Normal
30.13,0.3,0.47,Fatigue_Dryness
14.66,0.15,0.28,Normal
12.73,0.09,0.44,Fatigue_Dryness
19.61,0.23,0.36,Normal
25.15,0.19,0.36,Normal
24.88,0.29,0.18,Normal
7.11,0.16,0.45,Fatigue_Dryness
33.79,0.18,0.18,Fatigue_Dryness
13.37,0.38,0,Normal
16.38,0.27,0.21,Normal
11.28,0.17,0.34,Normal
40.09,0.25,0,Fatigue_Dryness
20.44,0.42,0.07,Fatigue_Dryness
11.69,0.29,0,Normal
25.41,0.32,0.41,Fatigue_Dryness
24.65,0.16,0.59,Fatigue_Dryness
17,0.37,0.21,Normal
25.22,0.53,0.36,Fatigue_Dryness
11.9,0.16,0.35,Normal
14.56,0.11,0.56,Fatigue_Dryness
2.42,0.27,0.12,Fatigue_Dryness
7.91,0.36,0.21,Normal
32.96,0.24,0.18,Fatigue_Dryness
31.63,0.12,0.27,Fatigue_Dryness
19.03,0.24,0.75,Fatigue_Dryness
31.8,0.32,0.26,Fatigue_Dryness
17.22,0.2,0.08,Normal
16.55,0.32,0.02,Normal
18.95,0.39,0.5,Fatigue_Dryness
17.5,0.28,0.08,Normal
16.78,0.25,0.38,Normal
27.65,0.35,0.11,Normal
19.7,0.15,0,Normal
24.2,0.14,0.37,Normal
26.75,0.22,0.12,Normal
21.61,0.19,0.34,Normal
10.74,0.15,0.35,Normal
7.68,0.47,0.36,Fatigue_Dryness
19.69,0.51,0.2,Fatigue_Dryness
17.13,0.21,0.39,Normal
19.2,0.26,0.07,Normal
18.37,0.23,0,Normal
39.17,0.38,0.39,Fatigue_Dryness
7.86,0.41,0.28,Fatigue_Dryness
2.58,0.04,0.13,Fatigue_Dryness
21.16,0.31,0,Normal
15.49,0.09,0,Fatigue_Dryness
21.03,0.46,0.26,Fatigue_Dryness
23.17,0.3,0.58,Fatigue_Dryness
28.77,0.15,0.22,Normal
6.44,0.22,0.18,Fatigue_Dryness
14.05,0.22,0.25,Normal
21.93,0.31,0.69,Fatigue_Dryness
24.66,0.38,0.4,Normal
36.05,0.11,0.06,Fatigue_Dryness
26.15,0.47,0.26,Fatigue_Dryness
18.05,0.44,0.32,Fatigue_Dryness
11.38,0.15,0.04,Normal
13.99,0.26,0.4,Fatigue_Dryness
13.76,0.46,0.09,Fatigue_Dryness
23.74,0.4,0,Normal
20.56,0.21,0.27,Normal
7.91,0.35,0.23,Normal
15.01,0.61,0.25,Fatigue_Dryness
25.52,0.26,0.1,Normal
21.31,0.17,0.13,Normal
23.05,0.27,0.48,Fatigue_Dryness
21.56,0.28,0.34,Normal
31.51,0.19,0.06,Fatigue_Dryness
20.39,0.3,0,Normal
15.41,0.1,0.07,Fatigue_Dryness
11.17,0.17,0.28,Normal
20.5,0.34,0.12,Normal
1,0.04,0.11,Fatigue_Dryness
17.03,0.36,0.13,Normal
16.85,0.01,0.24,Fatigue_Dryness
7.58,0.04,0.41,Fatigue_Dryness
11.07,0.19,0.25,Normal
24.98,0.28,0.26,Normal
20.35,0.41,0.21,Fatigue_Dryness
19.31,0.26,0.15,Normal
20.95,0.22,0.43,Fatigue_Dryness
19.24,0.32,0.4,Normal
28.44,0.15,0.66,Fatigue_Dryness
19.49,0.27,0.37,Normal
6.83,0.11,0.15,Fatigue_Dryness
31.54,0.26,0.07,Fatigue_Dryness
21.46,0.23,0.44,Fatigue_Dryness
13.79,0.15,0.09,Normal
8.47,0.27,0.41,Fatigue_Dryness
21.67,0.27,0.1,Normal
17.56,0.39,0.32,Normal
31.09,0.06,0.04,Fatigue_Dryness
15.73,0.24,0.41,Fatigue_Dryness
11.8,0.16,0,Normal
25.67,0.35,0.31,Normal
25.9,0.34,0.21,Normal
19.85,0.31,0.27,Normal
23.91,0.17,0.17,Normal
18.2,0.36,0.17,Normal
20.37,0.07,0.28,Fatigue_Dryness
27.82,0.04,0.05,Fatigue_Dryness
23.5,0.1,0.05,Fatigue_Dryness
17.15,0.25,0.18,Normal
29.32,0.33,0.17,Normal
1,0.01,0.05,Fatigue_Dryness
34.92,0.41,0.44,Fatigue_Dryness
4.85,0.27,0.18,Fatigue_Dryness
13.48,0.06,0.21,Fatigue_Dryness
18.17,0.26,0,Normal
17.33,0.38,0.66,Fatigue_Dryness
26.55,0.32,0.74,Fatigue_Dryness
10.04,0.38,0.09,Normal
20.59,0.09,0.5,Fatigue_Dryness
13.87,0.2,0.23,Normal
20.86,0.14,0.57,Fatigue_Dryness
17.98,0.46,0.32,Fatigue_Dryness
19.24,0.33,0.27,Normal
14.1,0.59,0,Fatigue_Dryness
14.42,0.19,0.07,Normal
20.8,0.16,0.25,Normal
26.05,0.23,0.29,Normal
13.71,0.42,0.01,Fatigue_Dryness
11.55,0.21,0.1,Normal
23.41,0.27,0.36,Normal
18.24,0.26,0,Normal
25.14,0.26,0.28,Normal
11.25,0.17,0.5,Fatigue_Dryness
4.26,0.23,0.33,Fatigue_Dryness
14.24,0.23,0.32,Normal
12.37,0.25,0,Normal
17.87,0.36,0.09,Normal
13.41,0.46,0.66,Fatigue_Dryness
24.43,0.15,0.13,Normal
16.19,0.2,0.5,Fatigue_Dryness
19.7,0.15,0.13,Normal
19.76,0.27,0.19,Normal
20.06,0.19,0.35,Normal
18.31,0.28,0.27,Normal
22.58,0.38,0.33,Normal
12.13,0.01,0.09,Fatigue_Dryness
29.7,0.31,0.02,Normal
16.61,0.2,0.07,Normal
8.01,0.31,0.14,Normal
20,0.14,0.2,Normal
11.69,0.39,0.46,Fatigue_Dryness
23.82,0.36,0.27,Normal
36.18,0.32,0.35,Fatigue_Dryness
12.21,0.35,0.28,Normal
21.16,0.16,0.03,Normal
4.46,0.18,0.25,Fatigue_Dryness
22.13,0.34,0.28,Normal
11.41,0.16,0.4,Fatigue_Dryness
13.5,0.42,0.04,Fatigue_Dryness
9.69,0.21,0,Normal
24.36,0.31,0.29,Normal
26.56,0.5,0.32,Fatigue_Dryness
18.69,0.17,0.21,Normal
11.58,0.26,0.26,Normal
31.22,0.38,0.43,Fatigue_Dryness
12.5,0.36,0.16,Normal
1.2,0.21,0.19,Fatigue_Dryness
22.17,0.19,0.27,Normal
9.66,0.22,0.01,Normal
26.41,0.42,0.22,Fatigue_Dryness
15.45,0.22,0.24,Normal
23.33,0.26,0.58,Fatigue_Dryness
29.71,0.2,0.19,Normal
8.83,0.34,0.29,Normal
13.97,0.27,0.43,Fatigue_Dryness
17.89,0.13,0.08,Normal
30.8,0.13,0.53,Fatigue_Dryness
13.23,0.01,0.6,Fatigue_Dryness
13.74,0.15,0.24,Normal
22.33,0.35,0.14,Normal
13.88,0.41,0.58,Fatigue_Dryness
19.72,0.33,0.41,Fatigue_Dryness
6.09,0.32,0.27,Fatigue_Dryness
36.21,0.24,0.54,Fatigue_Dryness
7.72,0.34,0.51,Fatigue_Dryness
15.93,0.28,0.18,Normal
18.24,0.47,0.3,Fatigue_Dryness
33.8,0.24,0.37,Fatigue_Dryness
7.9,0.41,0.26,Fatigue_Dryness
34.37,0.36,0,Fatigue_Dryness
24.56,0.34,0.06,Normal
21.84,0.01,0,Fatigue_Dryness
10.62,0.36,0.35,Normal
23.07,0.24,0.01,Normal
12.71,0.2,0.29,Normal
28.63,0.07,0.62,Fatigue_Dryness
10.73,0.25,0.54,Fatigue_Dryness
17.59,0.25,0,Normal
14.06,0.09,0,Fatigue_Dryness
10.6,0.07,0.1,Fatigue_Dryness
24.43,0.31,0.02,Normal
22.78,0.36,0,Normal
28.17,0.27,0.25,Normal
4.26,0.39,0.39,Fatigue_Dryness
27.01,0.24,0.44,Fatigue_Dryness
38.54,0.24,0.16,Fatigue_Dryness
14.89,0.14,0.2,Normal
33.66,0.06,0.32,Fatigue_Dryness
16.39,0.47,0.23,Fatigue_Dryness
7.52,0.39,0.41,Fatigue_Dryness
16.05,0.08,0.34,Fatigue_Dryness
26.89,0.27,0.18,Normal
11.79,0.24,0,Normal
13.7,0.22,0.55,Fatigue_Dryness
23.25,0.2,0.11,Normal
18.52,0.3,0.32,Normal
23.18,0.35,0,Normal
20.4,0.3,0.25,Normal
22.34,0.24,0.27,Normal
15.04,0.23,0.28,Normal
20.35,0.36,0.85,Fatigue_Dryness
11.08,0.31,0.12,Normal
28.81,0.26,0.41,Fatigue_Dryness
13.43,0.25,0.36,Normal
27.53,0.29,0.11,Normal
16.63,0.19,0.41,Fatigue_Dryness
20.12,0.35,0.22,Normal
14.54,0.12,0.43,Fatigue_Dryness
10.37,0.2,0.64,Fatigue_Dryness
4.54,0.32,0.28,Fatigue_Dryness
10.06,0.11,0.19,Normal
15.91,0.06,0.46,Fatigue_Dryness
20.2,0.26,0.53,Fatigue_Dryness
26.58,0.05,0.07,Fatigue_Dryness
14.93,0.09,0.16,Fatigue_Dryness
11.44,0.34,0.39,Normal
6.96,0.23,0.22,Fatigue_Dryness
22.34,0.4,0.06,Fatigue_Dryness
29.57,0.11,0.36,Normal
28.63,0.24,0.38,Normal
24.18,0.3,0.18,Normal
23.61,0.11,0.26,Normal
32.08,0.37,0.14,Fatigue_Dryness
21.16,0.31,0.03,Normal
23.67,0.06,0.15,Fatigue_Dryness
15.93,0.25,0.27,Normal
7.6,0.3,0,Normal
13.03,0.18,0.17,Normal
18.43,0.07,0.27,Fatigue_Dryness
18.99,0.28,0.49,Fatigue_Dryness
33.91,0.52,0.19,Fatigue_Dryness
19.15,0.2,0,Normal
27.93,0.44,0.21,Fatigue_Dryness
15.02,0.16,0.14,Normal
16.01,0.28,0.36,Normal
7.87,0.34,0.18,Normal
12.56,0.25,0,Normal
22.72,0.21,0.99,Fatigue_Dryness
18.56,0.34,0.28,Normal
26.04,0.48,0.27,Fatigue_Dryness
19.95,0.29,0,Normal
15.68,0.19,0,Normal
35.69,0.23,0.23,Fatigue_Dryness
17.75,0.55,0.32,Fatigue_Dryness
27.8,0.27,0.39,Normal
15.29,0.18,0.3,Normal
24.18,0.11,0.01,Normal
25.92,0.03,0,Fatigue_Dryness
20.17,0.29,0.23,Normal
1,0.33,0.14,Fatigue_Dryness
18.65,0.2,0,Normal
28.34,0.25,0.42,Fatigue_Dryness
22.72,0.11,0,Normal
22.07,0.27,0.37,Normal
4.72,0.31,0,Fatigue_Dryness
12.74,0.19,0.28,Normal
21.79,0.45,0.44,Fatigue_Dryness
21.78,0.15,0.18,Normal
28.22,0.28,0.59,Fatigue_Dryness
17.34,0.35,0.63,Fatigue_Dryness
21.75,0.24,0.3,Normal
18.63,0.23,0.36,Normal
10.6,0.08,0.46,Fatigue_Dryness
1,0.41,0.36,Fatigue_Dryness
21.95,0.23,0.34,Normal
19.89,0.31,0.15,Normal
13.55,0.33,0,Normal
5.55,0.18,0,Fatigue_Dryness
23.54,0.23,0.73,Fatigue_Dryness
16.37,0.41,0.31,Fatigue_Dryness
22.95,0.12,0.2,Normal
33.41,0.51,0.5,Fatigue_Dryness
1.37,0.16,0.1,Fatigue_Dryness
12.9,0.11,0.37,Normal
16.82,0.27,0.27,Normal
30.14,0.52,0.34,Fatigue_Dryness
5.41,0.02,0.18,Fatigue_Dryness
33.99,0.23,0.06,Fatigue_Dryness
19.59,0.31,0.09,Normal
17.73,0.25,0.09,Normal
16.92,0.3,0.25,Normal
15.01,0.16,0,Normal
26.88,0.18,0,Normal
9.95,0.23,0.28,Normal
21.26,0.11,0.22,Normal
15.43,0.25,0.29,Normal
12.4,0.2,0.24,Normal
39.19,0.19,0.75,Fatigue_Dryness
21.85,0.29,0.28,Normal
23.41,0.03,0.17,Fatigue_Dryness
27.6,0.22,0.27,Normal
7.13,0.53,0.45,Fatigue_Dryness
32.52,0.12,0.24,Fatigue_Dryness
1,0.4,0.39,Fatigue_Dryness
12.35,0.26,0.33,Normal
14.83,0.18,0.19,Normal
23.15,0.09,0.27,Fatigue_Dryness
20.25,0.27,0.57,Fatigue_Dryness
17.17,0.42,0.3,Fatigue_Dryness
18.4,0.2,0.05,Normal
10.68,0.24,0.19,Normal
6.52,0.37,0,Fatigue_Dryness
24.31,0.29,0.28,Normal
24.05,0.06,0.51,Fatigue_Dryness
31.18,0.26,0,Fatigue_Dryness
12.18,0.43,0.28,Fatigue_Dryness
24.04,0.25,0.45,Fatigue_Dryness
16.23,0.01,0.47,Fatigue_Dryness
28.02,0.3,0.51,Fatigue_Dryness
26.68,0.23,0,Normal
20.19,0.03,0.35,Fatigue_Dryness
15.78,0.05,0,Fatigue_Dryness
26.19,0.37,0.05,Normal
23.68,0.16,0.41,Fatigue_Dryness
13.02,0.14,0.28,Normal
7.88,0.25,0.4,Normal
16.19,0.17,0.06,Normal
30.62,0.26,0.55,Fatigue_Dryness
27.67,0.23,0.39,Normal
9.6,0.11,0.43,Fatigue_Dryness
9.16,0.19,0.03,Normal
28.7,0.3,0.48,Fatigue_Dryness
9.41,0.26,0.19,Normal
22.57,0.24,0.13,Normal
13.57,0.48,0.38,Fatigue_Dryness
31.44,0.34,0.37,Fatigue_Dryness
12.34,0.35,0.08,Normal
27.65,0.23,0.66,Fatigue_Dryness
19.98,0.28,0.61,Fatigue_Dryness
20.52,0.2,0.37,Normal
2.74,0.34,0.34,Fatigue_Dryness
1,0.24,0.32,Fatigue_Dryness
16.74,0.28,0,Normal
20.48,0.27,0.27,Normal
9.5,0.25,0.27,Normal
9.79,0.6,0.14,Fatigue_Dryness
22.99,0.17,0.19,Normal
23,0.17,0,Normal
17.4,0.33,0.03,Normal
24.74,0.18,0.43,Fatigue_Dryness
9.11,0.22,0.6,Fatigue_Dryness
15.65,0.12,0.06,Normal
31.68,0.31,0.29,Fatigue_Dryness
19.05,0.31,0.47,Fatigue_Dryness
19.51,0.21,0.15,Normal
36.95,0.34,0.39,Fatigue_Dryness
7.31,0.03,0.24,Fatigue_Dryness
24.87,0.17,0.49,Fatigue_Dryness
31.81,0.23,0,Fatigue_Dryness
15.9,0.11,0.03,Normal
25.38,0.04,0.31,Fatigue_Dryness
10.64,0.21,0.27,Normal
13.01,0.33,0.24,Normal
21.58,0.4,0.37,Fatigue_Dryness
24.89,0.18,0.06,Normal
27.47,0.34,0,Normal
31.06,0.33,0.15,Fatigue_Dryness
17.96,0.4,0.17,Normal
28.05,0.21,0.19,Normal
15.76,0.03,0.5,Fatigue_Dryness
25.72,0.26,0.4,Fatigue_Dryness
20.16,0.13,0.36,Normal
22.07,0.16,0.29,Normal
21.89,0.21,0.16,Normal
5.66,0.21,0.08,Fatigue_Dryness
9.51,0.27,0.01,Normal
19.32,0.33,0.11,Normal
5,0.21,0.24,Fatigue_Dryness
25.15,0.3,0.02,Normal
25.47,0.25,0.28,Normal
21.12,0.36,0.21,Normal
9.53,0.23,0.17,Normal
29.54,0.24,0.48,Fatigue_Dryness
34.8,0.21,0,Fatigue_Dryness
19.68,0.23,0.17,Normal
22.58,0.16,0,Normal
20.11,0.14,0.3,Normal
22.74,0.34,0.4,Fatigue_Dryness
17.54,0.12,0,Normal
18.22,0.21,0.01,Normal
25.75,0.37,0,Normal
37.26,0.21,0.26,Fatigue_Dryness
7.3,0.35,0.18,Normal
17.67,0.18,0.19,Normal
9.06,0.12,0.18,Normal
31.24,0.06,0.06,Fatigue_Dryness
13.8,0.41,0.48,Fatigue_Dryness
6.95,0.11,0.3,Fatigue_Dryness
23.61,0.34,0.01,Normal
32.45,0.13,0.11,Fatigue_Dryness
23.81,0.41,0.08,Fatigue_Dryness
20.14,0.52,0.53,Fatigue_Dryness
21.77,0.05,0.39,Fatigue_Dryness
29.82,0.12,0.23,Normal
11.51,0.34,0.59,Fatigue_Dryness
17.61,0.31,0.54,Fatigue_Dryness
14.88,0.34,0.2,Normal
9.16,0.18,0.17,Normal
15.87,0.49,0.18,Fatigue_Dryness
27.36,0.26,0.06,Normal
23.03,0.1,0.6,Fatigue_Dryness
23.65,0.22,0.05,Normal
19.67,0.11,0.42,Fatigue_Dryness
22.69,0.44,0.39,Fatigue_Dryness
12.1,0.17,0.19,Normal
16.02,0.31,0.61,Fatigue_Dryness
20.04,0.19,0,Normal
20.72,0.18,0.23,Normal
21.06,0.02,0.15,Fatigue_Dryness
17.39,0.32,0.44,Fatigue_Dryness
15.48,0.41,0.32,Fatigue_Dryness
43.76,0.14,0,Fatigue_Dryness
25.75,0.07,0.5,Fatigue_Dryness
21.81,0.35,0.35,Normal
16.63,0.05,0.04,Fatigue_Dryness
14.89,0.4,0.18,Normal
17.45,0.14,0,Normal
20.84,0.12,0.22,Normal
3.46,0.28,0.28,Fatigue_Dryness
5.94,0.13,0.18,Fatigue_Dryness
13.4,0.17,0.16,Normal
20.16,0.29,0,Normal
16.59,0.01,0.32,Fatigue_Dryness
30.32,0.45,0,Fatigue_Dryness
6.64,0.26,0.26,Fatigue_Dryness
12.49,0.1,0,Fatigue_Dryness
30.66,0.13,0.26,Fatigue_Dryness
19.55,0.37,0.25,Normal
25.58,0.32,0.33,Normal
34.91,0.42,0.42,Fatigue_Dryness
12.95,0.17,0.46,Fatigue_Dryness
17.71,0.29,0,Normal
16.32,0.3,0.24,Normal
2.86,0.33,0.65,Fatigue_Dryness
16.02,0.39,0.27,Normal
25.55,0.16,0.08,Normal
22.82,0.24,0.23,Normal
23.45,0.18,0.17,Normal
15.5,0.24,0.02,Normal
13.25,0.33,0.42,Fatigue_Dryness
28.65,0.05,0.37,Fatigue_Dryness
14.52,0.38,0,Normal
20.85,0.11,0.23,Normal
19.81,0.21,0.14,Normal
30.19,0.4,0,Fatigue_Dryness
26.27,0.29,0,Normal
8.14,0.29,0,Normal
9,0.11,0.24,Normal
23.13,0.13,0.16,Normal
17.99,0.36,0.06,Normal
14.86,0.18,0.17,Normal
26.63,0.19,0.4,Normal
20,0.37,0.32,Normal
18.92,0.12,0.45,Fatigue_Dryness
24.74,0.28,0.2,Normal
15.5,0.26,0.57,Fatigue_Dryness
31.05,0.25,0.32,Fatigue_Dryness
12.2,0.19,0.15,Normal
23.76,0.18,0.27,Normal
29.97,0.12,0,Normal
7.48,0.31,0.19,Normal
15.75,0.17,0.34,Normal
27.64,0.37,0.37,Normal
27.76,0.22,0.17,Normal
17.13,0.12,0.8,Fatigue_Dryness
12.62,0.22,0.22,Normal
26.15,0.2,0,Normal
27.97,0.37,0.49,Fatigue_Dryness
9.18,0.21,0.37,Normal
8.87,0.22,0.3,Normal
20.3,0.42,0.16,Fatigue_Dryness
23.53,0.31,0.33,Normal
16.11,0.45,0.57,Fatigue_Dryness
23.93,0.4,0.29,Fatigue_Dryness
12.82,0.14,0,Normal
1.58,0.37,0,Fatigue_Dryness
15.11,0.43,0.33,Fatigue_Dryness
19.01,0.43,0.05,Fatigue_Dryness
16.29,0.37,0.23,Normal
9.23,0.37,0.09,Normal
3.97,0.21,0.07,Fatigue_Dryness
14.39,0.15,0.1,Normal
25.68,0.21,0.12,Normal
28.55,0.05,0.41,Fatigue_Dryness
28,0.41,0.37,Fatigue_Dryness
11.97,0.22,0.01,Normal
9.27,0.41,0.04,Fatigue_Dryness
22.47,0.1,0.33,Normal
23.58,0.38,0.46,Fatigue_Dryness
21.7,0.19,0.46,Fatigue_Dryness
2.39,0.1,0.05,Fatigue_Dryness
11.56,0.45,0.45,Fatigue_Dryness
18.26,0.38,0,Normal
22.4,0.28,0.21,Normal
24.64,0.25,0.35,Normal
19.65,0.3,0,Normal
21.15,0.27,0.67,Fatigue_Dryness
19.18,0.16,0.52,Fatigue_Dryness
23.98,0.2,0.38,Normal
21,0.49,0.06,Fatigue_Dryness
19.03,0.57,0.24,Fatigue_Dryness
16.35,0.44,0.41,Fatigue_Dryness
19.15,0.31,0.03,Normal
22.38,0.21,0.21,Normal
20.64,0.15,0.43,Fatigue_Dryness
21.55,0.16,0,Normal
29.24,0.18,0.32,Normal
20.62,0.51,0,Fatigue_Dryness
13.31,0.47,0.06,Fatigue_Dryness
25.57,0.34,0.15,Normal
7.57,0.14,0.35,Normal
9.85,0.36,0.11,Normal
21.19,0.22,0.28,Normal
22.63,0.01,0.11,Fatigue_Dryness
8.54,0.28,0.14,Normal
15.44,0.15,0.5,Fatigue_Dryness
13.65,0.15,0.02,Normal
14.61,0.22,0.4,Fatigue_Dryness
26.05,0.19,0.25,Normal
24.15,0.25,0.14,Normal
18.35,0.24,0.01,Normal
14.13,0.03,0.02,Fatigue_Dryness
7.7,0.43,0.1,Fatigue_Dryness
29.86,0.13,0.22,Normal
23.24,0.14,0.37,Normal
12.85,0.21,0.19,Normal
24.26,0.24,0.2,Normal
17.94,0.43,0.23,Fatigue_Dryness
16.2,0.28,0.35,Normal
21.98,0.32,0.38,Normal
12.57,0.28,0,Normal
15.75,0.28,0.19,Normal
19.47,0.29,0.5,Fatigue_Dryness
14.5,0.02,0,Fatigue_Dryness
23.85,0.22,0.27,Normal
33.45,0.39,0.22,Fatigue_Dryness
12.47,0.72,0.14,Fatigue_Dryness
5.18,0.11,0.57,Fatigue_Dryness
2.49,0.3,0.26,Fatigue_Dryness
17.3,0.18,0.55,Fatigue_Dryness
13.19,0.5,0.25,Fatigue_Dryness
20.16,0.09,0.34,Fatigue_Dryness
19.56,0.33,0.14,Normal
5.67,0.08,0.14,Fatigue_Dryness
3.98,0.21,0.33,Fatigue_Dryness
20.87,0.25,0.34,Normal
19.58,0.38,0.37,Normal
15.09,0.12,0.33,Normal
5.24,0.33,0,Fatigue_Dryness
22.27,0.25,0.09,Normal
28.68,0.28,0.42,Fatigue_Dryness
20.72,0.37,0,Normal
11.72,0.1,0.31,Fatigue_Dryness
18.86,0.35,0.23,Normal
7.57,0.18,0.42,Fatigue_Dryness
26.96,0.38,0.33,Normal
19.15,0.29,0.12,Normal
4.35,0.23,0.11,Fatigue_Dryness
16.09,0.18,0.15,Normal
22.21,0.35,0.37,Normal
15.84,0.4,0,Fatigue_Dryness
16.29,0.19,0.28,Normal
8.7,0.11,0.07,Normal
23.03,0.33,0.29,Normal
13.31,0.08,0.32,Fatigue_Dryness
1.25,0.09,0,Fatigue_Dryness
15.53,0.12,0.21,Normal
26.35,0.2,0.28,Normal
15.4,0.09,0.27,Fatigue_Dryness
32.4,0.02,0.23,Fatigue_Dryness
21.93,0.11,0.01,Normal
21.21,0.33,0.04,Normal
17.47,0.1,0,Fatigue_Dryness
17.95,0.21,0.36,Normal
16.39,0.48,0.23,Fatigue_Dryness
16.08,0.24,0.24,Normal
22.75,0.29,0,Normal
11.01,0.14,0.24,Normal
9.89,0.51,0.38,Fatigue_Dryness
9.51,0.19,0,Normal
34.87,0.22,0.14,Fatigue_Dryness
22.74,0.41,0,Fatigue_Dryness
20.94,0.23,0.17,Normal
10.04,0.26,0.07,Normal
23.49,0.22,0.33,Normal
17.57,0.22,0.28,Normal
20.21,0.29,0.51,Fatigue_Dryness
10.69,0.32,0.24,Normal
19.78,0.17,0.32,Normal
15.11,0.16,0.14,Normal
12.38,0.18,0.03,Normal
24.37,0.08,0.42,Fatigue_Dryness
6.2,0.06,0.5,Fatigue_Dryness
23.02,0.29,0.39,Normal
23.98,0.36,0.28,Normal
11.46,0.36,0.06,Normal
11.94,0.01,0.48,Fatigue_Dryness
16.72,0.22,0.37,Normal
20.76,0.12,0.66,Fatigue_Dryness
17.28,0.27,0.02,Normal
21.97,0.2,0.42,Fatigue_Dryness
32.6,0.32,0.36,Fatigue_Dryness
14.44,0.25,0.18,Normal
4.78,0.02,0.52,Fatigue_Dryness
25.11,0.13,0.33,Normal
31.97,0.25,0.06,Fatigue_Dryness
21.64,0.26,0.23,Normal
9.8,0.08,0.06,Fatigue_Dryness
17.51,0.07,0.16,Fatigue_Dryness
9.55,0.26,0.39,Normal
23.64,0.08,0.45,Fatigue_Dryness
7.69,0.05,0.29,Fatigue_Dryness
16.1,0.2,0.1,Normal
10.47,0.19,0.33,Normal
19.51,0.15,0.4,Normal
15.57,0.17,0,Normal
19.91,0.25,0.27,Normal
18.68,0.16,0.21,Normal
10.61,0.26,0.44,Fatigue_Dryness
23.52,0.2,0.33,Normal
18.11,0.27,0.35,Normal
10.59,0.36,0.15,Normal
36.43,0.35,0.25,Fatigue_Dryness
22.31,0.41,0.44,Fatigue_Dryness
17.27,0.35,0.24,Normal
29.82,0.28,0.29,Normal
33.23,0.2,0,Fatigue_Dryness
17.34,0.2,0.24,Normal
21.28,0.15,0,Normal
10.6,0.25,0.15,Normal
17.32,0.33,0.26,Normal
16.91,0.16,0.4,Fatigue_Dryness
19.98,0.25,0.05,Normal
21.16,0.17,0.33,Normal
22.98,0.28,0.54,Fatigue_Dryness
20.4,0.18,0.12,Normal
8.81,0.16,0,Normal
10.99,0.17,0.31,Normal
14.13,0.31,0.01,Normal
16.24,0.24,0.09,Normal
26.91,0.2,0.44,Fatigue_Dryness
9.2,0.28,0.63,Fatigue_Dryness
15.64,0.2,0.05,Normal
26.12,0.39,0.1,Normal
16.1,0.13,0.16,Normal
22.18,0.23,0.14,Normal
17.38,0.08,0.64,Fatigue_Dryness
20.55,0.21,0.14,Normal
16.67,0.05,0.17,Fatigue_Dryness
23.84,0.34,0.57,Fatigue_Dryness
6.14,0.34,0.37,Fatigue_Dryness
15.59,0.34,0.45,Fatigue_Dryness
20.87,0.25,0.07,Normal
22.77,0.14,0.14,Normal
30.44,0.15,0.04,Fatigue_Dryness
15.37,0.43,0.41,Fatigue_Dryness
30.34,0.42,0.5,Fatigue_Dryness
13.23,0.27,0.13,Normal
29.13,0.19,0.18,Normal
25.04,0.41,0.19,Fatigue_Dryness
11.19,0.17,0,Normal
20.96,0.28,0.12,Normal
18.09,0.41,0.41,Fatigue_Dryness
23.5,0.15,0.08,Normal
16.71,0.35,0.27,Normal
16.04,0.31,0,Normal
29.45,0.25,0.22,Normal
17.71,0.13,0.14,Normal
25.11,0.16,0.01,Normal
16.7,0.29,0.41,Fatigue_Dryness
31.83,0.08,0.42,Fatigue_Dryness
13.07,0.27,0.06,Normal
13.59,0.32,0.21,Normal
30.7,0.37,0.26,Fatigue_Dryness
14.94,0.08,0,Fatigue_Dryness
31.31,0.41,0,Fatigue_Dryness
25.63,0.45,0.51,Fatigue_Dryness
17.26,0.3,0.04,Normal
3.99,0.13,0.5,Fatigue_Dryness
18.35,0.21,0,Normal
19.31,0.24,0.38,Normal
27.84,0.28,0.19,Normal
31.21,0.25,0.22,Fatigue_Dryness
13.02,0.28,0.62,Fatigue_Dryness
24.91,0.24,0,Normal
24.62,0.28,0.37,Normal
27.09,0.2,0.36,Normal
22.49,0.21,0.92,Fatigue_Dryness
2.96,0.18,0.04,Fatigue_Dryness
17.26,0.48,0.13,Fatigue_Dryness
9.25,0.43,0.41,Fatigue_Dryness
16.88,0.32,0.21,Normal
26.34,0.41,0.16,Fatigue_Dryness
20.94,0.35,0.44,Fatigue_Dryness
27.68,0.27,0.2,Normal
21.23,0.07,0.07,Fatigue_Dryness
8.11,0.22,0.4,Normal
1,0.21,0.33,Fatigue_Dryness
19.69,0.11,0.19,Normal
16.79,0.07,0.18,Fatigue_Dryness
10.68,0.31,0.07,Normal
4.89,0.29,0.4,Fatigue_Dryness
12.62,0.11,0.18,Normal
16.94,0.16,0.1,Normal
23.83,0.39,0,Normal
20.01,0.15,0.33,Normal
31.36,0.27,0.15,Fatigue_Dryness
10.22,0.23,0,Normal
25.55,0.31,0.01,Normal
18.88,0.15,0.2,Normal
24.06,0.26,0.21,Normal
15.01,0.27,0.2,Normal
27.07,0.28,0.17,Normal
20.86,0.26,0,Normal
13.06,0.29,0.08,Normal
18.4,0.51,0.49,Fatigue_Dryness
16.58,0.56,0.46,Fatigue_Dryness
22.41,0.17,0.37,Normal
9.06,0.01,0.35,Fatigue_Dryness
18.27,0.32,0.43,Fatigue_Dryness
21.66,0.27,0.03,Normal
18.76,0.38,0.26,Normal
29.28,0.28,0.03,Normal
24.69,0.26,0.03,Normal
18.44,0.39,0.32,Normal
20.23,0.4,0.44,Fatigue_Dryness
20.87,0.08,0.21,Fatigue_Dryness
21.73,0.15,0.58,Fatigue_Dryness
3.89,0.24,0.29,Fatigue_Dryness
16.09,0.26,0.1,Normal
6.62,0.22,0.03,Fatigue_Dryness
28.73,0.3,0.45,Fatigue_Dryness
18.01,0.37,0.28,Normal
16.95,0.46,0.39,Fatigue_Dryness
25.67,0.32,0,Normal
21.88,0.15,0.3,Normal
9.47,0.23,0.15,Normal
17.93,0.24,0,Normal
15.82,0.31,0.24,Normal
4.54,0.3,0.47,Fatigue_Dryness
12.98,0.5,0.7,Fatigue_Dryness
17.03,0.2,0.3,Normal
17.58,0.3,0.11,Normal
6.64,0.53,0.1,Fatigue_Dryness
27.71,0.18,0.44,Fatigue_Dryness
17.68,0.27,0.05,Normal
18.8,0.14,0.37,Normal
21.71,0.26,0.31,Normal
12.2,0.16,0.29,Normal
22.15,0.38,0,Normal
15.56,0.27,0.18,Normal
11.33,0.14,0,Normal
23.09,0.35,0.13,Normal
30.43,0.27,0.43,Fatigue_Dryness
24.3,0.36,0.5,Fatigue_Dryness
25.88,0.11,0.29,Normal
14.33,0.29,0.14,Normal
5.72,0.34,0.57,Fatigue_Dryness
30.42,0.2,0.13,Fatigue_Dryness
34.94,0.1,0.02,Fatigue_Dryness
30.84,0.25,0.39,Fatigue_Dryness
15.81,0.4,0.34,Normal
9.26,0.39,0.14,Normal
9.97,0.2,0.27,Normal
5.03,0.1,0.34,Fatigue_Dryness
17.64,0.2,0.29,Normal
31.35,0.19,0.34,Fatigue_Dryness
17.37,0.3,0.15,Normal
20.92,0.24,0.36,Normal
29.5,0.16,0.25,Normal
15.27,0.38,0.16,Normal
34.78,0.27,0.2,Fatigue_Dryness
34.44,0.3,0.23,Fatigue_Dryness
17.45,0.04,0,Fatigue_Dryness
13.88,0.01,0.12,Fatigue_Dryness
24.08,0.08,0.26,Fatigue_Dryness
15.72,0.19,0,Normal
9.25,0.32,0.13,Normal
28.75,0.01,0.73,Fatigue_Dryness
28.23,0.44,0.02,Fatigue_Dryness
19.74,0.27,0.17,Normal
8.4,0.41,0.08,Fatigue_Dryness
8.66,0.14,0.23,Normal
19.36,0.31,0.09,Normal
14.5,0.26,0.2,Normal
15.77,0.35,0.11,Normal
26.68,0.22,0.46,Fatigue_Dryness
24.37,0.31,0.27,Normal
29.53,0.38,0.05,Normal
10.58,0.17,0.42,Fatigue_Dryness
15.75,0.28,0.06,Normal
24.57,0.02,0,Fatigue_Dryness
22.08,0.33,0.25,Normal
30.76,0.49,0.63,Fatigue_Dryness
21.86,0.1,0,Normal
33.28,0.24,0,Fatigue_Dryness
22.82,0.36,0.4,Fatigue_Dryness
27,0.25,0.12,Normal
15.91,0.27,0.37,Normal
18.61,0.2,0.08,Normal
25.79,0.2,0.28,Normal
31.4,0.24,0.6,Fatigue_Dryness
24.33,0.26,0.01,Normal
17.83,0.11,0.46,Fatigue_Dryness
29.52,0.24,0.39,Normal
1,0.44,0,Fatigue_Dryness
7.12,0.2,0.36,Normal
23.95,0.1,0.27,Normal
18.61,0.23,0.27,Normal
23.34,0.16,0.32,Normal
19.02,0.09,0.18,Fatigue_Dryness
23.07,0.27,0.26,Normal
11.98,0.17,0.3,Normal
23.06,0.18,0.4,Normal
26.46,0.27,0,Normal
28.26,0.07,0.51,Fatigue_Dryness
34.61,0.04,0.02,Fatigue_Dryness
20.45,0.33,0.4,Fatigue_Dryness
20.69,0.02,0.27,Fatigue_Dryness
6.31,0.13,0,Fatigue_Dryness
14.25,0.03,0.36,Fatigue_Dryness
16.96,0.19,0.06,Normal
26.9,0.3,0.46,Fatigue_Dryness
13.61,0.26,0.11,Normal
24.87,0.54,0,Fatigue_Dryness
18.49,0.38,0.56,Fatigue_Dryness
17.08,0.14,0.29,Normal
20.49,0.11,0.42,Fatigue_Dryness
15.37,0.58,0.08,Fatigue_Dryness
15.07,0.38,0,Normal
4.86,0.32,0.59,Fatigue_Dryness
16.52,0.26,0.25,Normal
14.66,0.28,0.35,Normal
14.37,0.07,0.38,Fatigue_Dryness
21.83,0.27,0.18,Normal
23.77,0.26,0.3,Normal
20.36,0.14,0.57,Fatigue_Dryness
26.46,0.19,0.24,Normal
23.1,0.43,0.44,Fatigue_Dryness
16.14,0.24,0,Normal
14.8,0.5,0.48,Fatigue_Dryness
21,0.04,0,Fatigue_Dryness
23.09,0.19,0.45,Fatigue_Dryness
29.68,0.06,0.33,Fatigue_Dryness
28.03,0.11,0.23,Normal
14.17,0.15,0.23,Normal
17.68,0.29,0.2,Normal
23.87,0.28,0.09,Normal
27.04,0.17,0.21,Normal
26.01,0.01,0.69,Fatigue_Dryness
17.99,0.43,0.51,Fatigue_Dryness
8.47,0.22,0.08,Normal
10.51,0.12,0.3,Normal
20.68,0.28,0.27,Normal
21.24,0.28,0.22,Normal
9.71,0.21,0.05,Normal
18.86,0.27,0.34,Normal
23.55,0.11,0.42,Fatigue_Dryness
9.29,0.34,0.08,Normal
27.34,0.13,0.64,Fatigue_Dryness
15.48,0.18,0.55,Fatigue_Dryness
28.56,0.33,0.36,Normal
14.23,0.39,0,Normal
10.29,0.44,0.33,Fatigue_Dryness
14.83,0.38,0.31,Normal
17.74,0.21,0.35,Normal
15.39,0.07,0.57,Fatigue_Dryness
16.77,0.42,0.22,Fatigue_Dryness
21.17,0.41,0.66,Fatigue_Dryness
17.13,0.17,0.33,Normal
17.97,0.36,0.19,Normal
4.83,0.21,0.73,Fatigue_Dryness
21.63,0.43,0.42,Fatigue_Dryness
17.79,0.19,0.16,Normal
31.38,0.49,0.27,Fatigue_Dryness
10.98,0.34,0.38,Normal
4.03,0.47,0.22,Fatigue_Dryness
23.44,0.19,0.28,Normal
21.27,0.3,0.09,Normal
10.43,0.13,0,Normal
6.26,0.35,0.27,Fatigue_Dryness
30.8,0.36,0.28,Fatigue_Dryness
29.81,0.54,0.36,Fatigue_Dryness
1,0.31,0.14,Fatigue_Dryness
14.83,0.34,0,Normal
31.81,0.19,0.06,Fatigue_Dryness
14.69,0.32,0.46,Fatigue_Dryness
14.58,0.2,0.12,Normal
16.24,0.26,0.16,Normal
9.53,0.27,0.19,Normal
4.86,0.21,0.13,Fatigue_Dryness
26.92,0.26,0.11,Normal
3.76,0.21,0.08,Fatigue_Dryness
20.48,0.2,0.53,Fatigue_Dryness
25.59,0.38,0.39,Normal
6.89,0.27,0.5,Fatigue_Dryness
11.11,0.29,0.54,Fatigue_Dryness
28.21,0.08,0,Fatigue_Dryness
22.76,0.3,0.32,Normal
13.56,0.31,0.13,Normal
28.12,0.2,0.47,Fatigue_Dryness
28.15,0.5,0.1,Fatigue_Dryness
20.65,0.01,0.04,Fatigue_Dryness
11.3,0.34,0,Normal
15.19,0.34,0.19,Normal
20.79,0.32,0.43,Fatigue_Dryness
16.99,0.27,0.3,Normal
26.01,0.32,0.01,Normal
6.26,0.35,0.68,Fatigue_Dryness
6.55,0.16,0.38,Fatigue_Dryness
19.95,0.29,0.41,Fatigue_Dryness
14.57,0.23,0.51,Fatigue_Dryness
13.48,0.12,0,Normal
4.36,0.34,0.07,Fatigue_Dryness
18.66,0.18,0.42,Fatigue_Dryness
18.08,0.07,0.09,Fatigue_Dryness
23.73,0.19,0.2,Normal
19.05,0.15,0.23,Normal
17.44,0.37,0,Normal
27.92,0.27,0.18,Normal
8,0.42,0.43,Fatigue_Dryness
22.79,0.17,0.4,Normal
5.13,0.36,0.47,Fatigue_Dryness
11.79,0.59,0.45,Fatigue_Dryness
8.8,0.29,0.33,Normal
24.76,0.35,0.32,Normal
17.98,0.33,0.3,Normal
18.39,0.08,0.13,Fatigue_Dryness
9.65,0.32,0.04,Normal
16.1,0.29,0.11,Normal
12.39,0.22,0.19,Normal
21.57,0.14,0.12,Normal
10.57,0.33,0.33,Normal
29.14,0.13,0.29,Normal
5.1,0.51,0.31,Fatigue_Dryness
12.05,0.26,0.32,Normal
31.92,0.1,0.49,Fatigue_Dryness
15.02,0.19,0.25,Normal
7.98,0.22,0.45,Fatigue_Dryness
20.25,0.54,0.35,Fatigue_Dryness
14.7,0.14,0.48,Fatigue_Dryness
11.81,0.24,0.57,Fatigue_Dryness
9.73,0.19,0.37,Normal
40.65,0.31,0.27,Fatigue_Dryness
16.49,0.19,0.27,Normal
3.1,0.11,0.16,Fatigue_Dryness
30.45,0.23,0.15,Fatigue_Dryness
23.39,0.21,0.43,Fatigue_Dryness
12.37,0.18,0.06,Normal
11.04,0.19,0.57,Fatigue_Dryness
23.89,0.39,0.22,Normal
16.52,0.21,0.82,Fatigue_Dryness
3.09,0.11,0.11,Fatigue_Dryness
32.8,0.2,0.3,Fatigue_Dryness
15.03,0.26,0.18,Normal
30.46,0.09,0.09,Fatigue_Dryness
28.73,0.45,0.46,Fatigue_Dryness
10.49,0.35,0.03,Normal
26.77,0.42,0.12,Fatigue_Dryness
13.29,0.3,0.37,Normal
3.57,0.01,0.4,Fatigue_Dryness
15.1,0.43,0,Fatigue_Dryness
21.68,0.15,0.37,Normal
14.8,0.16,0.28,Normal
16.04,0.27,0.07,Normal
27.65,0.42,0.09,Fatigue_Dryness
19.35,0.38,0,Normal
11.75,0.36,0.59,Fatigue_Dryness
24.12,0.21,0.45,Fatigue_Dryness
20.08,0.21,0,Normal
1,0.29,0.41,Fatigue_Dryness
21.93,0.23,0.14,Normal
21.63,0.36,0.43,Fatigue_Dryness
18.66,0.35,0.15,Normal
25.63,0.32,0.18,Normal
13.12,0.01,0.19,Fatigue_Dryness
21.19,0.27,0.12,Normal
5.96,0.24,0.53,Fatigue_Dryness
21.76,0.27,0.43,Fatigue_Dryness
34.12,0.16,0.27,Fatigue_Dryness
10.54,0.09,0.46,Fatigue_Dryness
12.42,0.31,0,Normal
12.82,0.21,0,Normal
19.54,0.32,0.35,Normal
10,0.17,0.4,Normal
21.87,0.42,0.31,Fatigue_Dryness
25.27,0.37,0,Normal
22.77,0.29,0.04,Normal
4.35,0.22,0.33,Fatigue_Dryness
26.46,0.35,0.74,Fatigue_Dryness
26,0.3,0.49,Fatigue_Dryness
25.14,0.28,0.57,Fatigue_Dryness
21.48,0.38,0.32,Normal
20.26,0.42,0.32,Fatigue_Dryness
26.76,0.1,0.04,Normal
33.89,0.12,0.44,Fatigue_Dryness
10.88,0.16,0.24,Normal
27.13,0.07,0.39,Fatigue_Dryness
17.81,0.24,0.26,Normal
17.46,0.32,0.31,Normal
6.21,0.25,0.23,Fatigue_Dryness
16.22,0.19,0.3,Normal
10.52,0.39,0.45,Fatigue_Dryness
14.79,0.27,0,Normal
9.71,0.29,0,Normal
14.91,0.39,0.34,Normal
15.25,0.24,0.54,Fatigue_Dryness
19.27,0.5,0.59,Fatigue_Dryness
5.58,0.2,0.01,Fatigue_Dryness
6.94,0.49,0.17,Fatigue_Dryness
21.4,0.13,0,Normal
12.12,0.31,0.14,Normal
27.1,0.17,0.48,Fatigue_Dryness
20.3,0.38,0.25,Normal
23.35,0.19,0.18,Normal
29.79,0.29,0.36,Normal
16.02,0.17,0.09,Normal
13.9,0.36,0.57,Fatigue_Dryness
25.47,0.17,0.25,Normal
22.58,0.45,0.17,Fatigue_Dryness
17,0.13,0.37,Normal
29.63,0.09,0.44,Fatigue_Dryness
16.8,0.36,0.57,Fatigue_Dryness
18.76,0.18,0.21,Normal
18.67,0.25,0.47,Fatigue_Dryness
11.02,0.21,0.27,Normal
19.12,0.09,0.13,Fatigue_Dryness
29.67,0.24,0.1,Normal
22.06,0.4,0.03,Fatigue_Dryness
18.75,0.37,0.1,Normal
17.21,0.28,0.47,Fatigue_Dryness
21.15,0.38,0.39,Normal
24.5,0.12,0,Normal
23.37,0.21,0,Normal
15.85,0.3,0.03,Normal
21.1,0.23,0.1,Normal
22.34,0.22,0.19,Normal
10.44,0.11,0.49,Fatigue_Dryness
19.85,0.01,0.14,Fatigue_Dryness
1.21,0.35,0.59,Fatigue_Dryness
22.36,0.28,0,Normal
23.78,0.36,0.18,Normal
24.48,0.2,0.41,Fatigue_Dryness
15.34,0.16,0.42,Fatigue_Dryness
20.97,0.25,0.18,Normal
29.89,0.35,0.45,Fatigue_Dryness
29.81,0.22,0.41,Fatigue_Dryness
18.27,0.35,0.11,Normal
19.61,0.13,0.31,Normal
27.39,0.23,0.39,Normal
6.49,0.24,0.13,Fatigue_Dryness
15.92,0.4,0.59,Fatigue_Dryness
29.18,0.28,0.08,Normal
26.3,0.46,0.28,Fatigue_Dryness
21.45,0.09,0,Fatigue_Dryness
6.45,0.27,0.27,Fatigue_Dryness
18.1,0.27,0.04,Normal
13.78,0.32,0.19,Normal
21.15,0.15,0,Normal
12.03,0.45,0.41,Fatigue_Dryness
10.29,0.25,0.32,Normal
1.98,0.12,0.47,Fatigue_Dryness
28.27,0.25,0.18,Normal
15.3,0.21,0.48,Fatigue_Dryness
19.76,0.58,0.26,Fatigue_Dryness
18.48,0.38,0.27,Normal
9.96,0.26,0.67,Fatigue_Dryness
8.43,0.24,0.15,Normal
10.46,0.36,0.5,Fatigue_Dryness
12.71,0.37,0.35,Normal
21.43,0.01,0.14,Fatigue_Dryness
12.13,0.33,0,Normal
32.47,0.25,0.04,Fatigue_Dryness
26.72,0.09,0.48,Fatigue_Dryness
24.97,0.36,0.6,Fatigue_Dryness
17.54,0.52,0.27,Fatigue_Dryness
30.61,0.32,0.28,Fatigue_Dryness
16.76,0.38,0.41,Fatigue_Dryness
18.25,0.47,0.27,Fatigue_Dryness
19.86,0.15,0.47,Fatigue_Dryness
24.11,0.03,0.31,Fatigue_Dryness
23.6,0.33,0.28,Normal
14.7,0.22,0.11,Normal
14.24,0.09,0.06,Fatigue_Dryness
23.62,0.24,0,Normal
24.22,0.34,0.5,Fatigue_Dryness
15.35,0.23,0.22,Normal
5.8,0.16,0.17,Fatigue_Dryness
16.84,0.22,0,Normal
23.49,0.25,0.12,Normal
32.94,0.02,0.1,Fatigue_Dryness
8.92,0.23,0.09,Normal
15.09,0.09,0.32,Fatigue_Dryness
15.38,0.33,0.27,Normal
29.35,0.06,0,Fatigue_Dryness
18.22,0.37,0,Normal
11.24,0.2,0,Normal
22.97,0.19,0.61,Fatigue_Dryness
15.26,0.29,0.55,Fatigue_Dryness
8.7,0.15,0.08,Normal
11.36,0.28,0,Normal
32.37,0.16,0.28,Fatigue_Dryness
21.57,0.18,0.26,Normal
19.36,0.3,0.31,Normal
16.5,0.11,0.4,Normal
20.84,0.1,0.34,Fatigue_Dryness
20.74,0.28,0.03,Normal
20.84,0.25,0.31,Normal
19.42,0.27,0.42,Fatigue_Dryness
25.45,0.29,0.11,Normal
18.68,0.26,0.31,Normal
10.68,0.32,0.14,Normal
13.6,0.26,0.65,Fatigue_Dryness
2.67,0.01,0,Fatigue_Dryness
34.71,0.04,0.48,Fatigue_Dryness
25.4,0.48,0,Fatigue_Dryness
11.86,0.25,0.61,Fatigue_Dryness
16.25,0.36,0.02,Normal
13.4,0.21,0.29,Normal
30.84,0.24,0,Fatigue_Dryness
7.14,0.2,0,Normal
19.42,0.55,0.43,Fatigue_Dryness
17.63,0.28,0.46,Fatigue_Dryness
25.11,0.19,0.3,Normal
17.67,0.05,0.4,Fatigue_Dryness
4.43,0.49,0.46,Fatigue_Dryness
16.49,0.23,0.11,Normal
10.72,0.34,0,Normal
19.14,0.35,0.25,Normal
29.97,0.19,0.14,Normal
4.58,0.33,0.33,Fatigue_Dryness
12.1,0.18,0.36,Normal
14.08,0.13,0.11,Normal
15.45,0.39,0.39,Normal
24.42,0.23,0.38,Normal
17.11,0.31,0.4,Normal
21.83,0.3,0.17,Normal
13.49,0.33,0.41,Fatigue_Dryness
20.34,0.06,0.35,Fatigue_Dryness
24.72,0.18,0.38,Normal
12.64,0.21,0.59,Fatigue_Dryness
24.75,0.15,0.32,Normal
18.92,0.3,0.13,Normal
26.86,0.39,0.03,Normal
16.89,0.41,0.48,Fatigue_Dryness
21.55,0.21,0.32,Normal
18.18,0.29,0.58,Fatigue_Dryness
17.73,0.3,0,Normal
20.57,0.33,0.43,Fatigue_Dryness
22.79,0.15,0.2,Normal
8.5,0.47,0.18,Fatigue_Dryness
29.97,0.36,0.1,Normal
3.62,0.36,0.43,Fatigue_Dryness
13.02,0.39,0.37,Normal
17.75,0.31,0.02,Normal
21.8,0.13,0.28,Normal
31.11,0.23,0.39,Fatigue_Dryness
3.63,0.05,0.29,Fatigue_Dryness
14.44,0.3,0.47,Fatigue_Dryness
1.49,0.23,0.19,Fatigue_Dryness
18.75,0.25,0,Normal
20.67,0.39,0.29,Normal
31.23,0.2,0.29,Fatigue_Dryness
19.47,0.22,0.31,Normal
26.85,0.25,0.47,Fatigue_Dryness
23.17,0.03,0,Fatigue_Dryness
15.02,0.22,0.2,Normal
7.23,0.01,0.07,Fatigue_Dryness
20.7,0.18,0.01,Normal
6.56,0.35,0.24,Fatigue_Dryness
28.86,0.3,0.39,Normal
17.2,0.18,0.31,Normal
28.06,0.26,0.11,Normal
14.66,0.12,0.22,Normal
20.65,0.25,0.44,Fatigue_Dryness
20.17,0.6,0.39,Fatigue_Dryness
18.14,0.47,0.14,Fatigue_Dryness
15.04,0.26,0.13,Normal
21.64,0.27,0,Normal
11.09,0.13,0.16,Normal
8.82,0.15,0,Normal
28.44,0.29,0.66,Fatigue_Dryness
24.32,0.19,0.08,Normal
19.03,0.36,0.47,Fatigue_Dryness
31.82,0.44,0.61,Fatigue_Dryness
16.36,0.29,0.29,Normal
29.08,0.26,0.23,Normal
19.9,0.05,0,Fatigue_Dryness
10.3,0.34,0.15,Normal
33.28,0.11,0.57,Fatigue_Dryness
26.43,0.2,0.32,Normal
17.53,0.37,0.26,Normal
24.32,0.37,0.51,Fatigue_Dryness
15.27,0.19,0.39,Normal
25.13,0.2,0.22,Normal
1,0.17,0.29,Fatigue_Dryness
10.34,0.11,0.1,Normal
26.33,0.17,0.14,Normal
16.5,0.06,0.21,Fatigue_Dryness
20.16,0.33,0.36,Normal
7.73,0.3,0,Normal
33.28,0.32,0.27,Fatigue_Dryness
28.02,0.14,0.17,Normal
16.89,0.11,0.07,Normal
15.26,0.26,0.17,Normal
26.74,0.26,0,Normal
34.36,0.23,0.1,Fatigue_Dryness
26.13,0.22,0.03,Normal
35.87,0.46,0.19,Fatigue_Dryness
11.12,0.3,0,Normal
11.94,0.49,0.29,Fatigue_Dryness
8.99,0.4,0.43,Fatigue_Dryness
22.03,0.45,0.23,Fatigue_Dryness
19.9,0.12,0.35,Normal
17.28,0.32,0.15,Normal
24.97,0.2,0,Normal
28.36,0.05,0.25,Fatigue_Dryness
6.29,0.43,0.39,Fatigue_Dryness
13.72,0.22,0,Normal
25.06,0.12,0.16,Normal
14.76,0.2,0.2,Normal
12.11,0.15,0.82,Fatigue_Dryness
26.65,0.17,0.3,Normal
8.18,0.22,0,Normal
16.09,0.46,0,Fatigue_Dryness
21.13,0.17,0.4,Normal
13.91,0.45,0.75,Fatigue_Dryness
24.77,0.35,0.19,Normal
13.95,0.3,0.18,Normal
29.77,0.34,0.34,Normal
17.49,0.25,0.09,Normal
23.87,0.4,0,Fatigue_Dryness
24.47,0.32,0.46,Fatigue_Dryness
13.48,0.05,0.13,Fatigue_Dryness
2.07,0.29,0.46,Fatigue_Dryness
21.39,0.34,0.1,Normal
19.08,0.22,0.27,Normal
22.95,0.27,0.42,Fatigue_Dryness
16.69,0.18,0.46,Fatigue_Dryness
15.06,0.09,0.3,Fatigue_Dryness
34.57,0.06,0.29,Fatigue_Dryness
6.72,0.07,0.37,Fatigue_Dryness
24.37,0.33,0.34,Normal
13.9,0.01,0,Fatigue_Dryness
15.81,0.17,0,Normal
15.96,0.16,0,Normal
12.07,0.22,0.4,Fatigue_Dryness
23.07,0.03,0.17,Fatigue_Dryness
29.63,0.3,0.41,Fatigue_Dryness
22.26,0.1,0.33,Fatigue_Dryness
19.33,0.39,0.05,Normal
10.61,0.18,0.23,Normal
22.63,0.24,0.16,Normal
35.75,0.25,0.13,Fatigue_Dryness
15.45,0.28,0.43,Fatigue_Dryness
15.49,0.25,0.75,Fatigue_Dryness
14.01,0.2,0.47,Fatigue_Dryness
14.58,0.29,0.25,Normal
1,0.31,0.5,Fatigue_Dryness
21.74,0.16,0.59,Fatigue_Dryness
11.74,0.3,0,Normal
5.62,0.39,0.5,Fatigue_Dryness
24.53,0.34,0.4,Fatigue_Dryness
9.84,0.36,0.49,Fatigue_Dryness
15.79,0.27,0.41,Fatigue_Dryness
30.23,0.14,0.2,Fatigue_Dryness
7.23,0.15,0.66,Fatigue_Dryness
6.24,0.29,0.32,Fatigue_Dryness
20.65,0.36,0.16,Normal
27.7,0.58,0.35,Fatigue_Dryness
5.91,0.37,0.44,Fatigue_Dryness
21.76,0.11,0.27,Normal
23.15,0.16,0.33,Normal
2.03,0.52,0.27,Fatigue_Dryness
24.89,0.22,0.12,Normal
25.51,0.26,0.09,Normal
16.01,0.14,0,Normal
28.52,0.44,0.55,Fatigue_Dryness
27.59,0.31,0.21,Normal
19.32,0.16,0,Normal
14.89,0.13,0.33,Normal
10.72,0.29,0.33,Normal
18.2,0.26,0,Normal
23.06,0.35,0.08,Normal
15.91,0.32,0.08,Normal
1,0.22,0.1,Fatigue_Dryness
28.65,0.19,0.49,Fatigue_Dryness
20.02,0.23,0.22,Normal
15.46,0.18,0.17,Normal
25.36,0.23,0.47,Fatigue_Dryness
30.7,0.25,0.35,Fatigue_Dryness
1,0.14,0,Fatigue_Dryness
21.97,0.33,0.13,Normal
7.09,0.21,0.31,Normal
22.49,0.15,0.06,Normal
19.52,0.21,0.66,Fatigue_Dryness
23.59,0.28,0.27,Normal
14.51,0.26,0.1,Normal
3.51,0.3,0.03,Fatigue_Dryness
14.9,0.36,0.44,Fatigue_Dryness
21.75,0.41,0.12,Fatigue_Dryness
26.62,0.28,0.33,Normal
9.13,0.12,0.02,Normal
26.72,0.22,0.26,Normal
13.32,0.13,0.12,Normal
21.4,0.45,0.19,Fatigue_Dryness
14.42,0.49,0.09,Fatigue_Dryness
19.96,0.33,0.46,Fatigue_Dryness
25.64,0.35,0.15,Normal
8.68,0.28,0.22,Normal
13.06,0.29,0.23,Normal
19.98,0.06,0.57,Fatigue_Dryness
37.71,0.24,0.43,Fatigue_Dryness
11.59,0.14,0.41,Fatigue_Dryness
34.82,0.28,0,Fatigue_Dryness
34.54,0.24,0.12,Fatigue_Dryness
17.72,0.48,0.49,Fatigue_Dryness
16.11,0.36,0.02,Normal
12.96,0.28,0.27,Normal
17.95,0.22,0.04,Normal
7.25,0.45,0.06,Fatigue_Dryness
17.89,0.25,0.59,Fatigue_Dryness
30.48,0.29,0.39,Fatigue_Dryness
13.61,0.26,0.45,Fatigue_Dryness
16.57,0.2,0.41,Fatigue_Dryness
4.89,0.25,0.22,Fatigue_Dryness
21.49,0.02,0.11,Fatigue_Dryness
20.62,0.06,0.17,Fatigue_Dryness
19.01,0.29,0.21,Normal
16.77,0.44,0.61,Fatigue_Dryness
16.16,0.29,0,Normal
22.52,0.16,0.14,Normal
18.27,0.08,0.07,Fatigue_Dryness
21.02,0.34,0.46,Fatigue_Dryness
20.22,0.18,0.62,Fatigue_Dryness
27.49,0.33,0.31,Normal
23.92,0.3,0.33,Normal
20.04,0.31,0.27,Normal
30.65,0.25,0.34,Fatigue_Dryness
21.86,0.3,0.41,Fatigue_Dryness
28.94,0.24,0.34,Normal
23.36,0.17,0.35,Normal
3.76,0.13,0.41,Fatigue_Dryness
28.94,0.01,0,Fatigue_Dryness
19.58,0.23,0.25,Normal
18.08,0.43,0.31,Fatigue_Dryness
20.75,0.34,0.33,Normal
15.74,0.28,0.22,Normal
20.32,0.16,0.28,Normal
13.76,0.37,0.11,Normal
28.69,0.24,0,Normal
17.59,0.44,0.45,Fatigue_Dryness
15.44,0.13,0.02,Normal
11.1,0.16,0.22,Normal
20.65,0.15,0.1,Normal
20,0.07,0.57,Fatigue_Dryness
21.61,0.14,0.23,Normal
10.28,0.26,0.19,Normal
5.69,0.17,0.4,Fatigue_Dryness
23.5,0.01,0.68,Fatigue_Dryness
30.38,0.38,0.33,Fatigue_Dryness
10.29,0.05,0.18,Fatigue_Dryness
31.22,0.32,0.39,Fatigue_Dryness
20.77,0.25,0,Normal
18.44,0.5,0.26,Fatigue_Dryness
15.32,0.37,0.65,Fatigue_Dryness
7.42,0.19,0.28,Normal
26.4,0.17,0.27,Normal
12.3,0.43,0.25,Fatigue_Dryness
12.26,0.07,0.17,Fatigue_Dryness
26.44,0.27,0.31,Normal
3.44,0.23,0.41,Fatigue_Dryness
6.31,0.21,0.18,Fatigue_Dryness
18.35,0.29,0,Normal
20.85,0.27,0.34,Normal
22.38,0.31,0.68,Fatigue_Dryness
16.09,0.27,0.18,Normal
38.74,0.3,0,Fatigue_Dryness
16.68,0.26,0.39,Normal
16.65,0.17,0.6,Fatigue_Dryness
12.12,0.25,0.36,Normal
19.49,0.16,0.6,Fatigue_Dryness
23.42,0.16,0.41,Fatigue_Dryness
28.13,0.21,0.39,Normal
6.59,0.24,0.15,Fatigue_Dryness
16.53,0.25,0.31,Normal
22.07,0.36,0.24,Normal
23.2,0.19,0.24,Normal
18.55,0.27,0.2,Normal
22.84,0.26,0.3,Normal
12.03,0.18,0,Normal
30.96,0.26,0.41,Fatigue_Dryness
26.44,0.37,0.07,Normal
7.74,0.27,0.2,Normal
9.9,0.28,0.32,Normal
10.12,0.17,0.07,Normal
23.92,0.49,0,Fatigue_Dryness
8.22,0.17,0.17,Normal
15.85,0.05,0,Fatigue_Dryness
22.14,0.35,0.39,Normal
17.97,0.24,0.02,Normal
20.57,0.21,0.55,Fatigue_Dryness
9.97,0.19,0.25,Normal
23.26,0.48,0.26,Fatigue_Dryness
13.59,0.29,0,Normal
15.9,0.32,0.28,Normal
20.4,0.27,0.23,Normal
19.32,0.28,0,Normal
18.69,0.42,0.27,Fatigue_Dryness
12.49,0.22,0.17,Normal
16.1,0.08,0.21,Fatigue_Dryness
18.52,0.35,0.26,Normal
7.5,0.31,0.16,Normal
14.8,0.26,0.3,Normal
21.6,0.31,0.23,Normal
8.28,0.21,0.35,Normal
27.75,0.25,0.14,Normal
28.66,0.23,0.04,Normal
8.54,0.18,0.11,Normal
29.36,0.39,0.54,Fatigue_Dryness
17.35,0.08,0.44,Fatigue_Dryness
21.85,0.53,0.49,Fatigue_Dryness
14.53,0.36,0.51,Fatigue_Dryness
25.88,0.04,0.16,Fatigue_Dryness
21.75,0.22,0.31,Normal
11.99,0.23,0.27,Normal
9.18,0.3,0.38,Normal
6.82,0.13,0.19,Fatigue_Dryness
20,0.25,0.27,Normal
23.08,0.24,0.26,Normal
23.71,0.16,0.36,Normal
17.56,0.15,0.38,Normal
9.24,0.36,0.27,Normal
13.04,0.05,0.28,Fatigue_Dryness
27.72,0.31,0.3,Normal
14.62,0.35,0.58,Fatigue_Dryness
19.65,0.22,0,Normal
9.89,0.26,0.06,Normal
21.19,0.39,0.39,Normal
14.84,0.17,0.3,Normal
26.87,0.18,0.3,Normal
24.69,0.19,0.38,Normal
14.53,0.39,0.29,Normal
17.49,0.41,0.14,Fatigue_Dryness
14.09,0.08,0.38,Fatigue_Dryness
7.14,0.37,0.25,Normal
11.64,0.35,0.16,Normal
20.09,0.44,0.39,Fatigue_Dryness
21.1,0.3,0.38,Normal
19.69,0.25,0.29,Normal
16.09,0.39,0.59,Fatigue_Dryness
25.96,0.33,0.52,Fatigue_Dryness
19.01,0.52,0.45,Fatigue_Dryness
24.13,0.37,0.76,Fatigue_Dryness
4.31,0.27,0.22,Fatigue_Dryness
1,0.11,0.16,Fatigue_Dryness
20.77,0.18,0.42,Fatigue_Dryness
7.1,0.08,0.2,Fatigue_Dryness
16.8,0.22,0.25,Normal
16.08,0.36,0.05,Normal
31.2,0.25,0.37,Fatigue_Dryness
21.7,0.37,0,Normal
19.83,0.29,0.23,Normal
25.2,0.2,0.25,Normal
21.45,0.26,0.16,Normal
14.84,0.31,0,Normal
27.07,0.27,0,Normal
9.62,0.27,0.1,Normal
21.09,0.16,0.36,Normal
6.12,0.2,0.31,Fatigue_Dryness
20.13,0.52,0.25,Fatigue_Dryness
20.04,0.4,0.07,Normal
31.91,0.07,0.32,Fatigue_Dryness
5.98,0.01,0,Fatigue_Dryness
13.69,0.26,0,Normal
25.08,0.36,0.2,Normal
21.18,0.19,0.14,Normal
19.94,0.37,0.45,Fatigue_Dryness
10.85,0.26,0.28,Normal
13.77,0.23,0.58,Fatigue_Dryness
28.46,0.34,0.14,Normal
18.09,0.19,0.35,Normal
21.5,0.22,0.2,Normal
17.58,0.33,0.53,Fatigue_Dryness
9.04,0.25,0.21,Normal
25.97,0.48,0.42,Fatigue_Dryness
22.53,0.33,0.03,Normal
36.95,0.33,0.17,Fatigue_Dryness
10.38,0.24,0.23,Normal
25.08,0.36,0.5,Fatigue_Dryness
8.01,0.21,0,Normal
19.76,0.28,0.18,Normal
26.31,0.14,0.18,Normal
1.92,0.38,0,Fatigue_Dryness
16.86,0.29,0.16,Normal
13.99,0.49,0,Fatigue_Dryness
12.88,0.54,0,Fatigue_Dryness
21.58,0.34,0.2,Normal
27.47,0.26,0.19,Normal
17.43,0.14,0.2,Normal
20.14,0.36,0.3,Normal
19.41,0.28,0.07,Normal
18.51,0.32,0.61,Fatigue_Dryness
9.79,0.46,0.24,Fatigue_Dryness
27.37,0.15,0.51,Fatigue_Dryness
20.86,0.14,0,Normal
21.66,0.22,0.08,Normal
12.05,0.35,0.39,Normal
14.83,0.32,0.21,Normal
17.09,0.14,0.04,Normal
6.23,0.34,0,Fatigue_Dryness
5,0.11,0.4,Fatigue_Dryness
13.69,0.15,0.38,Normal
22.68,0.24,0.3,Normal
13.27,0.18,0.15,Normal
10.35,0.36,0.03,Normal
11.98,0.28,0.24,Normal
14.86,0.46,0,Fatigue_Dryness
15.67,0.22,0.1,Normal
35.82,0.24,0.5,Fatigue_Dryness
26.94,0.4,0,Normal
26.7,0.24,0.39,Normal
27.85,0.43,0.55,Fatigue_Dryness
10.51,0.32,0.41,Fatigue_Dryness
8.72,0.01,0.33,Fatigue_Dryness
9.65,0.39,0.16,Normal
29.18,0.36,0.12,Normal
14.12,0.36,0,Normal
8.49,0.02,0.26,Fatigue_Dryness
15.05,0.17,0.17,Normal
16.59,0.18,0.11,Normal
20.65,0.15,0.25,Normal
20.51,0.46,0.26,Fatigue_Dryness
11.87,0.25,0.12,Normal
23.99,0.25,0.57,Fatigue_Dryness
13.39,0.32,0.4,Normal
17.25,0.32,0.43,Fatigue_Dryness
23.99,0.01,0.23,Fatigue_Dryness
13.37,0.17,0.35,Normal
13.95,0.08,0.07,Fatigue_Dryness
23.23,0.3,0.38,Normal
11.64,0.22,0.21,Normal
15.42,0.25,0.05,Normal
22.95,0.01,0.25,Fatigue_Dryness
34.93,0.21,0.19,Fatigue_Dryness
23.34,0.38,0.72,Fatigue_Dryness
22.28,0.42,0.34,Fatigue_Dryness
22.75,0.34,0.57,Fatigue_Dryness
9.91,0.09,0.48,Fatigue_Dryness
19.42,0.4,0.26,Fatigue_Dryness
18.26,0.34,0.16,Normal
21.07,0.24,0,Normal
19.43,0.01,0.08,Fatigue_Dryness
21.54,0.36,0.38,Normal
16.01,0.18,0.19,Normal
18.97,0.29,0.33,Normal
8.68,0.26,0,Normal
15.94,0.44,0.34,Fatigue_Dryness
29.63,0.24,0.47,Fatigue_Dryness
21.05,0.25,0,Normal
18.33,0.44,0.32,Fatigue_Dryness
33.67,0.17,0.52,Fatigue_Dryness
7.61,0.35,0.59,Fatigue_Dryness
9.62,0.23,0.15,Normal
32.2,0.13,0.41,Fatigue_Dryness
18.87,0.25,0.54,Fatigue_Dryness
16.56,0.33,0.33,Normal
8.91,0.41,0.51,Fatigue_Dryness
22.08,0.43,0.24,Fatigue_Dryness
22.86,0.22,0.33,Normal
9.74,0.13,0.13,Normal
17.38,0.21,0.22,Normal
15.82,0.11,0.34,Normal
20.55,0.22,0.11,Normal
9.55,0.21,0.21,Normal
28.52,0.34,0.4,Fatigue_Dryness
25.83,0.01,0.66,Fatigue_Dryness
15.59,0.16,0,Normal
16.77,0.16,0.65,Fatigue_Dryness
17.41,0.39,0.2,Normal
12.27,0.12,0.44,Fatigue_Dryness
14.95,0.28,0.48,Fatigue_Dryness
16.34,0.24,0.56,Fatigue_Dryness
31.4,0.38,0.1,Fatigue_Dryness
26.07,0.32,0.21,Normal
25.98,0.27,0.24,Normal
21.46,0.18,0.18,Normal
9.56,0.03,0.51,Fatigue_Dryness
18.17,0.28,0.24,Normal
26.26,0.31,0,Normal
8.43,0.06,0.12,Fatigue_Dryness
23.59,0.1,0,Normal
37.08,0.28,0.2,Fatigue_Dryness
26.99,0.29,0.39,Normal
29.81,0.13,0.12,Normal
20.25,0.18,0.17,Normal
26.24,0.03,0.2,Fatigue_Dryness
12.76,0.42,0.28,Fatigue_Dryness
24.87,0.09,0.35,Fatigue_Dryness
23.74,0.32,0.41,Fatigue_Dryness
20.82,0.25,0.7,Fatigue_Dryness
29.03,0.41,0.28,Fatigue_Dryness
14.19,0.16,0.4,Normal
17,0.26,0,Normal
19.26,0.05,0.17,Fatigue_Dryness
10.26,0.02,0.2,Fatigue_Dryness
20.32,0.32,0.05,Normal
4.75,0.04,0.14,Fatigue_Dryness
26.88,0.22,0.23,Normal
18.87,0.37,0.15,Normal
14.33,0.34,0.77,Fatigue_Dryness
11.83,0.17,0.35,Normal
16.62,0.06,0.65,Fatigue_Dryness
24.01,0.31,0.55,Fatigue_Dryness
22.88,0.41,0.12,Fatigue_Dryness
12.86,0.17,0.26,Normal
11.73,0.15,0.16,Normal
23.76,0.19,0.22,Normal
12.72,0.32,0.06,Normal
18.98,0.4,0.16,Normal
19.49,0.1,0.32,Normal
21,0.07,0.32,Fatigue_Dryness
25.37,0.53,0.3,Fatigue_Dryness
8.4,0.23,0.24,Normal
3.21,0.28,0.42,Fatigue_Dryness
13.96,0.17,0.2,Normal
32.91,0.31,0.53,Fatigue_Dryness
34.68,0.37,0,Fatigue_Dryness
33.15,0.29,0.38,Fatigue_Dryness
16.96,0.46,0.35,Fatigue_Dryness
4.24,0.21,0.12,Fatigue_Dryness
1,0.22,0.18,Fatigue_Dryness
13.59,0.28,0.34,Normal
16.92,0.31,0.43,Fatigue_Dryness
28.91,0.28,0,Normal
25.44,0.1,0.38,Fatigue_Dryness
20.32,0.29,0.16,Normal
11.38,0.21,0.48,Fatigue_Dryness
10.81,0.18,0,Normal
20.53,0.25,0.74,Fatigue_Dryness
24.08,0.14,0.07,Normal
21.64,0.11,0.54,Fatigue_Dryness
10.22,0.01,0.24,Fatigue_Dryness
23.71,0.46,0.09,Fatigue_Dryness
21.91,0.32,0.3,Normal
9.93,0.24,0.46,Fatigue_Dryness
12.23,0.17,0,Normal
24.01,0.01,0.39,Fatigue_Dryness
16.62,0.16,0.25,Normal
31.21,0.34,0.37,Fatigue_Dryness
22.51,0.36,0.25,Normal
14.61,0.33,0.14,Normal
18.42,0.27,0.03,Normal
19.01,0.41,0.39,Fatigue_Dryness
12.67,0.21,0.38,Normal
11.2,0.38,0.38,Normal
24.11,0.2,0.34,Normal
25.26,0.14,0.44,Fatigue_Dryness
23.33,0.13,0.53,Fatigue_Dryness
30.62,0.12,0,Fatigue_Dryness
14.17,0.33,0,Normal
31.89,0.16,0.59,Fatigue_Dryness
11.29,0.13,0,Normal
10.4,0.34,0.03,Normal
4.42,0.29,0.19,Fatigue_Dryness
14.93,0.37,0,Normal
14.47,0.31,0.17,Normal
22.71,0.16,0.06,Normal
20.45,0.26,0.2,Normal
8.96,0.27,0.31,Normal
15.36,0.14,0.18,Normal
15.53,0.12,0.17,Normal
4.29,0.17,0.3,Fatigue_Dryness
10.65,0.49,0.46,Fatigue_Dryness
12.33,0.2,0.57,Fatigue_Dryness
29.97,0.4,0.21,Normal
20.03,0.19,0.62,Fatigue_Dryness
23.8,0.36,0.43,Fatigue_Dryness
6.51,0.36,0,Fatigue_Dryness
28.05,0.36,0,Normal
28.91,0.3,0.14,Normal
2.51,0.42,0.54,Fatigue_Dryness
12.86,0.3,0.15,Normal
22.47,0.46,0,Fatigue_Dryness
23.66,0.06,0.2,Fatigue_Dryness
